sequence_key,sequence_original,is_standard_aa_sequence,sequence_length,database,source_file,source_row,source_id,source_name,evidence_group,activity_binary_label,activity_continuous_value_raw,activity_unit_raw,activity_comparator_raw,activity_metric_raw,activity_class_for_combo,hemolysis_binary_label,hemolysis_continuous_value_raw,hemolysis_unit_raw,hemolysis_comparator_raw,hemolysis_metric_raw,hemolysis_class_for_combo,target,organism,assay,reference,raw_fields_json
GLPVCGETCVGGTCNTPGCTCSWPVCTRN,GLPVCGETCVGGTCNTPGCTCSWPVCTRN,yes,29,CyBase,CyBase\Cyclotide.fa,1,kalata_B1,kalata_B1,unclassified,unknown,,,,,unknown,unknown,,,,,unknown,cyclotide,,,,"{""header"": ""kalata_B1"", ""sequence"": ""GLPVCGETCVGGTCNTPGCTCSWPVCTRN""}"
GIPCAESCVYIPCTVTALLGCSCSNRVCYN,GIPCAESCVYIPCTVTALLGCSCSNRVCYN,yes,30,CyBase,CyBase\Cyclotide.fa,2,cycloviolacin_O1,cycloviolacin_O1,unclassified,unknown,,,,,unknown,unknown,,,,,unknown,cyclotide,,,,"{""header"": ""cycloviolacin_O1"", ""sequence"": ""GIPCAESCVYIPCTVTALLGCSCSNRVCYN""}"
GLPVCGETCFGGTCNTPGCSCTWPICTRD,GLPVCGETCFGGTCNTPGCSCTWPICTRD,yes,29,CyBase,CyBase\Cyclotide.fa,3,kalata_B2,kalata_B2,unclassified,unknown,,,,,unknown,unknown,,,,,unknown,cyclotide,,,,"{""header"": ""kalata_B2"", ""sequence"": ""GLPVCGETCFGGTCNTPGCSCTWPICTRD""}"
GDPTFCGETCRVIPVCTYSAALGCTCDDRSDGLCKRN,GDPTFCGETCRVIPVCTYSAALGCTCDDRSDGLCKRN,yes,37,CyBase,CyBase\Cyclotide.fa,4,palicourein,palicourein,unclassified,unknown,,,,,unknown,unknown,,,,,unknown,cyclotide,,,,"{""header"": ""palicourein"", ""sequence"": ""GDPTFCGETCRVIPVCTYSAALGCTCDDRSDGLCKRN""}"
GIPCAESCVWIPCTVTALLGCSCSNKVCYN,GIPCAESCVWIPCTVTALLGCSCSNKVCYN,yes,30,CyBase,CyBase\Cyclotide.fa,5,vhr1,vhr1,unclassified,unknown,,,,,unknown,unknown,,,,,unknown,cyclotide,,,,"{""header"": ""vhr1"", ""sequence"": ""GIPCAESCVWIPCTVTALLGCSCSNKVCYN""}"
GGTIFDCGESCFLGTCYTKGCSCGEWKLCYGTN,GGTIFDCGESCFLGTCYTKGCSCGEWKLCYGTN,yes,33,CyBase,CyBase\Cyclotide.fa,6,tricyclon_A,tricyclon_A,unclassified,unknown,,,,,unknown,unknown,,,,,unknown,cyclotide,,,,"{""header"": ""tricyclon_A"", ""sequence"": ""GGTIFDCGESCFLGTCYTKGCSCGEWKLCYGTN""}"
GIPCGESCVWIPCISAALGCSCKNKVCYRN,GIPCGESCVWIPCISAALGCSCKNKVCYRN,yes,30,CyBase,CyBase\Cyclotide.fa,7,circulin_A,circulin_A,unclassified,unknown,,,,,unknown,unknown,,,,,unknown,cyclotide,,,,"{""header"": ""circulin_A"", ""sequence"": ""GIPCGESCVWIPCISAALGCSCKNKVCYRN""}"
GIPCGESCVWIPCISSAIGCSCKSKVCYRN,GIPCGESCVWIPCISSAIGCSCKSKVCYRN,yes,30,CyBase,CyBase\Cyclotide.fa,8,cycloviolacin_O2,cycloviolacin_O2,unclassified,unknown,,,,,unknown,unknown,,,,,unknown,cyclotide,,,,"{""header"": ""cycloviolacin_O2"", ""sequence"": ""GIPCGESCVWIPCISSAIGCSCKSKVCYRN""}"
GLPTCGETCFGGTCNTPGCSCSSWPICTRN,GLPTCGETCFGGTCNTPGCSCSSWPICTRN,yes,30,CyBase,CyBase\Cyclotide.fa,9,kalata_B6,kalata_B6,unclassified,unknown,,,,,unknown,unknown,,,,,unknown,cyclotide,,,,"{""header"": ""kalata_B6"", ""sequence"": ""GLPTCGETCFGGTCNTPGCSCSSWPICTRN""}"
GLPTCGETCFGGTCNTPGCTCDPWPICTRD,GLPTCGETCFGGTCNTPGCTCDPWPICTRD,yes,30,CyBase,CyBase\Cyclotide.fa,10,kalata_B3,kalata_B3,unclassified,unknown,,,,,unknown,unknown,,,,,unknown,cyclotide,,,,"{""header"": ""kalata_B3"", ""sequence"": ""GLPTCGETCFGGTCNTPGCTCDPWPICTRD""}"
GLPVCGETCTLGTCYTQGCTCSWPICKRN,GLPVCGETCTLGTCYTQGCTCSWPICKRN,yes,29,CyBase,CyBase\Cyclotide.fa,11,kalata_B7,kalata_B7,unclassified,unknown,,,,,unknown,unknown,,,,,unknown,cyclotide,,,,"{""header"": ""kalata_B7"", ""sequence"": ""GLPVCGETCTLGTCYTQGCTCSWPICKRN""}"
GTLPCGESCVWIPCISSVVGCSCKSKVCYKN,GTLPCGESCVWIPCISSVVGCSCKSKVCYKN,yes,31,CyBase,CyBase\Cyclotide.fa,12,cycloviolacin_O8,cycloviolacin_O8,unclassified,unknown,,,,,unknown,unknown,,,,,unknown,cyclotide,,,,"{""header"": ""cycloviolacin_O8"", ""sequence"": ""GTLPCGESCVWIPCISSVVGCSCKSKVCYKN""}"
GTLPCGESCVWIPCISAVVGCSCKSKVCYKN,GTLPCGESCVWIPCISAVVGCSCKSKVCYKN,yes,31,CyBase,CyBase\Cyclotide.fa,13,cycloviolacin_O11,cycloviolacin_O11,unclassified,unknown,,,,,unknown,unknown,,,,,unknown,cyclotide,,,,"{""header"": ""cycloviolacin_O11"", ""sequence"": ""GTLPCGESCVWIPCISAVVGCSCKSKVCYKN""}"
GLPVCGETCVGGTCNTPGCTCSWPVCTRD,GLPVCGETCVGGTCNTPGCTCSWPVCTRD,yes,29,CyBase,CyBase\Cyclotide.fa,14,kalata_B4,kalata_B4,unclassified,unknown,,,,,unknown,unknown,,,,,unknown,cyclotide,,,,"{""header"": ""kalata_B4"", ""sequence"": ""GLPVCGETCVGGTCNTPGCTCSWPVCTRD""}"
GAPICGESCFTGKCYTVQCSCSWPVCTRN,GAPICGESCFTGKCYTVQCSCSWPVCTRN,yes,29,CyBase,CyBase\Cyclotide.fa,15,vodo_M,vodo_M,unclassified,unknown,,,,,unknown,unknown,,,,,unknown,cyclotide,,,,"{""header"": ""vodo_M"", ""sequence"": ""GAPICGESCFTGKCYTVQCSCSWPVCTRN""}"
SIPCGESCVFIPCTVTALLGCSCKSKVCYKN,SIPCGESCVFIPCTVTALLGCSCKSKVCYKN,yes,31,CyBase,CyBase\Cyclotide.fa,16,cyclopsychotride_A,cyclopsychotride_A,unclassified,unknown,,,,,unknown,unknown,,,,,unknown,cyclotide,,,,"{""header"": ""cyclopsychotride_A"", ""sequence"": ""SIPCGESCVFIPCTVTALLGCSCKSKVCYKN""}"
GIPCGESCVYIPCLTSAIGCSCKSKVCYRN,GIPCGESCVYIPCLTSAIGCSCKSKVCYRN,yes,30,CyBase,CyBase\Cyclotide.fa,17,cycloviolacin_H1,cycloviolacin_H1,unclassified,unknown,,,,,unknown,unknown,,,,,unknown,cyclotide,,,,"{""header"": ""cycloviolacin_H1"", ""sequence"": ""GIPCGESCVYIPCLTSAIGCSCKSKVCYRN""}"
GIPCGESCVWIPCLTSAVGCSCKSKVCYRN,GIPCGESCVWIPCLTSAVGCSCKSKVCYRN,yes,30,CyBase,CyBase\Cyclotide.fa,18,cycloviolacin_O9,cycloviolacin_O9,unclassified,unknown,,,,,unknown,unknown,,,,,unknown,cyclotide,,,,"{""header"": ""cycloviolacin_O9"", ""sequence"": ""GIPCGESCVWIPCLTSAVGCSCKSKVCYRN""}"
GSIPCAESCVYIPCFTGIAGCSCKNKVCYYN,GSIPCAESCVYIPCFTGIAGCSCKNKVCYYN,yes,31,CyBase,CyBase\Cyclotide.fa,19,vico_A,vico_A,unclassified,unknown,,,,,unknown,unknown,,,,,unknown,cyclotide,,,,"{""header"": ""vico_A"", ""sequence"": ""GSIPCAESCVYIPCFTGIAGCSCKNKVCYYN""}"
GIPCGESCVWIPCITSAIGCSCKSKVCYRN,GIPCGESCVWIPCITSAIGCSCKSKVCYRN,yes,30,CyBase,CyBase\Cyclotide.fa,20,vitri_A,vitri_A,unclassified,unknown,,,,,unknown,unknown,,,,,unknown,cyclotide,,,,"{""header"": ""vitri_A"", ""sequence"": ""GIPCGESCVWIPCITSAIGCSCKSKVCYRN""}"
GLPVCGETCVGGTCNTPGCSCSWPVCTRN,GLPVCGETCVGGTCNTPGCSCSWPVCTRN,yes,29,CyBase,CyBase\Cyclotide.fa,21,kalata_S,kalata_S,unclassified,unknown,,,,,unknown,unknown,,,,,unknown,cyclotide,,,,"{""header"": ""kalata_S"", ""sequence"": ""GLPVCGETCVGGTCNTPGCSCSWPVCTRN""}"
GLPICGETCVGGTCNTPGCSCSWPVCTRN,GLPICGETCVGGTCNTPGCSCSWPVCTRN,yes,29,CyBase,CyBase\Cyclotide.fa,22,cycloviolacin_O12,cycloviolacin_O12,unclassified,unknown,,,,,unknown,unknown,,,,,unknown,cyclotide,,,,"{""header"": ""cycloviolacin_O12"", ""sequence"": ""GLPICGETCVGGTCNTPGCSCSWPVCTRN""}"
GLPVCGETCTLGKCYTAGCSCSWPVCYRN,GLPVCGETCTLGKCYTAGCSCSWPVCYRN,yes,29,CyBase,CyBase\Cyclotide.fa,23,vodo_N,vodo_N,unclassified,unknown,,,,,unknown,unknown,,,,,unknown,cyclotide,,,,"{""header"": ""vodo_N"", ""sequence"": ""GLPVCGETCTLGKCYTAGCSCSWPVCYRN""}"
GSIPCAESCVYIPCITGIAGCSCKNKVCYYN,GSIPCAESCVYIPCITGIAGCSCKNKVCYYN,yes,31,CyBase,CyBase\Cyclotide.fa,24,vico_B,vico_B,unclassified,unknown,,,,,unknown,unknown,,,,,unknown,cyclotide,,,,"{""header"": ""vico_B"", ""sequence"": ""GSIPCAESCVYIPCITGIAGCSCKNKVCYYN""}"
GIPCAESCVYIPCTITALLGCSCKNKVCYN,GIPCAESCVYIPCTITALLGCSCKNKVCYN,yes,30,CyBase,CyBase\Cyclotide.fa,25,Hypa_A,Hypa_A,unclassified,unknown,,,,,unknown,unknown,,,,,unknown,cyclotide,,,,"{""header"": ""Hypa_A"", ""sequence"": ""GIPCAESCVYIPCTITALLGCSCKNKVCYN""}"
GVIPCGESCVFIPCISTLLGCSCKNKVCYRN,GVIPCGESCVFIPCISTLLGCSCKNKVCYRN,yes,31,CyBase,CyBase\Cyclotide.fa,26,circulin_B,circulin_B,unclassified,unknown,,,,,unknown,unknown,,,,,unknown,cyclotide,,,,"{""header"": ""circulin_B"", ""sequence"": ""GVIPCGESCVFIPCISTLLGCSCKNKVCYRN""}"
GIPCGESCVFIPCITSVAGCSCKSKVCYRN,GIPCGESCVFIPCITSVAGCSCKSKVCYRN,yes,30,CyBase,CyBase\Cyclotide.fa,27,circulin_C,circulin_C,unclassified,unknown,,,,,unknown,unknown,,,,,unknown,cyclotide,,,,"{""header"": ""circulin_C"", ""sequence"": ""GIPCGESCVFIPCITSVAGCSCKSKVCYRN""}"
KIPCGESCVWIPCVTSIFNCKCENKVCYHD,KIPCGESCVWIPCVTSIFNCKCENKVCYHD,yes,30,CyBase,CyBase\Cyclotide.fa,28,circulin_D,circulin_D,unclassified,unknown,,,,,unknown,unknown,,,,,unknown,cyclotide,,,,"{""header"": ""circulin_D"", ""sequence"": ""KIPCGESCVWIPCVTSIFNCKCENKVCYHD""}"
KIPCGESCVWIPCLTSVFNCKCENKVCYHD,KIPCGESCVWIPCLTSVFNCKCENKVCYHD,yes,30,CyBase,CyBase\Cyclotide.fa,29,circulin_E,circulin_E,unclassified,unknown,,,,,unknown,unknown,,,,,unknown,cyclotide,,,,"{""header"": ""circulin_E"", ""sequence"": ""KIPCGESCVWIPCLTSVFNCKCENKVCYHD""}"
AIPCGESCVWIPCISAAIGCSCKNKVCYR,AIPCGESCVWIPCISAAIGCSCKNKVCYR,yes,29,CyBase,CyBase\Cyclotide.fa,30,circulin_F,circulin_F,unclassified,unknown,,,,,unknown,unknown,,,,,unknown,cyclotide,,,,"{""header"": ""circulin_F"", ""sequence"": ""AIPCGESCVWIPCISAAIGCSCKNKVCYR""}"
GIPCGESCVWIPCISSAIGCSCKNKVCYRN,GIPCGESCVWIPCISSAIGCSCKNKVCYRN,yes,30,CyBase,CyBase\Cyclotide.fa,31,cycloviolacin_O4,cycloviolacin_O4,unclassified,unknown,,,,,unknown,unknown,,,,,unknown,cyclotide,,,,"{""header"": ""cycloviolacin_O4"", ""sequence"": ""GIPCGESCVWIPCISSAIGCSCKNKVCYRN""}"
GIPCGESCVWIPCLTSAIGCSCKSKVCYRN,GIPCGESCVWIPCLTSAIGCSCKSKVCYRN,yes,30,CyBase,CyBase\Cyclotide.fa,32,cycloviolacin_O3,cycloviolacin_O3,unclassified,unknown,,,,,unknown,unknown,,,,,unknown,cyclotide,,,,"{""header"": ""cycloviolacin_O3"", ""sequence"": ""GIPCGESCVWIPCLTSAIGCSCKSKVCYRN""}"
GTPCGESCVWIPCISSAVGCSCKNKVCYKN,GTPCGESCVWIPCISSAVGCSCKNKVCYKN,yes,30,CyBase,CyBase\Cyclotide.fa,33,cycloviolacin_O5,cycloviolacin_O5,unclassified,unknown,,,,,unknown,unknown,,,,,unknown,cyclotide,,,,"{""header"": ""cycloviolacin_O5"", ""sequence"": ""GTPCGESCVWIPCISSAVGCSCKNKVCYKN""}"
GTLPCGESCVWIPCISAAVGCSCKSKVCYKN,GTLPCGESCVWIPCISAAVGCSCKSKVCYKN,yes,31,CyBase,CyBase\Cyclotide.fa,34,cycloviolacin_O6,cycloviolacin_O6,unclassified,unknown,,,,,unknown,unknown,,,,,unknown,cyclotide,,,,"{""header"": ""cycloviolacin_O6"", ""sequence"": ""GTLPCGESCVWIPCISAAVGCSCKSKVCYKN""}"
SIPCGESCVWIPCTITALAGCKCKSKVCYN,SIPCGESCVWIPCTITALAGCKCKSKVCYN,yes,30,CyBase,CyBase\Cyclotide.fa,35,cycloviolacin_O7,cycloviolacin_O7,unclassified,unknown,,,,,unknown,unknown,,,,,unknown,cyclotide,,,,"{""header"": ""cycloviolacin_O7"", ""sequence"": ""SIPCGESCVWIPCTITALAGCKCKSKVCYN""}"
GIPCGESCVYIPCLTSAVGCSCKSKVCYRN,GIPCGESCVYIPCLTSAVGCSCKSKVCYRN,yes,30,CyBase,CyBase\Cyclotide.fa,36,cycloviolacin_O10,cycloviolacin_O10,unclassified,unknown,,,,,unknown,unknown,,,,,unknown,cyclotide,,,,"{""header"": ""cycloviolacin_O10"", ""sequence"": ""GIPCGESCVYIPCLTSAVGCSCKSKVCYRN""}"
GTPCGESCVYIPCISGVIGCSCTDKVCYLN,GTPCGESCVYIPCISGVIGCSCTDKVCYLN,yes,30,CyBase,CyBase\Cyclotide.fa,37,kalata_B5,kalata_B5,unclassified,unknown,,,,,unknown,unknown,,,,,unknown,cyclotide,,,,"{""header"": ""kalata_B5"", ""sequence"": ""GTPCGESCVYIPCISGVIGCSCTDKVCYLN""}"
GLPVCGETCFGGTCNTPGCSCDPWPMCSRN,GLPVCGETCFGGTCNTPGCSCDPWPMCSRN,yes,30,CyBase,CyBase\Cyclotide.fa,38,varv_peptide_B,varv_peptide_B,unclassified,unknown,,,,,unknown,unknown,,,,,unknown,cyclotide,,,,"{""header"": ""varv_peptide_B"", ""sequence"": ""GLPVCGETCFGGTCNTPGCSCDPWPMCSRN""}"
GVPICGETCVGGTCNTPGCSCSWPVCTRN,GVPICGETCVGGTCNTPGCSCSWPVCTRN,yes,29,CyBase,CyBase\Cyclotide.fa,39,varv_peptide_C,varv_peptide_C,unclassified,unknown,,,,,unknown,unknown,,,,,unknown,cyclotide,,,,"{""header"": ""varv_peptide_C"", ""sequence"": ""GVPICGETCVGGTCNTPGCSCSWPVCTRN""}"
GLPICGETCVGGSCNTPGCSCSWPVCTRN,GLPICGETCVGGSCNTPGCSCSWPVCTRN,yes,29,CyBase,CyBase\Cyclotide.fa,40,varv_peptide_D,varv_peptide_D,unclassified,unknown,,,,,unknown,unknown,,,,,unknown,cyclotide,,,,"{""header"": ""varv_peptide_D"", ""sequence"": ""GLPICGETCVGGSCNTPGCSCSWPVCTRN""}"
GVPICGETCTLGTCYTAGCSCSWPVCTRN,GVPICGETCTLGTCYTAGCSCSWPVCTRN,yes,29,CyBase,CyBase\Cyclotide.fa,41,varv_peptide_F,varv_peptide_F,unclassified,unknown,,,,,unknown,unknown,,,,,unknown,cyclotide,,,,"{""header"": ""varv_peptide_F"", ""sequence"": ""GVPICGETCTLGTCYTAGCSCSWPVCTRN""}"
GVPVCGETCFGGTCNTPGCSCDPWPVCSRN,GVPVCGETCFGGTCNTPGCSCDPWPVCSRN,yes,30,CyBase,CyBase\Cyclotide.fa,42,varv_peptide_G,varv_peptide_G,unclassified,unknown,,,,,unknown,unknown,,,,,unknown,cyclotide,,,,"{""header"": ""varv_peptide_G"", ""sequence"": ""GVPVCGETCFGGTCNTPGCSCDPWPVCSRN""}"
GLPVCGETCFGGTCNTPGCSCETWPVCSRN,GLPVCGETCFGGTCNTPGCSCETWPVCSRN,yes,30,CyBase,CyBase\Cyclotide.fa,43,varv_peptide_H,varv_peptide_H,unclassified,unknown,,,,,unknown,unknown,,,,,unknown,cyclotide,,,,"{""header"": ""varv_peptide_H"", ""sequence"": ""GLPVCGETCFGGTCNTPGCSCETWPVCSRN""}"
GVIPCGESCVFIPCISAAIGCSCKNKVCYRN,GVIPCGESCVFIPCISAAIGCSCKNKVCYRN,yes,31,CyBase,CyBase\Cyclotide.fa,44,cycloviolin_A,cycloviolin_A,unclassified,unknown,,,,,unknown,unknown,,,,,unknown,cyclotide,,,,"{""header"": ""cycloviolin_A"", ""sequence"": ""GVIPCGESCVFIPCISAAIGCSCKNKVCYRN""}"
GTACGESCYVLPCFTVGCTCTSSQCFKN,GTACGESCYVLPCFTVGCTCTSSQCFKN,yes,28,CyBase,CyBase\Cyclotide.fa,45,cycloviolin_B,cycloviolin_B,unclassified,unknown,,,,,unknown,unknown,,,,,unknown,cyclotide,,,,"{""header"": ""cycloviolin_B"", ""sequence"": ""GTACGESCYVLPCFTVGCTCTSSQCFKN""}"
GIPCGESCVFIPCLTTVAGCSCKNKVCYRN,GIPCGESCVFIPCLTTVAGCSCKNKVCYRN,yes,30,CyBase,CyBase\Cyclotide.fa,46,cycloviolin_C,cycloviolin_C,unclassified,unknown,,,,,unknown,unknown,,,,,unknown,cyclotide,,,,"{""header"": ""cycloviolin_C"", ""sequence"": ""GIPCGESCVFIPCLTTVAGCSCKNKVCYRN""}"
GFPCGESCVFIPCISAAIGCSCKNKVCYRN,GFPCGESCVFIPCISAAIGCSCKNKVCYRN,yes,30,CyBase,CyBase\Cyclotide.fa,47,cycloviolin_D,cycloviolin_D,unclassified,unknown,,,,,unknown,unknown,,,,,unknown,cyclotide,,,,"{""header"": ""cycloviolin_D"", ""sequence"": ""GFPCGESCVFIPCISAAIGCSCKNKVCYRN""}"
GLPVCGETCVGGTCNTPGCSCSRPVCTXN,GLPVCGETCVGGTCNTPGCSCSRPVCTXN,no,29,CyBase,CyBase\Cyclotide.fa,48,violapeptide_1,violapeptide_1,unclassified,unknown,,,,,unknown,unknown,,,,,unknown,cyclotide,,,,"{""header"": ""violapeptide_1"", ""sequence"": ""GLPVCGETCVGGTCNTPGCSCSRPVCTXN""}"
SISCGESCAMISFCFTEVIGCSCKNKVCYLN,SISCGESCAMISFCFTEVIGCSCKNKVCYLN,yes,31,CyBase,CyBase\Cyclotide.fa,49,vhl-1,vhl-1,unclassified,unknown,,,,,unknown,unknown,,,,,unknown,cyclotide,,,,"{""header"": ""vhl-1"", ""sequence"": ""SISCGESCAMISFCFTEVIGCSCKNKVCYLN""}"
GIPCGESCHYIPCVTSAIGCSCRNRSCMRN,GIPCGESCHYIPCVTSAIGCSCRNRSCMRN,yes,30,CyBase,CyBase\Cyclotide.fa,50,hcf-1,hcf-1,unclassified,unknown,,,,,unknown,unknown,,,,,unknown,cyclotide,,,,"{""header"": ""hcf-1"", ""sequence"": ""GIPCGESCHYIPCVTSAIGCSCRNRSCMRN""}"
GIPCGDSCHYIPCVTSTIGCSCTNGSCMRN,GIPCGDSCHYIPCVTSTIGCSCTNGSCMRN,yes,30,CyBase,CyBase\Cyclotide.fa,51,htf-1,htf-1,unclassified,unknown,,,,,unknown,unknown,,,,,unknown,cyclotide,,,,"{""header"": ""htf-1"", ""sequence"": ""GIPCGDSCHYIPCVTSTIGCSCTNGSCMRN""}"
GLPVCGETCFTGTCYTNGCTCDPWPVCTRN,GLPVCGETCFTGTCYTNGCTCDPWPVCTRN,yes,30,CyBase,CyBase\Cyclotide.fa,52,vhl-2,vhl-2,unclassified,unknown,,,,,unknown,unknown,,,,,unknown,cyclotide,,,,"{""header"": ""vhl-2"", ""sequence"": ""GLPVCGETCFTGTCYTNGCTCDPWPVCTRN""}"
GLPVCGETCFGGTCNTPGCICDPWPVCTRN,GLPVCGETCFGGTCNTPGCICDPWPVCTRN,yes,30,CyBase,CyBase\Cyclotide.fa,53,cycloviolacin_H3,cycloviolacin_H3,unclassified,unknown,,,,,unknown,unknown,,,,,unknown,cyclotide,,,,"{""header"": ""cycloviolacin_H3"", ""sequence"": ""GLPVCGETCFGGTCNTPGCICDPWPVCTRN""}"
SAIACGESCVYIPCFIPGCSCRNRVCYLN,SAIACGESCVYIPCFIPGCSCRNRVCYLN,yes,29,CyBase,CyBase\Cyclotide.fa,54,cycloviolacin_H2,cycloviolacin_H2,unclassified,unknown,,,,,unknown,unknown,,,,,unknown,cyclotide,,,,"{""header"": ""cycloviolacin_H2"", ""sequence"": ""SAIACGESCVYIPCFIPGCSCRNRVCYLN""}"
SISCGESCVYIPCTVTALVGCTCKDKVCYLN,SISCGESCVYIPCTVTALVGCTCKDKVCYLN,yes,31,CyBase,CyBase\Cyclotide.fa,55,Hyfl_A,Hyfl_A,unclassified,unknown,,,,,unknown,unknown,,,,,unknown,cyclotide,,,,"{""header"": ""Hyfl_A"", ""sequence"": ""SISCGESCVYIPCTVTALVGCTCKDKVCYLN""}"
GSPIQCAETCFIGKCYTEELGCTCTAFLCMKN,GSPIQCAETCFIGKCYTEELGCTCTAFLCMKN,yes,32,CyBase,CyBase\Cyclotide.fa,56,Hyfl_B,Hyfl_B,unclassified,unknown,,,,,unknown,unknown,,,,,unknown,cyclotide,,,,"{""header"": ""Hyfl_B"", ""sequence"": ""GSPIQCAETCFIGKCYTEELGCTCTAFLCMKN""}"
GSPRQCAETCFIGKCYTEELGCTCTAFLCMKN,GSPRQCAETCFIGKCYTEELGCTCTAFLCMKN,yes,32,CyBase,CyBase\Cyclotide.fa,57,Hyfl_C,Hyfl_C,unclassified,unknown,,,,,unknown,unknown,,,,,unknown,cyclotide,,,,"{""header"": ""Hyfl_C"", ""sequence"": ""GSPRQCAETCFIGKCYTEELGCTCTAFLCMKN""}"
GSVPCGESCVYIPCFTGIAGCSCKSKVCYYN,GSVPCGESCVYIPCFTGIAGCSCKSKVCYYN,yes,31,CyBase,CyBase\Cyclotide.fa,58,Hyfl_D,Hyfl_D,unclassified,unknown,,,,,unknown,unknown,,,,,unknown,cyclotide,,,,"{""header"": ""Hyfl_D"", ""sequence"": ""GSVPCGESCVYIPCFTGIAGCSCKSKVCYYN""}"
GEIPCGESCVYLPCFLPNCYCRNHVCYLN,GEIPCGESCVYLPCFLPNCYCRNHVCYLN,yes,29,CyBase,CyBase\Cyclotide.fa,59,Hyfl_E,Hyfl_E,unclassified,unknown,,,,,unknown,unknown,,,,,unknown,cyclotide,,,,"{""header"": ""Hyfl_E"", ""sequence"": ""GEIPCGESCVYLPCFLPNCYCRNHVCYLN""}"
SISCGETCTTFNCWIPNCKCNHHDKVCYWN,SISCGETCTTFNCWIPNCKCNHHDKVCYWN,yes,30,CyBase,CyBase\Cyclotide.fa,60,Hyfl_F,Hyfl_F,unclassified,unknown,,,,,unknown,unknown,,,,,unknown,cyclotide,,,,"{""header"": ""Hyfl_F"", ""sequence"": ""SISCGETCTTFNCWIPNCKCNHHDKVCYWN""}"
GIPCGESCVFIPCISGVIGCSCKSKVCYRN,GIPCGESCVFIPCISGVIGCSCKSKVCYRN,yes,30,CyBase,CyBase\Cyclotide.fa,61,Hyfl_I,Hyfl_I,unclassified,unknown,,,,,unknown,unknown,,,,,unknown,cyclotide,,,,"{""header"": ""Hyfl_I"", ""sequence"": ""GIPCGESCVFIPCISGVIGCSCKSKVCYRN""}"
GIACGESCAYFGCWIPGCSCRNKVCYFN,GIACGESCAYFGCWIPGCSCRNKVCYFN,yes,28,CyBase,CyBase\Cyclotide.fa,62,Hyfl_J,Hyfl_J,unclassified,unknown,,,,,unknown,unknown,,,,,unknown,cyclotide,,,,"{""header"": ""Hyfl_J"", ""sequence"": ""GIACGESCAYFGCWIPGCSCRNKVCYFN""}"
GTPCGESCVYIPCFTAVVGCTCKDKVCYLN,GTPCGESCVYIPCFTAVVGCTCKDKVCYLN,yes,30,CyBase,CyBase\Cyclotide.fa,63,Hyfl_K,Hyfl_K,unclassified,unknown,,,,,unknown,unknown,,,,,unknown,cyclotide,,,,"{""header"": ""Hyfl_K"", ""sequence"": ""GTPCGESCVYIPCFTAVVGCTCKDKVCYLN""}"
GTPCAESCVYLPCFTGVIGCTCKDKVCYLN,GTPCAESCVYLPCFTGVIGCTCKDKVCYLN,yes,30,CyBase,CyBase\Cyclotide.fa,64,Hyfl_L,Hyfl_L,unclassified,unknown,,,,,unknown,unknown,,,,,unknown,cyclotide,,,,"{""header"": ""Hyfl_L"", ""sequence"": ""GTPCAESCVYLPCFTGVIGCTCKDKVCYLN""}"
GNIPCGESCIFFPCFNPGCSCKDNLCYYN,GNIPCGESCIFFPCFNPGCSCKDNLCYYN,yes,29,CyBase,CyBase\Cyclotide.fa,65,Hyfl_M,Hyfl_M,unclassified,unknown,,,,,unknown,unknown,,,,,unknown,cyclotide,,,,"{""header"": ""Hyfl_M"", ""sequence"": ""GNIPCGESCIFFPCFNPGCSCKDNLCYYN""}"
GGTIFDCGESCFLGTCYTKGCSCGEWKLCYGEN,GGTIFDCGESCFLGTCYTKGCSCGEWKLCYGEN,yes,33,CyBase,CyBase\Cyclotide.fa,66,tricyclon_B,tricyclon_B,unclassified,unknown,,,,,unknown,unknown,,,,,unknown,cyclotide,,,,"{""header"": ""tricyclon_B"", ""sequence"": ""GGTIFDCGESCFLGTCYTKGCSCGEWKLCYGEN""}"
GSVLNCGETCLLGTCYTTGCTCNKYRVCTKD,GSVLNCGETCLLGTCYTTGCTCNKYRVCTKD,yes,31,CyBase,CyBase\Cyclotide.fa,67,kalata_B8,kalata_B8,unclassified,unknown,,,,,unknown,unknown,,,,,unknown,cyclotide,,,,"{""header"": ""kalata_B8"", ""sequence"": ""GSVLNCGETCLLGTCYTTGCTCNKYRVCTKD""}"
GIPCAESCVWIPCTVTALLGCSCSNNVCYN,GIPCAESCVWIPCTVTALLGCSCSNNVCYN,yes,30,CyBase,CyBase\Cyclotide.fa,68,cycloviolacin_H4,cycloviolacin_H4,unclassified,unknown,,,,,unknown,unknown,,,,,unknown,cyclotide,,,,"{""header"": ""cycloviolacin_H4"", ""sequence"": ""GIPCAESCVWIPCTVTALLGCSCSNNVCYN""}"
GIPCGESCVWIPCISAAIGCSCKSKVCYRN,GIPCGESCVWIPCISAAIGCSCKSKVCYRN,yes,30,CyBase,CyBase\Cyclotide.fa,69,cycloviolacin_O13,cycloviolacin_O13,unclassified,unknown,,,,,unknown,unknown,,,,,unknown,cyclotide,,,,"{""header"": ""cycloviolacin_O13"", ""sequence"": ""GIPCGESCVWIPCISAAIGCSCKSKVCYRN""}"
SAISCGETCFKFKCYTPRCSCSYPVCK,SAISCGETCFKFKCYTPRCSCSYPVCK,yes,27,CyBase,CyBase\Cyclotide.fa,70,violacin_A,violacin_A,unclassified,unknown,,,,,unknown,unknown,,,,,unknown,cyclotide,,,,"{""header"": ""violacin_A"", ""sequence"": ""SAISCGETCFKFKCYTPRCSCSYPVCK""}"
GSIPACGESCFKGKCYTPGCSCSKYPLCAKN,GSIPACGESCFKGKCYTPGCSCSKYPLCAKN,yes,31,CyBase,CyBase\Cyclotide.fa,71,cycloviolacin_O14,cycloviolacin_O14,unclassified,unknown,,,,,unknown,unknown,,,,,unknown,cyclotide,,,,"{""header"": ""cycloviolacin_O14"", ""sequence"": ""GSIPACGESCFKGKCYTPGCSCSKYPLCAKN""}"
GLVPCGETCFTGKCYTPGCSCSYPICKKN,GLVPCGETCFTGKCYTPGCSCSYPICKKN,yes,29,CyBase,CyBase\Cyclotide.fa,72,cycloviolacin_O15,cycloviolacin_O15,unclassified,unknown,,,,,unknown,unknown,,,,,unknown,cyclotide,,,,"{""header"": ""cycloviolacin_O15"", ""sequence"": ""GLVPCGETCFTGKCYTPGCSCSYPICKKN""}"
GLPCGETCFTGKCYTPGCSCSYPICKKIN,GLPCGETCFTGKCYTPGCSCSYPICKKIN,yes,29,CyBase,CyBase\Cyclotide.fa,73,cycloviolacin_O16,cycloviolacin_O16,unclassified,unknown,,,,,unknown,unknown,,,,,unknown,cyclotide,,,,"{""header"": ""cycloviolacin_O16"", ""sequence"": ""GLPCGETCFTGKCYTPGCSCSYPICKKIN""}"
GIPCGESCVWIPCISAAIGCSCKNKVCYRN,GIPCGESCVWIPCISAAIGCSCKNKVCYRN,yes,30,CyBase,CyBase\Cyclotide.fa,74,cycloviolacin_O17,cycloviolacin_O17,unclassified,unknown,,,,,unknown,unknown,,,,,unknown,cyclotide,,,,"{""header"": ""cycloviolacin_O17"", ""sequence"": ""GIPCGESCVWIPCISAAIGCSCKNKVCYRN""}"
GIPCGESCVYIPCTVTALAGCKCKSKVCYN,GIPCGESCVYIPCTVTALAGCKCKSKVCYN,yes,30,CyBase,CyBase\Cyclotide.fa,75,cycloviolacin_O18,cycloviolacin_O18,unclassified,unknown,,,,,unknown,unknown,,,,,unknown,cyclotide,,,,"{""header"": ""cycloviolacin_O18"", ""sequence"": ""GIPCGESCVYIPCTVTALAGCKCKSKVCYN""}"
GTLPCGESCVWIPCISSVVGCSCKSKVCYKD,GTLPCGESCVWIPCISSVVGCSCKSKVCYKD,yes,31,CyBase,CyBase\Cyclotide.fa,76,cycloviolacin_O19,cycloviolacin_O19,unclassified,unknown,,,,,unknown,unknown,,,,,unknown,cyclotide,,,,"{""header"": ""cycloviolacin_O19"", ""sequence"": ""GTLPCGESCVWIPCISSVVGCSCKSKVCYKD""}"
GIPCGESCVWIPCLTSAIGCSCKSKVCYRD,GIPCGESCVWIPCLTSAIGCSCKSKVCYRD,yes,30,CyBase,CyBase\Cyclotide.fa,77,cycloviolacin_O20,cycloviolacin_O20,unclassified,unknown,,,,,unknown,unknown,,,,,unknown,cyclotide,,,,"{""header"": ""cycloviolacin_O20"", ""sequence"": ""GIPCGESCVWIPCLTSAIGCSCKSKVCYRD""}"
GLPVCGETCVTGSCYTPGCTCSWPVCTRN,GLPVCGETCVTGSCYTPGCTCSWPVCTRN,yes,29,CyBase,CyBase\Cyclotide.fa,78,cycloviolacin_O21,cycloviolacin_O21,unclassified,unknown,,,,,unknown,unknown,,,,,unknown,cyclotide,,,,"{""header"": ""cycloviolacin_O21"", ""sequence"": ""GLPVCGETCVTGSCYTPGCTCSWPVCTRN""}"
GLPICGETCVGGTCNTPGCTCSWPVCTRN,GLPICGETCVGGTCNTPGCTCSWPVCTRN,yes,29,CyBase,CyBase\Cyclotide.fa,79,cycloviolacin_O22,cycloviolacin_O22,unclassified,unknown,,,,,unknown,unknown,,,,,unknown,cyclotide,,,,"{""header"": ""cycloviolacin_O22"", ""sequence"": ""GLPICGETCVGGTCNTPGCTCSWPVCTRN""}"
GLPTCGETCFGGTCNTPGCTCDSSWPICTHN,GLPTCGETCFGGTCNTPGCTCDSSWPICTHN,yes,31,CyBase,CyBase\Cyclotide.fa,80,cycloviolacin_O23,cycloviolacin_O23,unclassified,unknown,,,,,unknown,unknown,,,,,unknown,cyclotide,,,,"{""header"": ""cycloviolacin_O23"", ""sequence"": ""GLPTCGETCFGGTCNTPGCTCDSSWPICTHN""}"
GLPTCGETCFGGTCNTPGCTCDPWPVCTHN,GLPTCGETCFGGTCNTPGCTCDPWPVCTHN,yes,30,CyBase,CyBase\Cyclotide.fa,81,cycloviolacin_O24,cycloviolacin_O24,unclassified,unknown,,,,,unknown,unknown,,,,,unknown,cyclotide,,,,"{""header"": ""cycloviolacin_O24"", ""sequence"": ""GLPTCGETCFGGTCNTPGCTCDPWPVCTHN""}"
DIFCGETCAFIPCITHVPGTCSCKSKVCYFN,DIFCGETCAFIPCITHVPGTCSCKSKVCYFN,yes,31,CyBase,CyBase\Cyclotide.fa,82,cycloviolacin_O25,cycloviolacin_O25,unclassified,unknown,,,,,unknown,unknown,,,,,unknown,cyclotide,,,,"{""header"": ""cycloviolacin_O25"", ""sequence"": ""DIFCGETCAFIPCITHVPGTCSCKSKVCYFN""}"
GSVFNCGETCVLGTCYTPGCTCNTYRVCTKD,GSVFNCGETCVLGTCYTPGCTCNTYRVCTKD,yes,31,CyBase,CyBase\Cyclotide.fa,83,kalata_B9,kalata_B9,unclassified,unknown,,,,,unknown,unknown,,,,,unknown,cyclotide,,,,"{""header"": ""kalata_B9"", ""sequence"": ""GSVFNCGETCVLGTCYTPGCTCNTYRVCTKD""}"
GSVFNCGETCVLGTCYTPGCTCNTYRVCTKD,GSVFNCGETCVLGTCYTPGCTCNTYRVCTKD,yes,31,CyBase,CyBase\Cyclotide.fa,84,kalata_B9_linear,kalata_B9_linear,unclassified,unknown,,,,,unknown,unknown,,,,,unknown,cyclotide,,,,"{""header"": ""kalata_B9_linear"", ""sequence"": ""GSVFNCGETCVLGTCYTPGCTCNTYRVCTKD""}"
GLPTCGETCFGGTCNTPGCSCSSWPICTRD,GLPTCGETCFGGTCNTPGCSCSSWPICTRD,yes,30,CyBase,CyBase\Cyclotide.fa,85,kalata_B10,kalata_B10,unclassified,unknown,,,,,unknown,unknown,,,,,unknown,cyclotide,,,,"{""header"": ""kalata_B10"", ""sequence"": ""GLPTCGETCFGGTCNTPGCSCSSWPICTRD""}"
GLPTCGETCFGGTCNTPGCSCSSWPICTRD,GLPTCGETCFGGTCNTPGCSCSSWPICTRD,yes,30,CyBase,CyBase\Cyclotide.fa,86,kalata_B10_linear,kalata_B10_linear,unclassified,unknown,,,,,unknown,unknown,,,,,unknown,cyclotide,,,,"{""header"": ""kalata_B10_linear"", ""sequence"": ""GLPTCGETCFGGTCNTPGCSCSSWPICTRD""}"
GLPVCGETCFGGTCNTPGCSCTDPICTRD,GLPVCGETCFGGTCNTPGCSCTDPICTRD,yes,29,CyBase,CyBase\Cyclotide.fa,87,kalata_B11,kalata_B11,unclassified,unknown,,,,,unknown,unknown,,,,,unknown,cyclotide,,,,"{""header"": ""kalata_B11"", ""sequence"": ""GLPVCGETCFGGTCNTPGCSCTDPICTRD""}"
GSLCGDTCFVLGCNDSSCSCNYPICVKD,GSLCGDTCFVLGCNDSSCSCNYPICVKD,yes,28,CyBase,CyBase\Cyclotide.fa,88,kalata_B12,kalata_B12,unclassified,unknown,,,,,unknown,unknown,,,,,unknown,cyclotide,,,,"{""header"": ""kalata_B12"", ""sequence"": ""GSLCGDTCFVLGCNDSSCSCNYPICVKD""}"
GLPVCGETCFGGTCNTPGCACDPWPVCTRD,GLPVCGETCFGGTCNTPGCACDPWPVCTRD,yes,30,CyBase,CyBase\Cyclotide.fa,89,kalata_B13,kalata_B13,unclassified,unknown,,,,,unknown,unknown,,,,,unknown,cyclotide,,,,"{""header"": ""kalata_B13"", ""sequence"": ""GLPVCGETCFGGTCNTPGCACDPWPVCTRD""}"
GLPVCGESCFGGTCNTPGCACDPWPVCTRD,GLPVCGESCFGGTCNTPGCACDPWPVCTRD,yes,30,CyBase,CyBase\Cyclotide.fa,90,kalata_B14,kalata_B14,unclassified,unknown,,,,,unknown,unknown,,,,,unknown,cyclotide,,,,"{""header"": ""kalata_B14"", ""sequence"": ""GLPVCGESCFGGTCNTPGCACDPWPVCTRD""}"
GLPVCGESCFGGSCYTPGCSCTWPICTRD,GLPVCGESCFGGSCYTPGCSCTWPICTRD,yes,29,CyBase,CyBase\Cyclotide.fa,91,kalata_B15,kalata_B15,unclassified,unknown,,,,,unknown,unknown,,,,,unknown,cyclotide,,,,"{""header"": ""kalata_B15"", ""sequence"": ""GLPVCGESCFGGSCYTPGCSCTWPICTRD""}"
GIPCAESCVYIPCTITALLGCKCQDKVCYD,GIPCAESCVYIPCTITALLGCKCQDKVCYD,yes,30,CyBase,CyBase\Cyclotide.fa,92,kalata_B16,kalata_B16,unclassified,unknown,,,,,unknown,unknown,,,,,unknown,cyclotide,,,,"{""header"": ""kalata_B16"", ""sequence"": ""GIPCAESCVYIPCTITALLGCKCQDKVCYD""}"
GIPCAESCVYIPCTITALLGCKCKDQVCYN,GIPCAESCVYIPCTITALLGCKCKDQVCYN,yes,30,CyBase,CyBase\Cyclotide.fa,93,kalata_B17,kalata_B17,unclassified,unknown,,,,,unknown,unknown,,,,,unknown,cyclotide,,,,"{""header"": ""kalata_B17"", ""sequence"": ""GIPCAESCVYIPCTITALLGCKCKDQVCYN""}"
GVPCAESCVYIPCISTVLGCSCSNQVCYRN,GVPCAESCVYIPCISTVLGCSCSNQVCYRN,yes,30,CyBase,CyBase\Cyclotide.fa,94,kalata_B18,kalata_B18,unclassified,unknown,,,,,unknown,unknown,,,,,unknown,cyclotide,,,,"{""header"": ""kalata_B18"", ""sequence"": ""GVPCAESCVYIPCISTVLGCSCSNQVCYRN""}"
GFIPCGETCIWDKTCHAAGCSCSVANICVRN,GFIPCGETCIWDKTCHAAGCSCSVANICVRN,yes,31,CyBase,CyBase\Cyclotide.fa,95,PS-1,PS-1,unclassified,unknown,,,,,unknown,unknown,,,,,unknown,cyclotide,,,,"{""header"": ""PS-1"", ""sequence"": ""GFIPCGETCIWDKTCHAAGCSCSVANICVRN""}"
GADGFCGESCVYIPCISYLVGCSCDTIEKVCKRN,GADGFCGESCVYIPCISYLVGCSCDTIEKVCKRN,yes,34,CyBase,CyBase\Cyclotide.fa,96,CD-1,CD-1,unclassified,unknown,,,,,unknown,unknown,,,,,unknown,cyclotide,,,,"{""header"": ""CD-1"", ""sequence"": ""GADGFCGESCVYIPCISYLVGCSCDTIEKVCKRN""}"
GGTIFDCGETCFLGTCYTPGCSCGNYGFCYGTN,GGTIFDCGETCFLGTCYTPGCSCGNYGFCYGTN,yes,33,CyBase,CyBase\Cyclotide.fa,97,cycloviolacin_Y1,cycloviolacin_Y1,unclassified,unknown,,,,,unknown,unknown,,,,,unknown,cyclotide,,,,"{""header"": ""cycloviolacin_Y1"", ""sequence"": ""GGTIFDCGETCFLGTCYTPGCSCGNYGFCYGTN""}"
GGTIFDCGESCFLGTCYTAGCSCGNWGLCYGTN,GGTIFDCGESCFLGTCYTAGCSCGNWGLCYGTN,yes,33,CyBase,CyBase\Cyclotide.fa,98,cycloviolacin_Y2,cycloviolacin_Y2,unclassified,unknown,,,,,unknown,unknown,,,,,unknown,cyclotide,,,,"{""header"": ""cycloviolacin_Y2"", ""sequence"": ""GGTIFDCGESCFLGTCYTAGCSCGNWGLCYGTN""}"
GGTIFDCGETCFLGTCYTAGCSCGNWGLCYGTN,GGTIFDCGETCFLGTCYTAGCSCGNWGLCYGTN,yes,33,CyBase,CyBase\Cyclotide.fa,99,cycloviolacin_Y3,cycloviolacin_Y3,unclassified,unknown,,,,,unknown,unknown,,,,,unknown,cyclotide,,,,"{""header"": ""cycloviolacin_Y3"", ""sequence"": ""GGTIFDCGETCFLGTCYTAGCSCGNWGLCYGTN""}"
GVPCGESCVFIPCITGVIGCSCSSNVCYLN,GVPCGESCVFIPCITGVIGCSCSSNVCYLN,yes,30,CyBase,CyBase\Cyclotide.fa,100,cycloviolacin_Y4,cycloviolacin_Y4,unclassified,unknown,,,,,unknown,unknown,,,,,unknown,cyclotide,,,,"{""header"": ""cycloviolacin_Y4"", ""sequence"": ""GVPCGESCVFIPCITGVIGCSCSSNVCYLN""}"
GIPCAESCVWIPCTVTALVGCSCSDKVCYN,GIPCAESCVWIPCTVTALVGCSCSDKVCYN,yes,30,CyBase,CyBase\Cyclotide.fa,101,cycloviolacin_Y5,cycloviolacin_Y5,unclassified,unknown,,,,,unknown,unknown,,,,,unknown,cyclotide,,,,"{""header"": ""cycloviolacin_Y5"", ""sequence"": ""GIPCAESCVWIPCTVTALVGCSCSDKVCYN""}"
GLPVCGETCFGGTCNTPGCSCSYPICTRN,GLPVCGETCFGGTCNTPGCSCSYPICTRN,yes,29,CyBase,CyBase\Cyclotide.fa,102,vibi_A,vibi_A,unclassified,unknown,,,,,unknown,unknown,,,,,unknown,cyclotide,,,,"{""header"": ""vibi_A"", ""sequence"": ""GLPVCGETCFGGTCNTPGCSCSYPICTRN""}"
GLPVCGETCFGGTCNTPGCTCSYPICTRN,GLPVCGETCFGGTCNTPGCTCSYPICTRN,yes,29,CyBase,CyBase\Cyclotide.fa,103,vibi_B,vibi_B,unclassified,unknown,,,,,unknown,unknown,,,,,unknown,cyclotide,,,,"{""header"": ""vibi_B"", ""sequence"": ""GLPVCGETCFGGTCNTPGCTCSYPICTRN""}"
GLPVCGETCAFGSCYTPGCSCSWPVCTRN,GLPVCGETCAFGSCYTPGCSCSWPVCTRN,yes,29,CyBase,CyBase\Cyclotide.fa,104,vibi_C,vibi_C,unclassified,unknown,,,,,unknown,unknown,,,,,unknown,cyclotide,,,,"{""header"": ""vibi_C"", ""sequence"": ""GLPVCGETCAFGSCYTPGCSCSWPVCTRN""}"
GLPVCGETCFGGRCNTPGCTCSYPICTRN,GLPVCGETCFGGRCNTPGCTCSYPICTRN,yes,29,CyBase,CyBase\Cyclotide.fa,105,vibi_D,vibi_D,unclassified,unknown,,,,,unknown,unknown,,,,,unknown,cyclotide,,,,"{""header"": ""vibi_D"", ""sequence"": ""GLPVCGETCFGGRCNTPGCTCSYPICTRN""}"
GIPCAESCVWIPCTVTALIGCGCSNKVCYN,GIPCAESCVWIPCTVTALIGCGCSNKVCYN,yes,30,CyBase,CyBase\Cyclotide.fa,106,vibi_E,vibi_E,unclassified,unknown,,,,,unknown,unknown,,,,,unknown,cyclotide,,,,"{""header"": ""vibi_E"", ""sequence"": ""GIPCAESCVWIPCTVTALIGCGCSNKVCYN""}"
GTIPCGESCVFIPCLTSALGCSCKSKVCYKN,GTIPCGESCVFIPCLTSALGCSCKSKVCYKN,yes,31,CyBase,CyBase\Cyclotide.fa,107,vibi_F,vibi_F,unclassified,unknown,,,,,unknown,unknown,,,,,unknown,cyclotide,,,,"{""header"": ""vibi_F"", ""sequence"": ""GTIPCGESCVFIPCLTSALGCSCKSKVCYKN""}"
GTFPCGESCVFIPCLTSAIGCSCKSKVCYKN,GTFPCGESCVFIPCLTSAIGCSCKSKVCYKN,yes,31,CyBase,CyBase\Cyclotide.fa,108,vibi_G,vibi_G,unclassified,unknown,,,,,unknown,unknown,,,,,unknown,cyclotide,,,,"{""header"": ""vibi_G"", ""sequence"": ""GTFPCGESCVFIPCLTSAIGCSCKSKVCYKN""}"
GLLPCAESCVYIPCLTTVIGCSCKSKVCYKN,GLLPCAESCVYIPCLTTVIGCSCKSKVCYKN,yes,31,CyBase,CyBase\Cyclotide.fa,109,vibi_H,vibi_H,unclassified,unknown,,,,,unknown,unknown,,,,,unknown,cyclotide,,,,"{""header"": ""vibi_H"", ""sequence"": ""GLLPCAESCVYIPCLTTVIGCSCKSKVCYKN""}"
GIPCGESCVWIPCLTSTVGCSCKSKVCYRN,GIPCGESCVWIPCLTSTVGCSCKSKVCYRN,yes,30,CyBase,CyBase\Cyclotide.fa,110,vibi_I,vibi_I,unclassified,unknown,,,,,unknown,unknown,,,,,unknown,cyclotide,,,,"{""header"": ""vibi_I"", ""sequence"": ""GIPCGESCVWIPCLTSTVGCSCKSKVCYRN""}"
GTFPCGESCVWIPCISKVIGCACKSKVCYKN,GTFPCGESCVWIPCISKVIGCACKSKVCYKN,yes,31,CyBase,CyBase\Cyclotide.fa,111,vibi_J,vibi_J,unclassified,unknown,,,,,unknown,unknown,,,,,unknown,cyclotide,,,,"{""header"": ""vibi_J"", ""sequence"": ""GTFPCGESCVWIPCISKVIGCACKSKVCYKN""}"
GIPCGESCVWIPCLTSAVGCPCKSKVCYRN,GIPCGESCVWIPCLTSAVGCPCKSKVCYRN,yes,30,CyBase,CyBase\Cyclotide.fa,112,vibi_K,vibi_K,unclassified,unknown,,,,,unknown,unknown,,,,,unknown,cyclotide,,,,"{""header"": ""vibi_K"", ""sequence"": ""GIPCGESCVWIPCLTSAVGCPCKSKVCYRN""}"
GIPCGESCVYLPCFTAPLGCSCSSKVCYRN,GIPCGESCVYLPCFTAPLGCSCSSKVCYRN,yes,30,CyBase,CyBase\Cyclotide.fa,113,Viba_2,Viba_2,unclassified,unknown,,,,,unknown,unknown,,,,,unknown,cyclotide,,,,"{""header"": ""Viba_2"", ""sequence"": ""GIPCGESCVYLPCFTAPLGCSCSSKVCYRN""}"
GIPCGESCVWIPCLTATIGCSCKSKVCYRN,GIPCGESCVWIPCLTATIGCSCKSKVCYRN,yes,30,CyBase,CyBase\Cyclotide.fa,114,Viba_5,Viba_5,unclassified,unknown,,,,,unknown,unknown,,,,,unknown,cyclotide,,,,"{""header"": ""Viba_5"", ""sequence"": ""GIPCGESCVWIPCLTATIGCSCKSKVCYRN""}"
GIPCAESCVYLPCVTIVIGCSCKDKVCYN,GIPCAESCVYLPCVTIVIGCSCKDKVCYN,yes,29,CyBase,CyBase\Cyclotide.fa,115,Viba_10,Viba_10,unclassified,unknown,,,,,unknown,unknown,,,,,unknown,cyclotide,,,,"{""header"": ""Viba_10"", ""sequence"": ""GIPCAESCVYLPCVTIVIGCSCKDKVCYN""}"
GIPCAESCVWIPCTVTALLGCSCKDKVCYN,GIPCAESCVWIPCTVTALLGCSCKDKVCYN,yes,30,CyBase,CyBase\Cyclotide.fa,116,Viba_12,Viba_12,unclassified,unknown,,,,,unknown,unknown,,,,,unknown,cyclotide,,,,"{""header"": ""Viba_12"", ""sequence"": ""GIPCAESCVWIPCTVTALLGCSCKDKVCYN""}"
GRLCGERCVIERTRAWCRTVGCICSLHTLECVRN,GRLCGERCVIERTRAWCRTVGCICSLHTLECVRN,yes,34,CyBase,CyBase\Cyclotide.fa,117,Viba_14,Viba_14,unclassified,unknown,,,,,unknown,unknown,,,,,unknown,cyclotide,,,,"{""header"": ""Viba_14"", ""sequence"": ""GRLCGERCVIERTRAWCRTVGCICSLHTLECVRN""}"
GLPVCGETCVGGTCNTPGCGCSWPVCTRN,GLPVCGETCVGGTCNTPGCGCSWPVCTRN,yes,29,CyBase,CyBase\Cyclotide.fa,118,Viba_17,Viba_17,unclassified,unknown,,,,,unknown,unknown,,,,,unknown,cyclotide,,,,"{""header"": ""Viba_17"", ""sequence"": ""GLPVCGETCVGGTCNTPGCGCSWPVCTRN""}"
GLPVCGETCVGGTCNTPGCACSWPVCTRN,GLPVCGETCVGGTCNTPGCACSWPVCTRN,yes,29,CyBase,CyBase\Cyclotide.fa,119,Viba_15,Viba_15,unclassified,unknown,,,,,unknown,unknown,,,,,unknown,cyclotide,,,,"{""header"": ""Viba_15"", ""sequence"": ""GLPVCGETCVGGTCNTPGCACSWPVCTRN""}"
GSIPCGESCVYIPCISSLLGCSCKSKVCYKN,GSIPCGESCVYIPCISSLLGCSCKSKVCYKN,yes,31,CyBase,CyBase\Cyclotide.fa,120,Mra4,Mra4,unclassified,unknown,,,,,unknown,unknown,,,,,unknown,cyclotide,,,,"{""header"": ""Mra4"", ""sequence"": ""GSIPCGESCVYIPCISSLLGCSCKSKVCYKN""}"
GIPCAESCVYIPCLTSAIGCSCKSKVCYRN,GIPCAESCVYIPCLTSAIGCSCKSKVCYRN,yes,30,CyBase,CyBase\Cyclotide.fa,121,Mra5,Mra5,unclassified,unknown,,,,,unknown,unknown,,,,,unknown,cyclotide,,,,"{""header"": ""Mra5"", ""sequence"": ""GIPCAESCVYIPCLTSAIGCSCKSKVCYRN""}"
GIPCGESCVYLPCFTTIIGCKCQGKVCYH,GIPCGESCVYLPCFTTIIGCKCQGKVCYH,yes,29,CyBase,CyBase\Cyclotide.fa,122,Mra13,Mra13,unclassified,unknown,,,,,unknown,unknown,,,,,unknown,cyclotide,,,,"{""header"": ""Mra13"", ""sequence"": ""GIPCGESCVYLPCFTTIIGCKCQGKVCYH""}"
GSIPCGESCVFIPCISSVVGCSCKNKVCYKN,GSIPCGESCVFIPCISSVVGCSCKNKVCYKN,yes,31,CyBase,CyBase\Cyclotide.fa,123,Mra14a,Mra14a,unclassified,unknown,,,,,unknown,unknown,,,,,unknown,cyclotide,,,,"{""header"": ""Mra14a"", ""sequence"": ""GSIPCGESCVFIPCISSVVGCSCKNKVCYKN""}"
GTIPCGESCVFIPCLTSAIGCSCKSKVCYKN,GTIPCGESCVFIPCLTSAIGCSCKSKVCYKN,yes,31,CyBase,CyBase\Cyclotide.fa,124,Mra14b,Mra14b,unclassified,unknown,,,,,unknown,unknown,,,,,unknown,cyclotide,,,,"{""header"": ""Mra14b"", ""sequence"": ""GTIPCGESCVFIPCLTSAIGCSCKSKVCYKN""}"
GSIPCGESCVYIPCISSLLGCSCESKVCYKN,GSIPCGESCVYIPCISSLLGCSCESKVCYKN,yes,31,CyBase,CyBase\Cyclotide.fa,125,Mra17a,Mra17a,unclassified,unknown,,,,,unknown,unknown,,,,,unknown,cyclotide,,,,"{""header"": ""Mra17a"", ""sequence"": ""GSIPCGESCVYIPCISSLLGCSCESKVCYKN""}"
GSIPCGESCVFIPCISSIVGCSCKSKVCYKN,GSIPCGESCVFIPCISSIVGCSCKSKVCYKN,yes,31,CyBase,CyBase\Cyclotide.fa,126,Mra29,Mra29,unclassified,unknown,,,,,unknown,unknown,,,,,unknown,cyclotide,,,,"{""header"": ""Mra29"", ""sequence"": ""GSIPCGESCVFIPCISSIVGCSCKSKVCYKN""}"
GIPCGESCVFIPCLTSAIGCSCKSKVCYRN,GIPCGESCVFIPCLTSAIGCSCKSKVCYRN,yes,30,CyBase,CyBase\Cyclotide.fa,127,Mra30,Mra30,unclassified,unknown,,,,,unknown,unknown,,,,,unknown,cyclotide,,,,"{""header"": ""Mra30"", ""sequence"": ""GIPCGESCVFIPCLTSAIGCSCKSKVCYRN""}"
GVPCGESCVWIPCLTSIVGCSCKNNVCTLNS,GVPCGESCVWIPCLTSIVGCSCKNNVCTLNS,yes,31,CyBase,CyBase\Cyclotide.fa,128,Mra22,Mra22,unclassified,unknown,,,,,unknown,unknown,,,,,unknown,cyclotide,,,,"{""header"": ""Mra22"", ""sequence"": ""GVPCGESCVWIPCLTSIVGCSCKNNVCTLNS""}"
GVIPCGESCVFIPCISSVLGCSCKNKVCYRN,GVIPCGESCVFIPCISSVLGCSCKNKVCYRN,yes,31,CyBase,CyBase\Cyclotide.fa,129,Mra23,Mra23,unclassified,unknown,,,,,unknown,unknown,,,,,unknown,cyclotide,,,,"{""header"": ""Mra23"", ""sequence"": ""GVIPCGESCVFIPCISSVLGCSCKNKVCYRN""}"
GHPTCGETCLLGTCYTPGCTCKRPVCYKN,GHPTCGETCLLGTCYTPGCTCKRPVCYKN,yes,29,CyBase,CyBase\Cyclotide.fa,130,Mra24,Mra24,unclassified,unknown,,,,,unknown,unknown,,,,,unknown,cyclotide,,,,"{""header"": ""Mra24"", ""sequence"": ""GHPTCGETCLLGTCYTPGCTCKRPVCYKN""}"
GSAILCGESCTLGECYTPGCTCSWPICTKN,GSAILCGESCTLGECYTPGCTCSWPICTKN,yes,30,CyBase,CyBase\Cyclotide.fa,131,Mra25,Mra25,unclassified,unknown,,,,,unknown,unknown,,,,,unknown,cyclotide,,,,"{""header"": ""Mra25"", ""sequence"": ""GSAILCGESCTLGECYTPGCTCSWPICTKN""}"
GHPICGETCVGNKCYTPGCTCTWPVCYRN,GHPICGETCVGNKCYTPGCTCTWPVCYRN,yes,29,CyBase,CyBase\Cyclotide.fa,132,Mra26,Mra26,unclassified,unknown,,,,,unknown,unknown,,,,,unknown,cyclotide,,,,"{""header"": ""Mra26"", ""sequence"": ""GHPICGETCVGNKCYTPGCTCTWPVCYRN""}"
GSIPCGEGCVFIPCISSIVGCSCKSKVCYKN,GSIPCGEGCVFIPCISSIVGCSCKSKVCYKN,yes,31,CyBase,CyBase\Cyclotide.fa,133,Mra30a,Mra30a,unclassified,unknown,,,,,unknown,unknown,,,,,unknown,cyclotide,,,,"{""header"": ""Mra30a"", ""sequence"": ""GSIPCGEGCVFIPCISSIVGCSCKSKVCYKN""}"
GIPCGEGCVYLPCFTAPLGCSCSSKVCYRN,GIPCGEGCVYLPCFTAPLGCSCSSKVCYRN,yes,30,CyBase,CyBase\Cyclotide.fa,134,Viba_1,Viba_1,unclassified,unknown,,,,,unknown,unknown,,,,,unknown,cyclotide,,,,"{""header"": ""Viba_1"", ""sequence"": ""GIPCGEGCVYLPCFTAPLGCSCSSKVCYRN""}"
GIPCGESCVWIPCLTAAIGCSCSSKVCYRN,GIPCGESCVWIPCLTAAIGCSCSSKVCYRN,yes,30,CyBase,CyBase\Cyclotide.fa,135,Viba_3,Viba_3,unclassified,unknown,,,,,unknown,unknown,,,,,unknown,cyclotide,,,,"{""header"": ""Viba_3"", ""sequence"": ""GIPCGESCVWIPCLTAAIGCSCSSKVCYRN""}"
GVPCGESCVWIPCLTSAIGCSCKSSVCYRN,GVPCGESCVWIPCLTSAIGCSCKSSVCYRN,yes,30,CyBase,CyBase\Cyclotide.fa,136,Viba_4,Viba_4,unclassified,unknown,,,,,unknown,unknown,,,,,unknown,cyclotide,,,,"{""header"": ""Viba_4"", ""sequence"": ""GVPCGESCVWIPCLTSAIGCSCKSSVCYRN""}"
GIPCGESCVLIPCISSVIGCSCKSKVCYRN,GIPCGESCVLIPCISSVIGCSCKSKVCYRN,yes,30,CyBase,CyBase\Cyclotide.fa,137,Viba_6,Viba_6,unclassified,unknown,,,,,unknown,unknown,,,,,unknown,cyclotide,,,,"{""header"": ""Viba_6"", ""sequence"": ""GIPCGESCVLIPCISSVIGCSCKSKVCYRN""}"
GVIPCGESCVFIPCISSVIGCSCKSKVCYRN,GVIPCGESCVFIPCISSVIGCSCKSKVCYRN,yes,31,CyBase,CyBase\Cyclotide.fa,138,Viba_7,Viba_7,unclassified,unknown,,,,,unknown,unknown,,,,,unknown,cyclotide,,,,"{""header"": ""Viba_7"", ""sequence"": ""GVIPCGESCVFIPCISSVIGCSCKSKVCYRN""}"
GAGCIETCYTFPCISEMINCSCKNSRCQKN,GAGCIETCYTFPCISEMINCSCKNSRCQKN,yes,30,CyBase,CyBase\Cyclotide.fa,139,Viba_8,Viba_8,unclassified,unknown,,,,,unknown,unknown,,,,,unknown,cyclotide,,,,"{""header"": ""Viba_8"", ""sequence"": ""GAGCIETCYTFPCISEMINCSCKNSRCQKN""}"
GIPCGESCVWIPCISSAIGCSCKNKVCYRK,GIPCGESCVWIPCISSAIGCSCKNKVCYRK,yes,30,CyBase,CyBase\Cyclotide.fa,140,Viba_9,Viba_9,unclassified,unknown,,,,,unknown,unknown,,,,,unknown,cyclotide,,,,"{""header"": ""Viba_9"", ""sequence"": ""GIPCGESCVWIPCISSAIGCSCKNKVCYRK""}"
GIPCGESCVWIPCISGAIGCSCKSKVCYRN,GIPCGESCVWIPCISGAIGCSCKSKVCYRN,yes,30,CyBase,CyBase\Cyclotide.fa,141,Viba_11,Viba_11,unclassified,unknown,,,,,unknown,unknown,,,,,unknown,cyclotide,,,,"{""header"": ""Viba_11"", ""sequence"": ""GIPCGESCVWIPCISGAIGCSCKSKVCYRN""}"
TIPCAESCVWIPCTVTALLGCSCKDKVCYN,TIPCAESCVWIPCTVTALLGCSCKDKVCYN,yes,30,CyBase,CyBase\Cyclotide.fa,142,Viba_13,Viba_13,unclassified,unknown,,,,,unknown,unknown,,,,,unknown,cyclotide,,,,"{""header"": ""Viba_13"", ""sequence"": ""TIPCAESCVWIPCTVTALLGCSCKDKVCYN""}"
GLPICGETCTLGTCYTVGCTCSWPICTRN,GLPICGETCTLGTCYTVGCTCSWPICTRN,yes,29,CyBase,CyBase\Cyclotide.fa,143,Vodo_L1,Vodo_L1,unclassified,unknown,,,,,unknown,unknown,,,,,unknown,cyclotide,,,,"{""header"": ""Vodo_L1"", ""sequence"": ""GLPICGETCTLGTCYTVGCTCSWPICTRN""}"
GVIPCGESCVFIPCISTVIGCSCKNKVCYRN,GVIPCGESCVFIPCISTVIGCSCKNKVCYRN,yes,31,CyBase,CyBase\Cyclotide.fa,144,Cter_A,Cter_A,unclassified,unknown,,,,,unknown,unknown,,,,,unknown,cyclotide,,,,"{""header"": ""Cter_A"", ""sequence"": ""GVIPCGESCVFIPCISTVIGCSCKNKVCYRN""}"
GVPCAESCVWIPCTVTALLGCSCKDKVCYLN,GVPCAESCVWIPCTVTALLGCSCKDKVCYLN,yes,31,CyBase,CyBase\Cyclotide.fa,145,Cter_B,Cter_B,unclassified,unknown,,,,,unknown,unknown,,,,,unknown,cyclotide,,,,"{""header"": ""Cter_B"", ""sequence"": ""GVPCAESCVWIPCTVTALLGCSCKDKVCYLN""}"
GIPCGESCHIPCVTSAIGCSCRNRSCMRN,GIPCGESCHIPCVTSAIGCSCRNRSCMRN,yes,29,CyBase,CyBase\Cyclotide.fa,146,hcf-1_variant,hcf-1_variant,unclassified,unknown,,,,,unknown,unknown,,,,,unknown,cyclotide,,,,"{""header"": ""hcf-1_variant"", ""sequence"": ""GIPCGESCHIPCVTSAIGCSCRNRSCMRN""}"
GSQSCGESCVLIPCISGVIGCSCSSMICYFN,GSQSCGESCVLIPCISGVIGCSCSSMICYFN,yes,31,CyBase,CyBase\Cyclotide.fa,147,Vpl-1,Vpl-1,unclassified,unknown,,,,,unknown,unknown,,,,,unknown,cyclotide,,,,"{""header"": ""Vpl-1"", ""sequence"": ""GSQSCGESCVLIPCISGVIGCSCSSMICYFN""}"
GIPCGESCVFIPCLTAAIGCSCRSKVCYRN,GIPCGESCVFIPCLTAAIGCSCRSKVCYRN,yes,30,CyBase,CyBase\Cyclotide.fa,148,Vpf-1,Vpf-1,unclassified,unknown,,,,,unknown,unknown,,,,,unknown,cyclotide,,,,"{""header"": ""Vpf-1"", ""sequence"": ""GIPCGESCVFIPCLTAAIGCSCRSKVCYRN""}"
GLPVCGETCVGGTCNTPGCSCSIPVCTRN,GLPVCGETCVGGTCNTPGCSCSIPVCTRN,yes,29,CyBase,CyBase\Cyclotide.fa,149,cycloviolacin_O31,cycloviolacin_O31,unclassified,unknown,,,,,unknown,unknown,,,,,unknown,cyclotide,,,,"{""header"": ""cycloviolacin_O31"", ""sequence"": ""GLPVCGETCVGGTCNTPGCSCSIPVCTRN""}"
GLPVCGETCVGGTCNTPGCSCSWPVCFRD,GLPVCGETCVGGTCNTPGCSCSWPVCFRD,yes,29,CyBase,CyBase\Cyclotide.fa,150,cycloviolacin_O28,cycloviolacin_O28,unclassified,unknown,,,,,unknown,unknown,,,,,unknown,cyclotide,,,,"{""header"": ""cycloviolacin_O28"", ""sequence"": ""GLPVCGETCVGGTCNTPGCSCSWPVCFRD""}"
GAPVCGETCFGGTCNTPGCTCDPWPVCTND,GAPVCGETCFGGTCNTPGCTCDPWPVCTND,yes,30,CyBase,CyBase\Cyclotide.fa,151,cycloviolacin_O32,cycloviolacin_O32,unclassified,unknown,,,,,unknown,unknown,,,,,unknown,cyclotide,,,,"{""header"": ""cycloviolacin_O32"", ""sequence"": ""GAPVCGETCFGGTCNTPGCTCDPWPVCTND""}"
GLPVCGETCVGGTCNTPYCTCSWPVCTRD,GLPVCGETCVGGTCNTPYCTCSWPVCTRD,yes,29,CyBase,CyBase\Cyclotide.fa,152,cycloviolacin_O33,cycloviolacin_O33,unclassified,unknown,,,,,unknown,unknown,,,,,unknown,cyclotide,,,,"{""header"": ""cycloviolacin_O33"", ""sequence"": ""GLPVCGETCVGGTCNTPYCTCSWPVCTRD""}"
GLPVCGETCVGGTCNTEYCTCSWPVCTRD,GLPVCGETCVGGTCNTEYCTCSWPVCTRD,yes,29,CyBase,CyBase\Cyclotide.fa,153,cycloviolacin_O34,cycloviolacin_O34,unclassified,unknown,,,,,unknown,unknown,,,,,unknown,cyclotide,,,,"{""header"": ""cycloviolacin_O34"", ""sequence"": ""GLPVCGETCVGGTCNTEYCTCSWPVCTRD""}"
GLPVCGETCVGGTCNTPYCFCSWPVCTRD,GLPVCGETCVGGTCNTPYCFCSWPVCTRD,yes,29,CyBase,CyBase\Cyclotide.fa,154,cycloviolacin_O35,cycloviolacin_O35,unclassified,unknown,,,,,unknown,unknown,,,,,unknown,cyclotide,,,,"{""header"": ""cycloviolacin_O35"", ""sequence"": ""GLPVCGETCVGGTCNTPYCFCSWPVCTRD""}"
GIPCGESCVWIPCISGAIGCSCKSKVCYKN,GIPCGESCVWIPCISGAIGCSCKSKVCYKN,yes,30,CyBase,CyBase\Cyclotide.fa,155,cycloviolacin_O29,cycloviolacin_O29,unclassified,unknown,,,,,unknown,unknown,,,,,unknown,cyclotide,,,,"{""header"": ""cycloviolacin_O29"", ""sequence"": ""GIPCGESCVWIPCISGAIGCSCKSKVCYKN""}"
GIPCGESCVWIPCISSAIGCSCKNKVCFKN,GIPCGESCVWIPCISSAIGCSCKNKVCFKN,yes,30,CyBase,CyBase\Cyclotide.fa,156,cycloviolacin_O30,cycloviolacin_O30,unclassified,unknown,,,,,unknown,unknown,,,,,unknown,cyclotide,,,,"{""header"": ""cycloviolacin_O30"", ""sequence"": ""GIPCGESCVWIPCISSAIGCSCKNKVCFKN""}"
GSIPACGESCFRGKCYTPGCSCSKYPLCAKD,GSIPACGESCFRGKCYTPGCSCSKYPLCAKD,yes,31,CyBase,CyBase\Cyclotide.fa,157,cycloviolacin_O26,cycloviolacin_O26,unclassified,unknown,,,,,unknown,unknown,,,,,unknown,cyclotide,,,,"{""header"": ""cycloviolacin_O26"", ""sequence"": ""GSIPACGESCFRGKCYTPGCSCSKYPLCAKD""}"
GSIPACGESCFKGWCYTPGCSCSKYPLCAKD,GSIPACGESCFKGWCYTPGCSCSKYPLCAKD,yes,31,CyBase,CyBase\Cyclotide.fa,158,cycloviolacin_O27,cycloviolacin_O27,unclassified,unknown,,,,,unknown,unknown,,,,,unknown,cyclotide,,,,"{""header"": ""cycloviolacin_O27"", ""sequence"": ""GSIPACGESCFKGWCYTPGCSCSKYPLCAKD""}"
GSFPCGESCVFIPCISAIAGCSCKNKVCYKN,GSFPCGESCVFIPCISAIAGCSCKNKVCYKN,yes,31,CyBase,CyBase\Cyclotide.fa,159,Globa_F,Globa_F,unclassified,unknown,,,,,unknown,unknown,,,,,unknown,cyclotide,,,,"{""header"": ""Globa_F"", ""sequence"": ""GSFPCGESCVFIPCISAIAGCSCKNKVCYKN""}"
GIPCGESCVFIPCITAAIGCSCKTKVCYRN,GIPCGESCVFIPCITAAIGCSCKTKVCYRN,yes,30,CyBase,CyBase\Cyclotide.fa,160,Globa_A,Globa_A,unclassified,unknown,,,,,unknown,unknown,,,,,unknown,cyclotide,,,,"{""header"": ""Globa_A"", ""sequence"": ""GIPCGESCVFIPCITAAIGCSCKTKVCYRN""}"
GVIPCGESCVFIPCISAVLGCSCKSKVCYRN,GVIPCGESCVFIPCISAVLGCSCKSKVCYRN,yes,31,CyBase,CyBase\Cyclotide.fa,161,Globa_B,Globa_B,unclassified,unknown,,,,,unknown,unknown,,,,,unknown,cyclotide,,,,"{""header"": ""Globa_B"", ""sequence"": ""GVIPCGESCVFIPCISAVLGCSCKSKVCYRN""}"
GIPCGETCVFMPCISGPMGCSCKHMVCYRN,GIPCGETCVFMPCISGPMGCSCKHMVCYRN,yes,30,CyBase,CyBase\Cyclotide.fa,162,Globa_D,Globa_D,unclassified,unknown,,,,,unknown,unknown,,,,,unknown,cyclotide,,,,"{""header"": ""Globa_D"", ""sequence"": ""GIPCGETCVFMPCISGPMGCSCKHMVCYRN""}"
GSAFGCGETCVKGKCNTPGCVCSWPVCKKN,GSAFGCGETCVKGKCNTPGCVCSWPVCKKN,yes,30,CyBase,CyBase\Cyclotide.fa,163,Globa_E,Globa_E,unclassified,unknown,,,,,unknown,unknown,,,,,unknown,cyclotide,,,,"{""header"": ""Globa_E"", ""sequence"": ""GSAFGCGETCVKGKCNTPGCVCSWPVCKKN""}"
APCGESCVYIPCLLTAPIGCSCSNIVCYRN,APCGESCVYIPCLLTAPIGCSCSNIVCYRN,yes,30,CyBase,CyBase\Cyclotide.fa,164,Globa_C,Globa_C,unclassified,unknown,,,,,unknown,unknown,,,,,unknown,cyclotide,,,,"{""header"": ""Globa_C"", ""sequence"": ""APCGESCVYIPCLLTAPIGCSCSNIVCYRN""}"
GVPCGESCVWVPCTVTALMGCSCVREVCRKD,GVPCGESCVWVPCTVTALMGCSCVREVCRKD,yes,31,CyBase,CyBase\Cyclotide.fa,165,Glopa_D,Glopa_D,unclassified,unknown,,,,,unknown,unknown,,,,,unknown,cyclotide,,,,"{""header"": ""Glopa_D"", ""sequence"": ""GVPCGESCVWVPCTVTALMGCSCVREVCRKD""}"
GIPCAESCVWIPCTVTKMLGCSCKDKVCYN,GIPCAESCVWIPCTVTKMLGCSCKDKVCYN,yes,30,CyBase,CyBase\Cyclotide.fa,166,Glopa_E,Glopa_E,unclassified,unknown,,,,,unknown,unknown,,,,,unknown,cyclotide,,,,"{""header"": ""Glopa_E"", ""sequence"": ""GIPCAESCVWIPCTVTKMLGCSCKDKVCYN""}"
GGSIPCIETCVWTGCFLVPGCSCKSDKKCYLN,GGSIPCIETCVWTGCFLVPGCSCKSDKKCYLN,yes,32,CyBase,CyBase\Cyclotide.fa,167,Glopa_A,Glopa_A,unclassified,unknown,,,,,unknown,unknown,,,,,unknown,cyclotide,,,,"{""header"": ""Glopa_A"", ""sequence"": ""GGSIPCIETCVWTGCFLVPGCSCKSDKKCYLN""}"
GGSVPCIETCVWTGCFLVPGCSCKSDKKCYLN,GGSVPCIETCVWTGCFLVPGCSCKSDKKCYLN,yes,32,CyBase,CyBase\Cyclotide.fa,168,Glopa_B,Glopa_B,unclassified,unknown,,,,,unknown,unknown,,,,,unknown,cyclotide,,,,"{""header"": ""Glopa_B"", ""sequence"": ""GGSVPCIETCVWTGCFLVPGCSCKSDKKCYLN""}"
GDIPLCGETCFEGGNCRIPGCTCVWPFCSKN,GDIPLCGETCFEGGNCRIPGCTCVWPFCSKN,yes,31,CyBase,CyBase\Cyclotide.fa,169,Glopa_C,Glopa_C,unclassified,unknown,,,,,unknown,unknown,,,,,unknown,cyclotide,,,,"{""header"": ""Glopa_C"", ""sequence"": ""GDIPLCGETCFEGGNCRIPGCTCVWPFCSKN""}"
GLPTCGETCFGGTCNTPGCTCDPFPVCTHD,GLPTCGETCFGGTCNTPGCTCDPFPVCTHD,yes,30,CyBase,CyBase\Cyclotide.fa,170,cycloviolacin_O36,cycloviolacin_O36,unclassified,unknown,,,,,unknown,unknown,,,,,unknown,cyclotide,,,,"{""header"": ""cycloviolacin_O36"", ""sequence"": ""GLPTCGETCFGGTCNTPGCTCDPFPVCTHD""}"
GIPVCGETCVGGTCNTPGCSCSWPVCTRN,GIPVCGETCVGGTCNTPGCSCSWPVCTRN,yes,29,CyBase,CyBase\Cyclotide.fa,171,cycloviolacin_T1,cycloviolacin_T1,unclassified,unknown,,,,,unknown,unknown,,,,,unknown,cyclotide,,,,"{""header"": ""cycloviolacin_T1"", ""sequence"": ""GIPVCGETCVGGTCNTPGCSCSWPVCTRN""}"
GIACGESCVFLGCFIPGCSCKSKVCYFN,GIACGESCVFLGCFIPGCSCKSKVCYFN,yes,28,CyBase,CyBase\Cyclotide.fa,172,psyle_A,psyle_A,unclassified,unknown,,,,,unknown,unknown,,,,,unknown,cyclotide,,,,"{""header"": ""psyle_A"", ""sequence"": ""GIACGESCVFLGCFIPGCSCKSKVCYFN""}"
GIPCGETCVAFGCWIPGCSCKDKLCYYD,GIPCGETCVAFGCWIPGCSCKDKLCYYD,yes,28,CyBase,CyBase\Cyclotide.fa,173,psyle_B,psyle_B,unclassified,unknown,,,,,unknown,unknown,,,,,unknown,cyclotide,,,,"{""header"": ""psyle_B"", ""sequence"": ""GIPCGETCVAFGCWIPGCSCKDKLCYYD""}"
KLCGETCFKFKCYTPGCSCSYPFCK,KLCGETCFKFKCYTPGCSCSYPFCK,yes,25,CyBase,CyBase\Cyclotide.fa,174,psyle_C,psyle_C,unclassified,unknown,,,,,unknown,unknown,,,,,unknown,cyclotide,,,,"{""header"": ""psyle_C"", ""sequence"": ""KLCGETCFKFKCYTPGCSCSYPFCK""}"
GIPCGESCVFIPCTVTALLGCSCQNKVCYRD,GIPCGESCVFIPCTVTALLGCSCQNKVCYRD,yes,31,CyBase,CyBase\Cyclotide.fa,175,psyle_D,psyle_D,unclassified,unknown,,,,,unknown,unknown,,,,,unknown,cyclotide,,,,"{""header"": ""psyle_D"", ""sequence"": ""GIPCGESCVFIPCTVTALLGCSCQNKVCYRD""}"
GVIPCGESCVFIPCISSVLGCSCKNKVCYRD,GVIPCGESCVFIPCISSVLGCSCKNKVCYRD,yes,31,CyBase,CyBase\Cyclotide.fa,176,psyle_E,psyle_E,unclassified,unknown,,,,,unknown,unknown,,,,,unknown,cyclotide,,,,"{""header"": ""psyle_E"", ""sequence"": ""GVIPCGESCVFIPCISSVLGCSCKNKVCYRD""}"
GVIPCGESCVFIPCITAAVGCSCKNKVCYRD,GVIPCGESCVFIPCITAAVGCSCKNKVCYRD,yes,31,CyBase,CyBase\Cyclotide.fa,177,psyle_F,psyle_F,unclassified,unknown,,,,,unknown,unknown,,,,,unknown,cyclotide,,,,"{""header"": ""psyle_F"", ""sequence"": ""GVIPCGESCVFIPCITAAVGCSCKNKVCYRD""}"
GLPVCGETCAGGTCNTPGCSCSWPICTRN,GLPVCGETCAGGTCNTPGCSCSWPICTRN,yes,29,CyBase,CyBase\Cyclotide.fa,178,vaby_A,vaby_A,unclassified,unknown,,,,,unknown,unknown,,,,,unknown,cyclotide,,,,"{""header"": ""vaby_A"", ""sequence"": ""GLPVCGETCAGGTCNTPGCSCSWPICTRN""}"
GLPVCGETCAGGTCNTPGCSCTWPICTRN,GLPVCGETCAGGTCNTPGCSCTWPICTRN,yes,29,CyBase,CyBase\Cyclotide.fa,179,vaby_B,vaby_B,unclassified,unknown,,,,,unknown,unknown,,,,,unknown,cyclotide,,,,"{""header"": ""vaby_B"", ""sequence"": ""GLPVCGETCAGGTCNTPGCSCTWPICTRN""}"
GLPVCGETCAGGRCNTPGCSCSWPVCTRN,GLPVCGETCAGGRCNTPGCSCSWPVCTRN,yes,29,CyBase,CyBase\Cyclotide.fa,180,vaby_C,vaby_C,unclassified,unknown,,,,,unknown,unknown,,,,,unknown,cyclotide,,,,"{""header"": ""vaby_C"", ""sequence"": ""GLPVCGETCAGGRCNTPGCSCSWPVCTRN""}"
GLPVCGETCFGGTCNTPGCTCDPWPVCTRN,GLPVCGETCFGGTCNTPGCTCDPWPVCTRN,yes,30,CyBase,CyBase\Cyclotide.fa,181,vaby_D,vaby_D,unclassified,unknown,,,,,unknown,unknown,,,,,unknown,cyclotide,,,,"{""header"": ""vaby_D"", ""sequence"": ""GLPVCGETCFGGTCNTPGCTCDPWPVCTRN""}"
GLPVCGETCFGGTCNTPGCSCDPWPVCTRN,GLPVCGETCFGGTCNTPGCSCDPWPVCTRN,yes,30,CyBase,CyBase\Cyclotide.fa,182,vaby_E,vaby_E,unclassified,unknown,,,,,unknown,unknown,,,,,unknown,cyclotide,,,,"{""header"": ""vaby_E"", ""sequence"": ""GLPVCGETCFGGTCNTPGCSCDPWPVCTRN""}"
GFPCGESCVYVPCLTAAIGCSCSNKVCYKN,GFPCGESCVYVPCLTAAIGCSCSNKVCYKN,yes,30,CyBase,CyBase\Cyclotide.fa,183,kalata_B19,kalata_B19,unclassified,unknown,,,,,unknown,unknown,,,,,unknown,cyclotide,,,,"{""header"": ""kalata_B19"", ""sequence"": ""GFPCGESCVYVPCLTAAIGCSCSNKVCYKN""}"
GLPICGETCFGGTCNTPGCICDPWPVCTRD,GLPICGETCFGGTCNTPGCICDPWPVCTRD,yes,30,CyBase,CyBase\Cyclotide.fa,184,Oak6_cyclotide_2,Oak6_cyclotide_2,unclassified,unknown,,,,,unknown,unknown,,,,,unknown,cyclotide,,,,"{""header"": ""Oak6_cyclotide_2"", ""sequence"": ""GLPICGETCFGGTCNTPGCICDPWPVCTRD""}"
GSHCGETCFFFGCYKPGCSCDELRQCYKN,GSHCGETCFFFGCYKPGCSCDELRQCYKN,yes,29,CyBase,CyBase\Cyclotide.fa,185,Oak7_cyclotide,Oak7_cyclotide,unclassified,unknown,,,,,unknown,unknown,,,,,unknown,cyclotide,,,,"{""header"": ""Oak7_cyclotide"", ""sequence"": ""GSHCGETCFFFGCYKPGCSCDELRQCYKN""}"
GVPCGESCVFIPCLTAVVGCSCSNKVCYLN,GVPCGESCVFIPCLTAVVGCSCSNKVCYLN,yes,30,CyBase,CyBase\Cyclotide.fa,186,Oak8_cyclotide,Oak8_cyclotide,unclassified,unknown,,,,,unknown,unknown,,,,,unknown,cyclotide,,,,"{""header"": ""Oak8_cyclotide"", ""sequence"": ""GVPCGESCVFIPCLTAVVGCSCSNKVCYLN""}"
GLPVCGETCFGGTCNTPGCACDPWPVCTRN,GLPVCGETCFGGTCNTPGCACDPWPVCTRN,yes,30,CyBase,CyBase\Cyclotide.fa,187,Oak6_cyclotide_1,Oak6_cyclotide_1,unclassified,unknown,,,,,unknown,unknown,,,,,unknown,cyclotide,,,,"{""header"": ""Oak6_cyclotide_1"", ""sequence"": ""GLPVCGETCFGGTCNTPGCACDPWPVCTRN""}"
GVPCAESCVWIPCTVTALLGCSCKDKVCYLD,GVPCAESCVWIPCTVTALLGCSCKDKVCYLD,yes,31,CyBase,CyBase\Cyclotide.fa,188,Cter_C,Cter_C,unclassified,unknown,,,,,unknown,unknown,,,,,unknown,cyclotide,,,,"{""header"": ""Cter_C"", ""sequence"": ""GVPCAESCVWIPCTVTALLGCSCKDKVCYLD""}"
GIPCAESCVWIPCTVTALLGCSCKDKVCYLN,GIPCAESCVWIPCTVTALLGCSCKDKVCYLN,yes,31,CyBase,CyBase\Cyclotide.fa,189,Cter_D,Cter_D,unclassified,unknown,,,,,unknown,unknown,,,,,unknown,cyclotide,,,,"{""header"": ""Cter_D"", ""sequence"": ""GIPCAESCVWIPCTVTALLGCSCKDKVCYLN""}"
GIPCAESCVWIPCTVTALLGCSCKDKVCYLD,GIPCAESCVWIPCTVTALLGCSCKDKVCYLD,yes,31,CyBase,CyBase\Cyclotide.fa,190,Cter_E,Cter_E,unclassified,unknown,,,,,unknown,unknown,,,,,unknown,cyclotide,,,,"{""header"": ""Cter_E"", ""sequence"": ""GIPCAESCVWIPCTVTALLGCSCKDKVCYLD""}"
GIPCGESCVFIPCISSVVGCSCKSKVCYLD,GIPCGESCVFIPCISSVVGCSCKSKVCYLD,yes,30,CyBase,CyBase\Cyclotide.fa,191,Cter_F,Cter_F,unclassified,unknown,,,,,unknown,unknown,,,,,unknown,cyclotide,,,,"{""header"": ""Cter_F"", ""sequence"": ""GIPCGESCVFIPCISSVVGCSCKSKVCYLD""}"
GLPCGESCVFIPCITTVVGCSCKNKVCYNN,GLPCGESCVFIPCITTVVGCSCKNKVCYNN,yes,30,CyBase,CyBase\Cyclotide.fa,192,Cter_G,Cter_G,unclassified,unknown,,,,,unknown,unknown,,,,,unknown,cyclotide,,,,"{""header"": ""Cter_G"", ""sequence"": ""GLPCGESCVFIPCITTVVGCSCKNKVCYNN""}"
GLPCGESCVFIPCITTVVGCSCKNKVCYND,GLPCGESCVFIPCITTVVGCSCKNKVCYND,yes,30,CyBase,CyBase\Cyclotide.fa,193,Cter_H,Cter_H,unclassified,unknown,,,,,unknown,unknown,,,,,unknown,cyclotide,,,,"{""header"": ""Cter_H"", ""sequence"": ""GLPCGESCVFIPCITTVVGCSCKNKVCYND""}"
GTVPCGESCVFIPCITGIAGCSCKNKVCYIN,GTVPCGESCVFIPCITGIAGCSCKNKVCYIN,yes,31,CyBase,CyBase\Cyclotide.fa,194,Cter_I,Cter_I,unclassified,unknown,,,,,unknown,unknown,,,,,unknown,cyclotide,,,,"{""header"": ""Cter_I"", ""sequence"": ""GTVPCGESCVFIPCITGIAGCSCKNKVCYIN""}"
GTVPCGESCVFIPCITGIAGCSCKNKVCYID,GTVPCGESCVFIPCITGIAGCSCKNKVCYID,yes,31,CyBase,CyBase\Cyclotide.fa,195,Cter_J,Cter_J,unclassified,unknown,,,,,unknown,unknown,,,,,unknown,cyclotide,,,,"{""header"": ""Cter_J"", ""sequence"": ""GTVPCGESCVFIPCITGIAGCSCKNKVCYID""}"
HEPCGESCVFIPCITTVVGCSCKNKVCYN,HEPCGESCVFIPCITTVVGCSCKNKVCYN,yes,29,CyBase,CyBase\Cyclotide.fa,196,Cter_K,Cter_K,unclassified,unknown,,,,,unknown,unknown,,,,,unknown,cyclotide,,,,"{""header"": ""Cter_K"", ""sequence"": ""HEPCGESCVFIPCITTVVGCSCKNKVCYN""}"
HEPCGESCVFIPCITTVVGCSCKNKVCYD,HEPCGESCVFIPCITTVVGCSCKNKVCYD,yes,29,CyBase,CyBase\Cyclotide.fa,197,Cter_L,Cter_L,unclassified,unknown,,,,,unknown,unknown,,,,,unknown,cyclotide,,,,"{""header"": ""Cter_L"", ""sequence"": ""HEPCGESCVFIPCITTVVGCSCKNKVCYD""}"
GLPTCGETCTLGTCYVPDCSCSWPICMKN,GLPTCGETCTLGTCYVPDCSCSWPICMKN,yes,29,CyBase,CyBase\Cyclotide.fa,198,Cter_M,Cter_M,unclassified,unknown,,,,,unknown,unknown,,,,,unknown,cyclotide,,,,"{""header"": ""Cter_M"", ""sequence"": ""GLPTCGETCTLGTCYVPDCSCSWPICMKN""}"
GSAFCGETCVLGTCYTPDCSCTALVCLKN,GSAFCGETCVLGTCYTPDCSCTALVCLKN,yes,29,CyBase,CyBase\Cyclotide.fa,199,Cter_N,Cter_N,unclassified,unknown,,,,,unknown,unknown,,,,,unknown,cyclotide,,,,"{""header"": ""Cter_N"", ""sequence"": ""GSAFCGETCVLGTCYTPDCSCTALVCLKN""}"
GIPCGESCVFIPCITGIAGCSCKSKVCYRN,GIPCGESCVFIPCITGIAGCSCKSKVCYRN,yes,30,CyBase,CyBase\Cyclotide.fa,200,Cter_O,Cter_O,unclassified,unknown,,,,,unknown,unknown,,,,,unknown,cyclotide,,,,"{""header"": ""Cter_O"", ""sequence"": ""GIPCGESCVFIPCITGIAGCSCKSKVCYRN""}"
GIPCGESCVFIPCITAAIGCSCKSKVCYRN,GIPCGESCVFIPCITAAIGCSCKSKVCYRN,yes,30,CyBase,CyBase\Cyclotide.fa,201,Cter_P,Cter_P,unclassified,unknown,,,,,unknown,unknown,,,,,unknown,cyclotide,,,,"{""header"": ""Cter_P"", ""sequence"": ""GIPCGESCVFIPCITAAIGCSCKSKVCYRN""}"
GIPCGESCVFIPCISTVIGCSCKNKVCYRN,GIPCGESCVFIPCISTVIGCSCKNKVCYRN,yes,30,CyBase,CyBase\Cyclotide.fa,202,Cter_Q,Cter_Q,unclassified,unknown,,,,,unknown,unknown,,,,,unknown,cyclotide,,,,"{""header"": ""Cter_Q"", ""sequence"": ""GIPCGESCVFIPCISTVIGCSCKNKVCYRN""}"
GIPCGESCVFIPCTVTALLGCSCKDKVCYKN,GIPCGESCVFIPCTVTALLGCSCKDKVCYKN,yes,31,CyBase,CyBase\Cyclotide.fa,203,Cter_R,Cter_R,unclassified,unknown,,,,,unknown,unknown,,,,,unknown,cyclotide,,,,"{""header"": ""Cter_R"", ""sequence"": ""GIPCGESCVFIPCTVTALLGCSCKDKVCYKN""}"
GYPICGESCVGGTCNTPGCSCSWPVCTTN,GYPICGESCVGGTCNTPGCSCSWPVCTTN,yes,29,CyBase,CyBase\Cyclotide.fa,204,vitri_B,vitri_B,unclassified,unknown,,,,,unknown,unknown,,,,,unknown,cyclotide,,,,"{""header"": ""vitri_B"", ""sequence"": ""GYPICGESCVGGTCNTPGCSCSWPVCTTN""}"
GLPICGETCVGGTCNTPGCFCTWPVCTRN,GLPICGETCVGGTCNTPGCFCTWPVCTRN,yes,29,CyBase,CyBase\Cyclotide.fa,205,vitri_C,vitri_C,unclassified,unknown,,,,,unknown,unknown,,,,,unknown,cyclotide,,,,"{""header"": ""vitri_C"", ""sequence"": ""GLPICGETCVGGTCNTPGCFCTWPVCTRN""}"
GLPVCGETCFTGSCYTPGCSCNWPVCNRN,GLPVCGETCFTGSCYTPGCSCNWPVCNRN,yes,29,CyBase,CyBase\Cyclotide.fa,206,vitri_D,vitri_D,unclassified,unknown,,,,,unknown,unknown,,,,,unknown,cyclotide,,,,"{""header"": ""vitri_D"", ""sequence"": ""GLPVCGETCFTGSCYTPGCSCNWPVCNRN""}"
GLPVCGETCVGGTCNTPGCSCSWPVCFRN,GLPVCGETCVGGTCNTPGCSCSWPVCFRN,yes,29,CyBase,CyBase\Cyclotide.fa,207,vitri_E,vitri_E,unclassified,unknown,,,,,unknown,unknown,,,,,unknown,cyclotide,,,,"{""header"": ""vitri_E"", ""sequence"": ""GLPVCGETCVGGTCNTPGCSCSWPVCFRN""}"
GTLPCGESCVWIPCISSVVGCACKSKVCYKD,GTLPCGESCVWIPCISSVVGCACKSKVCYKD,yes,31,CyBase,CyBase\Cyclotide.fa,208,vitri_F,vitri_F,unclassified,unknown,,,,,unknown,unknown,,,,,unknown,cyclotide,,,,"{""header"": ""vitri_F"", ""sequence"": ""GTLPCGESCVWIPCISSVVGCACKSKVCYKD""}"
GTRCGETCFVLPCWSAKFGCYCQKGFCYRN,GTRCGETCFVLPCWSAKFGCYCQKGFCYRN,yes,30,CyBase,CyBase\Cyclotide.fa,209,HB1,HB1,unclassified,unknown,,,,,unknown,unknown,,,,,unknown,cyclotide,,,,"{""header"": ""HB1"", ""sequence"": ""GTRCGETCFVLPCWSAKFGCYCQKGFCYRN""}"
GGSVPCGESCVFIPCITSLAGCSCKNKVCYYD,GGSVPCGESCVFIPCITSLAGCSCKNKVCYYD,yes,32,CyBase,CyBase\Cyclotide.fa,210,Parigidin-br1,Parigidin-br1,unclassified,unknown,,,,,unknown,unknown,,,,,unknown,cyclotide,,,,"{""header"": ""Parigidin-br1"", ""sequence"": ""GGSVPCGESCVFIPCITSLAGCSCKNKVCYYD""}"
IQCGESCVWIPCISSAWGCSCKNKICSS,IQCGESCVWIPCISSAWGCSCKNKICSS,yes,28,CyBase,CyBase\Cyclotide.fa,211,HB2,HB2,unclassified,unknown,,,,,unknown,unknown,,,,,unknown,cyclotide,,,,"{""header"": ""HB2"", ""sequence"": ""IQCGESCVWIPCISSAWGCSCKNKICSS""}"
GSIPCGESCVFIPCISSVIGCACKSKVCYKN,GSIPCGESCVFIPCISSVIGCACKSKVCYKN,yes,31,CyBase,CyBase\Cyclotide.fa,212,viphi_A,viphi_A,unclassified,unknown,,,,,unknown,unknown,,,,,unknown,cyclotide,,,,"{""header"": ""viphi_A"", ""sequence"": ""GSIPCGESCVFIPCISSVIGCACKSKVCYKN""}"
GLPVCGETCTIGTCYTAGCTCSWPICTRN,GLPVCGETCTIGTCYTAGCTCSWPICTRN,yes,29,CyBase,CyBase\Cyclotide.fa,213,viphi_B,viphi_B,unclassified,unknown,,,,,unknown,unknown,,,,,unknown,cyclotide,,,,"{""header"": ""viphi_B"", ""sequence"": ""GLPVCGETCTIGTCYTAGCTCSWPICTRN""}"
GVPCGESCVYIPCITSVIGCSCSSKVCYIN,GVPCGESCVYIPCITSVIGCSCSSKVCYIN,yes,30,CyBase,CyBase\Cyclotide.fa,214,viphi_C,viphi_C,unclassified,unknown,,,,,unknown,unknown,,,,,unknown,cyclotide,,,,"{""header"": ""viphi_C"", ""sequence"": ""GVPCGESCVYIPCITSVIGCSCSSKVCYIN""}"
GIPCGESCVFIPCISSVIGCSCSSKVCYRN,GIPCGESCVFIPCISSVIGCSCSSKVCYRN,yes,30,CyBase,CyBase\Cyclotide.fa,215,viphi_D,viphi_D,unclassified,unknown,,,,,unknown,unknown,,,,,unknown,cyclotide,,,,"{""header"": ""viphi_D"", ""sequence"": ""GIPCGESCVFIPCISSVIGCSCSSKVCYRN""}"
GSIPCGESCVFIPCISAVIGCSCSNKVCYKN,GSIPCGESCVFIPCISAVIGCSCSNKVCYKN,yes,31,CyBase,CyBase\Cyclotide.fa,216,viphi_E,viphi_E,unclassified,unknown,,,,,unknown,unknown,,,,,unknown,cyclotide,,,,"{""header"": ""viphi_E"", ""sequence"": ""GSIPCGESCVFIPCISAVIGCSCSNKVCYKN""}"
GSIPCGESCVFIPCISAIIGCSCSSKVCYKN,GSIPCGESCVFIPCISAIIGCSCSSKVCYKN,yes,31,CyBase,CyBase\Cyclotide.fa,217,viphi_F,viphi_F,unclassified,unknown,,,,,unknown,unknown,,,,,unknown,cyclotide,,,,"{""header"": ""viphi_F"", ""sequence"": ""GSIPCGESCVFIPCISAIIGCSCSSKVCYKN""}"
GSIPCGESCVFIPCISAIIGCSCSNKVCYKN,GSIPCGESCVFIPCISAIIGCSCSNKVCYKN,yes,31,CyBase,CyBase\Cyclotide.fa,218,viphi_G,viphi_G,unclassified,unknown,,,,,unknown,unknown,,,,,unknown,cyclotide,,,,"{""header"": ""viphi_G"", ""sequence"": ""GSIPCGESCVFIPCISAIIGCSCSNKVCYKN""}"
GIPCAESCVWIPCTVTAIVGCSCSWGVCYN,GIPCAESCVWIPCTVTAIVGCSCSWGVCYN,yes,30,CyBase,CyBase\Cyclotide.fa,219,viphi_H,viphi_H,unclassified,unknown,,,,,unknown,unknown,,,,,unknown,cyclotide,,,,"{""header"": ""viphi_H"", ""sequence"": ""GIPCAESCVWIPCTVTAIVGCSCSWGVCYN""}"
GIPCGESCVFIPCISSVVGCSCKSKVCYNN,GIPCGESCVFIPCISSVVGCSCKSKVCYNN,yes,30,CyBase,CyBase\Cyclotide.fa,220,cliotide_T8,cliotide_T8,unclassified,unknown,,,,,unknown,unknown,,,,,unknown,cyclotide,,,,"{""header"": ""cliotide_T8"", ""sequence"": ""GIPCGESCVFIPCISSVVGCSCKSKVCYNN""}"
GIPCGESCVFIPCLTTVVGCSCKNKVCYNN,GIPCGESCVFIPCLTTVVGCSCKNKVCYNN,yes,30,CyBase,CyBase\Cyclotide.fa,221,cliotide_T9,cliotide_T9,unclassified,unknown,,,,,unknown,unknown,,,,,unknown,cyclotide,,,,"{""header"": ""cliotide_T9"", ""sequence"": ""GIPCGESCVFIPCLTTVVGCSCKNKVCYNN""}"
GEFLKCGESCVQGECYTPGCSCDWPICKKN,GEFLKCGESCVQGECYTPGCSCDWPICKKN,yes,30,CyBase,CyBase\Cyclotide.fa,222,cliotide_T2,cliotide_T2,unclassified,unknown,,,,,unknown,unknown,,,,,unknown,cyclotide,,,,"{""header"": ""cliotide_T2"", ""sequence"": ""GEFLKCGESCVQGECYTPGCSCDWPICKKN""}"
GIPCGESCVFIPCITGAIGCSCKSKVCYRD,GIPCGESCVFIPCITGAIGCSCKSKVCYRD,yes,30,CyBase,CyBase\Cyclotide.fa,223,cliotide_T12,cliotide_T12,unclassified,unknown,,,,,unknown,unknown,,,,,unknown,cyclotide,,,,"{""header"": ""cliotide_T12"", ""sequence"": ""GIPCGESCVFIPCITGAIGCSCKSKVCYRD""}"
QLPICGETCVLGTCYTPGCRCQYPICVR,QLPICGETCVLGTCYTPGCRCQYPICVR,yes,28,CyBase,CyBase\Cyclotide.fa,224,Panitide_L1,Panitide_L1,unclassified,unknown,,,,,unknown,unknown,,,,,unknown,cyclotide,,,,"{""header"": ""Panitide_L1"", ""sequence"": ""QLPICGETCVLGTCYTPGCRCQYPICVR""}"
QLPICGETCVLGRCYTPNCRCQYPICVR,QLPICGETCVLGRCYTPNCRCQYPICVR,yes,28,CyBase,CyBase\Cyclotide.fa,225,Panitide_L2,Panitide_L2,unclassified,unknown,,,,,unknown,unknown,,,,,unknown,cyclotide,,,,"{""header"": ""Panitide_L2"", ""sequence"": ""QLPICGETCVLGRCYTPNCRCQYPICVR""}"
QAFCGETCLLGTCYTPGCRCTAGICLK,QAFCGETCLLGTCYTPGCRCTAGICLK,yes,27,CyBase,CyBase\Cyclotide.fa,226,Panitide_L4,Panitide_L4,unclassified,unknown,,,,,unknown,unknown,,,,,unknown,cyclotide,,,,"{""header"": ""Panitide_L4"", ""sequence"": ""QAFCGETCLLGTCYTPGCRCTAGICLK""}"
QLPICGETCVLGTCYTPGCSCAYPICVR,QLPICGETCVLGTCYTPGCSCAYPICVR,yes,28,CyBase,CyBase\Cyclotide.fa,227,Panitide_L6,Panitide_L6,unclassified,unknown,,,,,unknown,unknown,,,,,unknown,cyclotide,,,,"{""header"": ""Panitide_L6"", ""sequence"": ""QLPICGETCVLGTCYTPGCSCAYPICVR""}"
QAFCGETCLLGKCYTPGCSCHTGICLK,QAFCGETCLLGKCYTPGCSCHTGICLK,yes,27,CyBase,CyBase\Cyclotide.fa,228,Panitide_L3,Panitide_L3,unclassified,unknown,,,,,unknown,unknown,,,,,unknown,cyclotide,,,,"{""header"": ""Panitide_L3"", ""sequence"": ""QAFCGETCLLGKCYTPGCSCHTGICLK""}"
QLPICGETCVLGTCYTPGCSCAYPICAR,QLPICGETCVLGTCYTPGCSCAYPICAR,yes,28,CyBase,CyBase\Cyclotide.fa,229,Panitide_L5,Panitide_L5,unclassified,unknown,,,,,unknown,unknown,,,,,unknown,cyclotide,,,,"{""header"": ""Panitide_L5"", ""sequence"": ""QLPICGETCVLGTCYTPGCSCAYPICAR""}"
QAFCGETCVLGTCYTPGCSCNFGICLK,QAFCGETCVLGTCYTPGCSCNFGICLK,yes,27,CyBase,CyBase\Cyclotide.fa,230,Panitide_L7,Panitide_L7,unclassified,unknown,,,,,unknown,unknown,,,,,unknown,cyclotide,,,,"{""header"": ""Panitide_L7"", ""sequence"": ""QAFCGETCVLGTCYTPGCSCNFGICLK""}"
QDCGETCVLGTCYTPGCSCSAYPLCV,QDCGETCVLGTCYTPGCSCSAYPLCV,yes,26,CyBase,CyBase\Cyclotide.fa,231,Panitide_L8,Panitide_L8,unclassified,unknown,,,,,unknown,unknown,,,,,unknown,cyclotide,,,,"{""header"": ""Panitide_L8"", ""sequence"": ""QDCGETCVLGTCYTPGCSCSAYPLCV""}"
GLPLCGETCAGGTCNTPGCSCSWPVCVRN,GLPLCGETCAGGTCNTPGCSCSWPVCVRN,yes,29,CyBase,CyBase\Cyclotide.fa,232,vigno_1,vigno_1,unclassified,unknown,,,,,unknown,unknown,,,,,unknown,cyclotide,,,,"{""header"": ""vigno_1"", ""sequence"": ""GLPLCGETCAGGTCNTPGCSCSWPVCVRN""}"
GSSPLCGETCAGGTCNTPGCSCSWPVCVRD,GSSPLCGETCAGGTCNTPGCSCSWPVCVRD,yes,30,CyBase,CyBase\Cyclotide.fa,233,vigno_2,vigno_2,unclassified,unknown,,,,,unknown,unknown,,,,,unknown,cyclotide,,,,"{""header"": ""vigno_2"", ""sequence"": ""GSSPLCGETCAGGTCNTPGCSCSWPVCVRD""}"
GLPLCGETCVGGTCNTPGCSCSWPVCTRN,GLPLCGETCVGGTCNTPGCSCSWPVCTRN,yes,29,CyBase,CyBase\Cyclotide.fa,234,vigno_3,vigno_3,unclassified,unknown,,,,,unknown,unknown,,,,,unknown,cyclotide,,,,"{""header"": ""vigno_3"", ""sequence"": ""GLPLCGETCVGGTCNTPGCSCSWPVCTRN""}"
GLPLCGETCVGGTCNTPACSCSWPVCTRN,GLPLCGETCVGGTCNTPACSCSWPVCTRN,yes,29,CyBase,CyBase\Cyclotide.fa,235,vigno_4,vigno_4,unclassified,unknown,,,,,unknown,unknown,,,,,unknown,cyclotide,,,,"{""header"": ""vigno_4"", ""sequence"": ""GLPLCGETCVGGTCNTPACSCSWPVCTRN""}"
GLPLCGETCVGGTCNTPGCSCGWPVCVRN,GLPLCGETCVGGTCNTPGCSCGWPVCVRN,yes,29,CyBase,CyBase\Cyclotide.fa,236,vigno_5,vigno_5,unclassified,unknown,,,,,unknown,unknown,,,,,unknown,cyclotide,,,,"{""header"": ""vigno_5"", ""sequence"": ""GLPLCGETCVGGTCNTPGCSCGWPVCVRN""}"
GIPCGESCVWIPCISSAIGCSCKGSKVCYRN,GIPCGESCVWIPCISSAIGCSCKGSKVCYRN,yes,31,CyBase,CyBase\Cyclotide.fa,237,vigno_6,vigno_6,unclassified,unknown,,,,,unknown,unknown,,,,,unknown,cyclotide,,,,"{""header"": ""vigno_6"", ""sequence"": ""GIPCGESCVWIPCISSAIGCSCKGSKVCYRN""}"
GTLPCGESCVWIPCISSVVGCSCKNKVCYKN,GTLPCGESCVWIPCISSVVGCSCKNKVCYKN,yes,31,CyBase,CyBase\Cyclotide.fa,238,vigno_7,vigno_7,unclassified,unknown,,,,,unknown,unknown,,,,,unknown,cyclotide,,,,"{""header"": ""vigno_7"", ""sequence"": ""GTLPCGESCVWIPCISSVVGCSCKNKVCYKN""}"
GIPCGESCVWIPCITSAVGCSCKSKVCYRN,GIPCGESCVWIPCITSAVGCSCKSKVCYRN,yes,30,CyBase,CyBase\Cyclotide.fa,239,vigno_8,vigno_8,unclassified,unknown,,,,,unknown,unknown,,,,,unknown,cyclotide,,,,"{""header"": ""vigno_8"", ""sequence"": ""GIPCGESCVWIPCITSAVGCSCKSKVCYRN""}"
GIPCGESCVWIPCISSALGCSCKSKVCYRN,GIPCGESCVWIPCISSALGCSCKSKVCYRN,yes,30,CyBase,CyBase\Cyclotide.fa,240,vigno_9,vigno_9,unclassified,unknown,,,,,unknown,unknown,,,,,unknown,cyclotide,,,,"{""header"": ""vigno_9"", ""sequence"": ""GIPCGESCVWIPCISSALGCSCKSKVCYRN""}"
GTIPCGESCVWIPCISSVVGCSCKSKVCYKD,GTIPCGESCVWIPCISSVVGCSCKSKVCYKD,yes,31,CyBase,CyBase\Cyclotide.fa,241,vigno_10,vigno_10,unclassified,unknown,,,,,unknown,unknown,,,,,unknown,cyclotide,,,,"{""header"": ""vigno_10"", ""sequence"": ""GTIPCGESCVWIPCISSVVGCSCKSKVCYKD""}"
GVIPCGESCVFIPCISTVIGCSCKDKVCYRN,GVIPCGESCVFIPCISTVIGCSCKDKVCYRN,yes,31,CyBase,CyBase\Cyclotide.fa,242,caripe_1,caripe_1,unclassified,unknown,,,,,unknown,unknown,,,,,unknown,cyclotide,,,,"{""header"": ""caripe_1"", ""sequence"": ""GVIPCGESCVFIPCISTVIGCSCKDKVCYRN""}"
GIPCGESCVFIRCTITALLGCSCSNNVCYKN,GIPCGESCVFIRCTITALLGCSCSNNVCYKN,yes,31,CyBase,CyBase\Cyclotide.fa,243,caripe_2,caripe_2,unclassified,unknown,,,,,unknown,unknown,,,,,unknown,cyclotide,,,,"{""header"": ""caripe_2"", ""sequence"": ""GIPCGESCVFIRCTITALLGCSCSNNVCYKN""}"
LICSSTCLRIPCLSPRCTCRHHICYLN,LICSSTCLRIPCLSPRCTCRHHICYLN,yes,27,CyBase,CyBase\Cyclotide.fa,244,caripe_4,caripe_4,unclassified,unknown,,,,,unknown,unknown,,,,,unknown,cyclotide,,,,"{""header"": ""caripe_4"", ""sequence"": ""LICSSTCLRIPCLSPRCTCRHHICYLN""}"
GAICTGTCFRNPCLSRRCTCRHYICYLN,GAICTGTCFRNPCLSRRCTCRHYICYLN,yes,28,CyBase,CyBase\Cyclotide.fa,245,caripe_6,caripe_6,unclassified,unknown,,,,,unknown,unknown,,,,,unknown,cyclotide,,,,"{""header"": ""caripe_6"", ""sequence"": ""GAICTGTCFRNPCLSRRCTCRHYICYLN""}"
GLPVCGETCVGGTCNTPGCTCSWPICTRN,GLPVCGETCVGGTCNTPGCTCSWPICTRN,yes,29,CyBase,CyBase\Cyclotide.fa,246,chacur_1,chacur_1,unclassified,unknown,,,,,unknown,unknown,,,,,unknown,cyclotide,,,,"{""header"": ""chacur_1"", ""sequence"": ""GLPVCGETCVGGTCNTPGCTCSWPICTRN""}"
GLPICGETCTLGTCNTPGCTCSWPICTKN,GLPICGETCTLGTCNTPGCTCSWPICTKN,yes,29,CyBase,CyBase\Cyclotide.fa,247,psybra_1,psybra_1,unclassified,unknown,,,,,unknown,unknown,,,,,unknown,cyclotide,,,,"{""header"": ""psybra_1"", ""sequence"": ""GLPICGETCTLGTCNTPGCTCSWPICTKN""}"
GLPICGETCFTGTCNTPGCTCSYPVCTRN,GLPICGETCFTGTCNTPGCTCSYPVCTRN,yes,29,CyBase,CyBase\Cyclotide.fa,248,paltet_1,paltet_1,unclassified,unknown,,,,,unknown,unknown,,,,,unknown,cyclotide,,,,"{""header"": ""paltet_1"", ""sequence"": ""GLPICGETCFTGTCNTPGCTCSYPVCTRN""}"
GSVICGETCFTTVCNTPGCYCGAYXCTRN,GSVICGETCFTTVCNTPGCYCGAYXCTRN,no,29,CyBase,CyBase\Cyclotide.fa,249,psypoe_1,psypoe_1,unclassified,unknown,,,,,unknown,unknown,,,,,unknown,cyclotide,,,,"{""header"": ""psypoe_1"", ""sequence"": ""GSVICGETCFTTVCNTPGCYCGAYXCTRN""}"
GIPCGESCVFIPCTVTALLGCSCKNKVCYRN,GIPCGESCVFIPCTVTALLGCSCKNKVCYRN,yes,31,CyBase,CyBase\Cyclotide.fa,250,caripe_7,caripe_7,unclassified,unknown,,,,,unknown,unknown,,,,,unknown,cyclotide,,,,"{""header"": ""caripe_7"", ""sequence"": ""GIPCGESCVFIPCTVTALLGCSCKNKVCYRN""}"
GVIPCGESCVFIPCITAAIGCSCKKKVCYRN,GVIPCGESCVFIPCITAAIGCSCKKKVCYRN,yes,31,CyBase,CyBase\Cyclotide.fa,251,caripe_8,caripe_8,unclassified,unknown,,,,,unknown,unknown,,,,,unknown,cyclotide,,,,"{""header"": ""caripe_8"", ""sequence"": ""GVIPCGESCVFIPCITAAIGCSCKKKVCYRN""}"
GIPCGESCVFIPCISALLGCSCSNKVCYNN,GIPCGESCVFIPCISALLGCSCSNKVCYNN,yes,30,CyBase,CyBase\Cyclotide.fa,252,chassatide_C18,chassatide_C18,unclassified,unknown,,,,,unknown,unknown,,,,,unknown,cyclotide,,,,"{""header"": ""chassatide_C18"", ""sequence"": ""GIPCGESCVFIPCISALLGCSCSNKVCYNN""}"
GVPCAESCVYIPCTITALFGCSCKDKVCYNN,GVPCAESCVYIPCTITALFGCSCKDKVCYNN,yes,31,CyBase,CyBase\Cyclotide.fa,253,chassatide_C16,chassatide_C16,unclassified,unknown,,,,,unknown,unknown,,,,,unknown,cyclotide,,,,"{""header"": ""chassatide_C16"", ""sequence"": ""GVPCAESCVYIPCTITALFGCSCKDKVCYNN""}"
GIPCAESCVYIPCTITALLGCSCKDKVCYKN,GIPCAESCVYIPCTITALLGCSCKDKVCYKN,yes,31,CyBase,CyBase\Cyclotide.fa,254,chassatide_C15,chassatide_C15,unclassified,unknown,,,,,unknown,unknown,,,,,unknown,cyclotide,,,,"{""header"": ""chassatide_C15"", ""sequence"": ""GIPCAESCVYIPCTITALLGCSCKDKVCYKN""}"
GFPCAESCVYIPCTVTALLGCSCRNRVCYRN,GFPCAESCVYIPCTVTALLGCSCRNRVCYRN,yes,31,CyBase,CyBase\Cyclotide.fa,255,chassatide_C13,chassatide_C13,unclassified,unknown,,,,,unknown,unknown,,,,,unknown,cyclotide,,,,"{""header"": ""chassatide_C13"", ""sequence"": ""GFPCAESCVYIPCTVTALLGCSCRNRVCYRN""}"
IPCGESCVYIPCISAVLGCSCQNKVCYR,IPCGESCVYIPCISAVLGCSCQNKVCYR,yes,28,CyBase,CyBase\Cyclotide.fa,256,chassatide_C17,chassatide_C17,unclassified,unknown,,,,,unknown,unknown,,,,,unknown,cyclotide,,,,"{""header"": ""chassatide_C17"", ""sequence"": ""IPCGESCVYIPCISAVLGCSCQNKVCYR""}"
GIPCAESCVYIPCTITALFGCSCKDKVCYNN,GIPCAESCVYIPCTITALFGCSCKDKVCYNN,yes,31,CyBase,CyBase\Cyclotide.fa,257,chassatide_C14,chassatide_C14,unclassified,unknown,,,,,unknown,unknown,,,,,unknown,cyclotide,,,,"{""header"": ""chassatide_C14"", ""sequence"": ""GIPCAESCVYIPCTITALFGCSCKDKVCYNN""}"
AIPCGESCVWIPCISTVIGCSCSNKVCYR,AIPCGESCVWIPCISTVIGCSCSNKVCYR,yes,29,CyBase,CyBase\Cyclotide.fa,258,chassatide_C8,chassatide_C8,unclassified,unknown,,,,,unknown,unknown,,,,,unknown,cyclotide,,,,"{""header"": ""chassatide_C8"", ""sequence"": ""AIPCGESCVWIPCISTVIGCSCSNKVCYR""}"
IPCGESCVWIPCITAIAGCSCKNKVCYT,IPCGESCVWIPCITAIAGCSCKNKVCYT,yes,28,CyBase,CyBase\Cyclotide.fa,259,chassatide_C7,chassatide_C7,unclassified,unknown,,,,,unknown,unknown,,,,,unknown,cyclotide,,,,"{""header"": ""chassatide_C7"", ""sequence"": ""IPCGESCVWIPCITAIAGCSCKNKVCYT""}"
GASCGETCFTGICFTAGCSCNPWPTCTRN,GASCGETCFTGICFTAGCSCNPWPTCTRN,yes,29,CyBase,CyBase\Cyclotide.fa,260,chassatide_C4,chassatide_C4,unclassified,unknown,,,,,unknown,unknown,,,,,unknown,cyclotide,,,,"{""header"": ""chassatide_C4"", ""sequence"": ""GASCGETCFTGICFTAGCSCNPWPTCTRN""}"
GIPCAESCVWIPCTITALMGCSCKNNVCYNN,GIPCAESCVWIPCTITALMGCSCKNNVCYNN,yes,31,CyBase,CyBase\Cyclotide.fa,261,chassatide_C2,chassatide_C2,unclassified,unknown,,,,,unknown,unknown,,,,,unknown,cyclotide,,,,"{""header"": ""chassatide_C2"", ""sequence"": ""GIPCAESCVWIPCTITALMGCSCKNNVCYNN""}"
GDACGETCFTGICFTAGCSCNPWPTCTRN,GDACGETCFTGICFTAGCSCNPWPTCTRN,yes,29,CyBase,CyBase\Cyclotide.fa,262,chassatide_C1,chassatide_C1,unclassified,unknown,,,,,unknown,unknown,,,,,unknown,cyclotide,,,,"{""header"": ""chassatide_C1"", ""sequence"": ""GDACGETCFTGICFTAGCSCNPWPTCTRN""}"
GIPCGESCVWIPCISSALGCSCKNKVCYRN,GIPCGESCVWIPCISSALGCSCKNKVCYRN,yes,30,CyBase,CyBase\Cyclotide.fa,263,chassatide_C3,chassatide_C3,unclassified,unknown,,,,,unknown,unknown,,,,,unknown,cyclotide,,,,"{""header"": ""chassatide_C3"", ""sequence"": ""GIPCGESCVWIPCISSALGCSCKNKVCYRN""}"
GVIPCGESCVFIPCISSVVGCSCKNKVCYRN,GVIPCGESCVFIPCISSVVGCSCKNKVCYRN,yes,31,CyBase,CyBase\Cyclotide.fa,264,chassatide_C5,chassatide_C5,unclassified,unknown,,,,,unknown,unknown,,,,,unknown,cyclotide,,,,"{""header"": ""chassatide_C5"", ""sequence"": ""GVIPCGESCVFIPCISSVVGCSCKNKVCYRN""}"
GVIPCGESCVFIPCISSVIGCSCKNKVCYRN,GVIPCGESCVFIPCISSVIGCSCKNKVCYRN,yes,31,CyBase,CyBase\Cyclotide.fa,265,chassatide_C6,chassatide_C6,unclassified,unknown,,,,,unknown,unknown,,,,,unknown,cyclotide,,,,"{""header"": ""chassatide_C6"", ""sequence"": ""GVIPCGESCVFIPCISSVIGCSCKNKVCYRN""}"
GIPCGESCVFIPCVTTVIGCSCKDKVCYNN,GIPCGESCVFIPCVTTVIGCSCKDKVCYNN,yes,30,CyBase,CyBase\Cyclotide.fa,266,chassatide_C9,chassatide_C9,unclassified,unknown,,,,,unknown,unknown,,,,,unknown,cyclotide,,,,"{""header"": ""chassatide_C9"", ""sequence"": ""GIPCGESCVFIPCVTTVIGCSCKDKVCYNN""}"
GEYCGESCYLIPCFTPGCYCVSRQCVNKN,GEYCGESCYLIPCFTPGCYCVSRQCVNKN,yes,29,CyBase,CyBase\Cyclotide.fa,267,chassatide_C10,chassatide_C10,unclassified,unknown,,,,,unknown,unknown,,,,,unknown,cyclotide,,,,"{""header"": ""chassatide_C10"", ""sequence"": ""GEYCGESCYLIPCFTPGCYCVSRQCVNKN""}"
IPCGESCVWIPCISGMFGCSCKDKVCYS,IPCGESCVWIPCISGMFGCSCKDKVCYS,yes,28,CyBase,CyBase\Cyclotide.fa,268,chassatide_C11,chassatide_C11,unclassified,unknown,,,,,unknown,unknown,,,,,unknown,cyclotide,,,,"{""header"": ""chassatide_C11"", ""sequence"": ""IPCGESCVWIPCISGMFGCSCKDKVCYS""}"
EYCGESCYLIPCFTPGCYCVSRQCVNKN,EYCGESCYLIPCFTPGCYCVSRQCVNKN,yes,28,CyBase,CyBase\Cyclotide.fa,269,chassatide_C12,chassatide_C12,unclassified,unknown,,,,,unknown,unknown,,,,,unknown,cyclotide,,,,"{""header"": ""chassatide_C12"", ""sequence"": ""EYCGESCYLIPCFTPGCYCVSRQCVNKN""}"
GIGCGESCVWIPCVSAAIGCSCSNKICYRN,GIGCGESCVWIPCVSAAIGCSCSNKICYRN,yes,30,CyBase,CyBase\Cyclotide.fa,270,Phyb_A,Phyb_A,unclassified,unknown,,,,,unknown,unknown,,,,,unknown,cyclotide,,,,"{""header"": ""Phyb_A"", ""sequence"": ""GIGCGESCVWIPCVSAAIGCSCSNKICYRN""}"
GIPCGESCMWIPCISAAIGCSCTNHVCYKN,GIPCGESCMWIPCISAAIGCSCTNHVCYKN,yes,30,CyBase,CyBase\Cyclotide.fa,271,Phyb_D,Phyb_D,unclassified,unknown,,,,,unknown,unknown,,,,,unknown,cyclotide,,,,"{""header"": ""Phyb_D"", ""sequence"": ""GIPCGESCMWIPCISAAIGCSCTNHVCYKN""}"
GIPCGESCVWIPCISGVQGCSCSNKICYRN,GIPCGESCVWIPCISGVQGCSCSNKICYRN,yes,30,CyBase,CyBase\Cyclotide.fa,272,Phyb_E,Phyb_E,unclassified,unknown,,,,,unknown,unknown,,,,,unknown,cyclotide,,,,"{""header"": ""Phyb_E"", ""sequence"": ""GIPCGESCVWIPCISGVQGCSCSNKICYRN""}"
GIPCGGSCVWIPCISGVQGCSCSNKICYRN,GIPCGGSCVWIPCISGVQGCSCSNKICYRN,yes,30,CyBase,CyBase\Cyclotide.fa,273,Phyb_F,Phyb_F,unclassified,unknown,,,,,unknown,unknown,,,,,unknown,cyclotide,,,,"{""header"": ""Phyb_F"", ""sequence"": ""GIPCGGSCVWIPCISGVQGCSCSNKICYRN""}"
GIPCGESCAWIPCISAVQGCSCRNKICYRN,GIPCGESCAWIPCISAVQGCSCRNKICYRN,yes,30,CyBase,CyBase\Cyclotide.fa,274,Phyb_G,Phyb_G,unclassified,unknown,,,,,unknown,unknown,,,,,unknown,cyclotide,,,,"{""header"": ""Phyb_G"", ""sequence"": ""GIPCGESCAWIPCISAVQGCSCRNKICYRN""}"
GLPCGESCIWIECISGAIGCSCRNKVCYRN,GLPCGESCIWIECISGAIGCSCRNKVCYRN,yes,30,CyBase,CyBase\Cyclotide.fa,275,Phyb_H,Phyb_H,unclassified,unknown,,,,,unknown,unknown,,,,,unknown,cyclotide,,,,"{""header"": ""Phyb_H"", ""sequence"": ""GLPCGESCIWIECISGAIGCSCRNKVCYRN""}"
GIPCGESCIWIPCTTTALLGCSCSNKVCYKN,GIPCGESCIWIPCTTTALLGCSCSNKVCYKN,yes,31,CyBase,CyBase\Cyclotide.fa,276,Phyb_I,Phyb_I,unclassified,unknown,,,,,unknown,unknown,,,,,unknown,cyclotide,,,,"{""header"": ""Phyb_I"", ""sequence"": ""GIPCGESCIWIPCTTTALLGCSCSNKVCYKN""}"
SYTCGESCLWIPCTVTAAFGCYCSNKVCVKD,SYTCGESCLWIPCTVTAAFGCYCSNKVCVKD,yes,31,CyBase,CyBase\Cyclotide.fa,277,Phyb_J,Phyb_J,unclassified,unknown,,,,,unknown,unknown,,,,,unknown,cyclotide,,,,"{""header"": ""Phyb_J"", ""sequence"": ""SYTCGESCLWIPCTVTAAFGCYCSNKVCVKD""}"
STDCGEPCVYIPCTITALLGCSCLNKVCVRP,STDCGEPCVYIPCTITALLGCSCLNKVCVRP,yes,31,CyBase,CyBase\Cyclotide.fa,278,Phyb_K,Phyb_K,unclassified,unknown,,,,,unknown,unknown,,,,,unknown,cyclotide,,,,"{""header"": ""Phyb_K"", ""sequence"": ""STDCGEPCVYIPCTITALLGCSCLNKVCVRP""}"
QSISCAETCVWIPCATSLIGCSCVNSICTYTN,QSISCAETCVWIPCATSLIGCSCVNSICTYTN,yes,32,CyBase,CyBase\Cyclotide.fa,279,Phyb_L,Phyb_L,unclassified,unknown,,,,,unknown,unknown,,,,,unknown,cyclotide,,,,"{""header"": ""Phyb_L"", ""sequence"": ""QSISCAETCVWIPCATSLIGCSCVNSICTYTN""}"
GVPCGESCVWMYCISAAMGCSCRNKVCYRN,GVPCGESCVWMYCISAAMGCSCRNKVCYRN,yes,30,CyBase,CyBase\Cyclotide.fa,280,Phyb_B,Phyb_B,unclassified,unknown,,,,,unknown,unknown,,,,,unknown,cyclotide,,,,"{""header"": ""Phyb_B"", ""sequence"": ""GVPCGESCVWMYCISAAMGCSCRNKVCYRN""}"
GIPCGESCVWMYCITATMGCSCRNKVCYKN,GIPCGESCVWMYCITATMGCSCRNKVCYKN,yes,30,CyBase,CyBase\Cyclotide.fa,281,Phyb_C,Phyb_C,unclassified,unknown,,,,,unknown,unknown,,,,,unknown,cyclotide,,,,"{""header"": ""Phyb_C"", ""sequence"": ""GIPCGESCVWMYCITATMGCSCRNKVCYKN""}"
GLPVCGETCVGGTCNTPGCSCSWPVCIRN,GLPVCGETCVGGTCNTPGCSCSWPVCIRN,yes,29,CyBase,CyBase\Cyclotide.fa,282,vocC,vocC,unclassified,unknown,,,,,unknown,unknown,,,,,unknown,cyclotide,,,,"{""header"": ""vocC"", ""sequence"": ""GLPVCGETCVGGTCNTPGCSCSWPVCIRN""}"
GLIPCGESCVWIPCISSVIGCSCKSKVCYKN,GLIPCGESCVWIPCISSVIGCSCKSKVCYKN,yes,31,CyBase,CyBase\Cyclotide.fa,283,vitri_1,vitri_1,unclassified,unknown,,,,,unknown,unknown,,,,,unknown,cyclotide,,,,"{""header"": ""vitri_1"", ""sequence"": ""GLIPCGESCVWIPCISSVIGCSCKSKVCYKN""}"
GSIPCGESCVWIPCISGIAGCSCSNKVCYLN,GSIPCGESCVWIPCISGIAGCSCSNKVCYLN,yes,31,CyBase,CyBase\Cyclotide.fa,284,vitri_2,vitri_2,unclassified,unknown,,,,,unknown,unknown,,,,,unknown,cyclotide,,,,"{""header"": ""vitri_2"", ""sequence"": ""GSIPCGESCVWIPCISGIAGCSCSNKVCYLN""}"
GSWPCGESCVYIPCITSIAGCECSKNVCYKN,GSWPCGESCVYIPCITSIAGCECSKNVCYKN,yes,31,CyBase,CyBase\Cyclotide.fa,285,vitri_3,vitri_3,unclassified,unknown,,,,,unknown,unknown,,,,,unknown,cyclotide,,,,"{""header"": ""vitri_3"", ""sequence"": ""GSWPCGESCVYIPCITSIAGCECSKNVCYKN""}"
GTPCGESCIYVPCISAVFGCWCQSKVCYKD,GTPCGESCIYVPCISAVFGCWCQSKVCYKD,yes,30,CyBase,CyBase\Cyclotide.fa,286,vitri_4,vitri_4,unclassified,unknown,,,,,unknown,unknown,,,,,unknown,cyclotide,,,,"{""header"": ""vitri_4"", ""sequence"": ""GTPCGESCIYVPCISAVFGCWCQSKVCYKD""}"
PTPCGETCIWISCVTAAIGCYCHESICYR,PTPCGETCIWISCVTAAIGCYCHESICYR,yes,29,CyBase,CyBase\Cyclotide.fa,287,vitri_8,vitri_8,unclassified,unknown,,,,,unknown,unknown,,,,,unknown,cyclotide,,,,"{""header"": ""vitri_8"", ""sequence"": ""PTPCGETCIWISCVTAAIGCYCHESICYR""}"
GTIFDCGETCLLGKCYTPGCSCGSWALCYGQN,GTIFDCGETCLLGKCYTPGCSCGSWALCYGQN,yes,32,CyBase,CyBase\Cyclotide.fa,288,vitri_9a,vitri_9a,unclassified,unknown,,,,,unknown,unknown,,,,,unknown,cyclotide,,,,"{""header"": ""vitri_9a"", ""sequence"": ""GTIFDCGETCLLGKCYTPGCSCGSWALCYGQN""}"
GSSCGETCEVFSCFITRCACIDGLCYRN,GSSCGETCEVFSCFITRCACIDGLCYRN,yes,28,CyBase,CyBase\Cyclotide.fa,289,vitri_14,vitri_14,unclassified,unknown,,,,,unknown,unknown,,,,,unknown,cyclotide,,,,"{""header"": ""vitri_14"", ""sequence"": ""GSSCGETCEVFSCFITRCACIDGLCYRN""}"
GSDDQVACGESCAMTPCFMHVVGCVCSQKVCYR,GSDDQVACGESCAMTPCFMHVVGCVCSQKVCYR,yes,33,CyBase,CyBase\Cyclotide.fa,290,vitri_17,vitri_17,unclassified,unknown,,,,,unknown,unknown,,,,,unknown,cyclotide,,,,"{""header"": ""vitri_17"", ""sequence"": ""GSDDQVACGESCAMTPCFMHVVGCVCSQKVCYR""}"
GVPICGETCFQGTCNTPGCTCKWPICERN,GVPICGETCFQGTCNTPGCTCKWPICERN,yes,29,CyBase,CyBase\Cyclotide.fa,291,vitri_18a,vitri_18a,unclassified,unknown,,,,,unknown,unknown,,,,,unknown,cyclotide,,,,"{""header"": ""vitri_18a"", ""sequence"": ""GVPICGETCFQGTCNTPGCTCKWPICERN""}"
GDLVPCGESCVYIPCLTTVLGCSCSENVCYRN,GDLVPCGESCVYIPCLTTVLGCSCSENVCYRN,yes,32,CyBase,CyBase\Cyclotide.fa,292,vitri_20,vitri_20,unclassified,unknown,,,,,unknown,unknown,,,,,unknown,cyclotide,,,,"{""header"": ""vitri_20"", ""sequence"": ""GDLVPCGESCVYIPCLTTVLGCSCSENVCYRN""}"
GGPLDCQETCTLSDRCYTKGCTCNWPICYKN,GGPLDCQETCTLSDRCYTKGCTCNWPICYKN,yes,31,CyBase,CyBase\Cyclotide.fa,293,vitri_21,vitri_21,unclassified,unknown,,,,,unknown,unknown,,,,,unknown,cyclotide,,,,"{""header"": ""vitri_21"", ""sequence"": ""GGPLDCQETCTLSDRCYTKGCTCNWPICYKN""}"
GAPVCGETCFTGLCYSSGCSCIYPVCNRN,GAPVCGETCFTGLCYSSGCSCIYPVCNRN,yes,29,CyBase,CyBase\Cyclotide.fa,294,vitri_22a,vitri_22a,unclassified,unknown,,,,,unknown,unknown,,,,,unknown,cyclotide,,,,"{""header"": ""vitri_22a"", ""sequence"": ""GAPVCGETCFTGLCYSSGCSCIYPVCNRN""}"
GVAVCGETCTLGTCYTPGCSCDWPICKRN,GVAVCGETCTLGTCYTPGCSCDWPICKRN,yes,29,CyBase,CyBase\Cyclotide.fa,295,vitri_94b,vitri_94b,unclassified,unknown,,,,,unknown,unknown,,,,,unknown,cyclotide,,,,"{""header"": ""vitri_94b"", ""sequence"": ""GVAVCGETCTLGTCYTPGCSCDWPICKRN""}"
GLPTCGETCTLGTCYTPGCTCSWPLCTKN,GLPTCGETCTLGTCYTPGCTCSWPLCTKN,yes,29,CyBase,CyBase\Cyclotide.fa,296,vitri_23,vitri_23,unclassified,unknown,,,,,unknown,unknown,,,,,unknown,cyclotide,,,,"{""header"": ""vitri_23"", ""sequence"": ""GLPTCGETCTLGTCYTPGCTCSWPLCTKN""}"
GEPVCGDSCVFFGCDDEGCTCGPWSLCYRN,GEPVCGDSCVFFGCDDEGCTCGPWSLCYRN,yes,30,CyBase,CyBase\Cyclotide.fa,297,vitri_24,vitri_24,unclassified,unknown,,,,,unknown,unknown,,,,,unknown,cyclotide,,,,"{""header"": ""vitri_24"", ""sequence"": ""GEPVCGDSCVFFGCDDEGCTCGPWSLCYRN""}"
GAFTPCGETCLTGECHTEGCSCVGQTFCVKK,GAFTPCGETCLTGECHTEGCSCVGQTFCVKK,yes,31,CyBase,CyBase\Cyclotide.fa,298,vitri_27a,vitri_27a,unclassified,unknown,,,,,unknown,unknown,,,,,unknown,cyclotide,,,,"{""header"": ""vitri_27a"", ""sequence"": ""GAFTPCGETCLTGECHTEGCSCVGQTFCVKK""}"
GVPSSDCLETCFGGKCNAHRCTCSQWPLCAKN,GVPSSDCLETCFGGKCNAHRCTCSQWPLCAKN,yes,32,CyBase,CyBase\Cyclotide.fa,299,vitri_29,vitri_29,unclassified,unknown,,,,,unknown,unknown,,,,,unknown,cyclotide,,,,"{""header"": ""vitri_29"", ""sequence"": ""GVPSSDCLETCFGGKCNAHRCTCSQWPLCAKN""}"
GFACGETCIFTSCFITGCTCNSSLCFRN,GFACGETCIFTSCFITGCTCNSSLCFRN,yes,28,CyBase,CyBase\Cyclotide.fa,300,vitri_30,vitri_30,unclassified,unknown,,,,,unknown,unknown,,,,,unknown,cyclotide,,,,"{""header"": ""vitri_30"", ""sequence"": ""GFACGETCIFTSCFITGCTCNSSLCFRN""}"
GGTIFSCGESCFQGTCYTKGCACGDWKLCYGEN,GGTIFSCGESCFQGTCYTKGCACGDWKLCYGEN,yes,33,CyBase,CyBase\Cyclotide.fa,301,vitri_36,vitri_36,unclassified,unknown,,,,,unknown,unknown,,,,,unknown,cyclotide,,,,"{""header"": ""vitri_36"", ""sequence"": ""GGTIFSCGESCFQGTCYTKGCACGDWKLCYGEN""}"
GDTCYETCFTGFCFIGGCKCDFPVCVKN,GDTCYETCFTGFCFIGGCKCDFPVCVKN,yes,28,CyBase,CyBase\Cyclotide.fa,302,vitri_38,vitri_38,unclassified,unknown,,,,,unknown,unknown,,,,,unknown,cyclotide,,,,"{""header"": ""vitri_38"", ""sequence"": ""GDTCYETCFTGFCFIGGCKCDFPVCVKN""}"
GAPICGESCFTGTCYTVQCSCSWPVCTRN,GAPICGESCFTGTCYTVQCSCSWPVCTRN,yes,29,CyBase,CyBase\Cyclotide.fa,303,vitri_39,vitri_39,unclassified,unknown,,,,,unknown,unknown,,,,,unknown,cyclotide,,,,"{""header"": ""vitri_39"", ""sequence"": ""GAPICGESCFTGTCYTVQCSCSWPVCTRN""}"
GGTIFNCGESCFQGTCYTKGCACGDWKLCYGEN,GGTIFNCGESCFQGTCYTKGCACGDWKLCYGEN,yes,33,CyBase,CyBase\Cyclotide.fa,304,vitri_42a,vitri_42a,unclassified,unknown,,,,,unknown,unknown,,,,,unknown,cyclotide,,,,"{""header"": ""vitri_42a"", ""sequence"": ""GGTIFNCGESCFQGTCYTKGCACGDWKLCYGEN""}"
GDIPCGESCVYIPCITGVLGCSCSHNVCYYN,GDIPCGESCVYIPCITGVLGCSCSHNVCYYN,yes,31,CyBase,CyBase\Cyclotide.fa,305,vitri_50,vitri_50,unclassified,unknown,,,,,unknown,unknown,,,,,unknown,cyclotide,,,,"{""header"": ""vitri_50"", ""sequence"": ""GDIPCGESCVYIPCITGVLGCSCSHNVCYYN""}"
GSVFNCGETCVFGTCFTSGCSCVYRVCSKD,GSVFNCGETCVFGTCFTSGCSCVYRVCSKD,yes,30,CyBase,CyBase\Cyclotide.fa,306,vitri_18b,vitri_18b,unclassified,unknown,,,,,unknown,unknown,,,,,unknown,cyclotide,,,,"{""header"": ""vitri_18b"", ""sequence"": ""GSVFNCGETCVFGTCFTSGCSCVYRVCSKD""}"
GPPVCGETCVGGTCNTPGCSCSWPVCTRN,GPPVCGETCVGGTCNTPGCSCSWPVCTRN,yes,29,CyBase,CyBase\Cyclotide.fa,307,viba_30_linear,viba_30_linear,unclassified,unknown,,,,,unknown,unknown,,,,,unknown,cyclotide,,,,"{""header"": ""viba_30_linear"", ""sequence"": ""GPPVCGETCVGGTCNTPGCSCSWPVCTRN""}"
GLPVCGEACVGGTCNTPGCSCSWPVCTRN,GLPVCGEACVGGTCNTPGCSCSWPVCTRN,yes,29,CyBase,CyBase\Cyclotide.fa,308,viba_32,viba_32,unclassified,unknown,,,,,unknown,unknown,,,,,unknown,cyclotide,,,,"{""header"": ""viba_32"", ""sequence"": ""GLPVCGEACVGGTCNTPGCSCSWPVCTRN""}"
DTTPCGESCVWIPCVSSIVGCSCQNKVCYQN,DTTPCGESCVWIPCVSSIVGCSCQNKVCYQN,yes,31,CyBase,CyBase\Cyclotide.fa,309,cliotide_T13,cliotide_T13,unclassified,unknown,,,,,unknown,unknown,,,,,unknown,cyclotide,,,,"{""header"": ""cliotide_T13"", ""sequence"": ""DTTPCGESCVWIPCVSSIVGCSCQNKVCYQN""}"
DTIPCGESCVWIPCISSILGCSCKDKVCYHN,DTIPCGESCVWIPCISSILGCSCKDKVCYHN,yes,31,CyBase,CyBase\Cyclotide.fa,310,cliotide_T14,cliotide_T14,unclassified,unknown,,,,,unknown,unknown,,,,,unknown,cyclotide,,,,"{""header"": ""cliotide_T14"", ""sequence"": ""DTIPCGESCVWIPCISSILGCSCKDKVCYHN""}"
GLPICGETCFKTKCYTKGCSCSYPVCKRN,GLPICGETCFKTKCYTKGCSCSYPVCKRN,yes,29,CyBase,CyBase\Cyclotide.fa,311,cliotide_T15,cliotide_T15,unclassified,unknown,,,,,unknown,unknown,,,,,unknown,cyclotide,,,,"{""header"": ""cliotide_T15"", ""sequence"": ""GLPICGETCFKTKCYTKGCSCSYPVCKRN""}"
GSVIGCGETCLRGRCYTPGCTCDHGICKKN,GSVIGCGETCLRGRCYTPGCTCDHGICKKN,yes,30,CyBase,CyBase\Cyclotide.fa,312,cliotide_T16,cliotide_T16,unclassified,unknown,,,,,unknown,unknown,,,,,unknown,cyclotide,,,,"{""header"": ""cliotide_T16"", ""sequence"": ""GSVIGCGETCLRGRCYTPGCTCDHGICKKN""}"
GTVPCGESCVFIPCITGIAGCSCKNKVCYLN,GTVPCGESCVFIPCITGIAGCSCKNKVCYLN,yes,31,CyBase,CyBase\Cyclotide.fa,313,cliotide_T17,cliotide_T17,unclassified,unknown,,,,,unknown,unknown,,,,,unknown,cyclotide,,,,"{""header"": ""cliotide_T17"", ""sequence"": ""GTVPCGESCVFIPCITGIAGCSCKNKVCYLN""}"
GLPICGETCFTGTCYTPGCTCSYPVCKKN,GLPICGETCFTGTCYTPGCTCSYPVCKKN,yes,29,CyBase,CyBase\Cyclotide.fa,314,cliotide_T18,cliotide_T18,unclassified,unknown,,,,,unknown,unknown,,,,,unknown,cyclotide,,,,"{""header"": ""cliotide_T18"", ""sequence"": ""GLPICGETCFTGTCYTPGCTCSYPVCKKN""}"
GSVIKCGESCLLGKCYTPGCTCSRPICKKN,GSVIKCGESCLLGKCYTPGCTCSRPICKKN,yes,30,CyBase,CyBase\Cyclotide.fa,315,cliotide_T19,cliotide_T19,unclassified,unknown,,,,,unknown,unknown,,,,,unknown,cyclotide,,,,"{""header"": ""cliotide_T19"", ""sequence"": ""GSVIKCGESCLLGKCYTPGCTCSRPICKKN""}"
GSAIRCGESCLLGKCYTPGCTCDRPICKKN,GSAIRCGESCLLGKCYTPGCTCDRPICKKN,yes,30,CyBase,CyBase\Cyclotide.fa,316,cliotide_T20,cliotide_T20,unclassified,unknown,,,,,unknown,unknown,,,,,unknown,cyclotide,,,,"{""header"": ""cliotide_T20"", ""sequence"": ""GSAIRCGESCLLGKCYTPGCTCDRPICKKN""}"
DLQCAETCVHSPCIGPCYCKHGLICYRN,DLQCAETCVHSPCIGPCYCKHGLICYRN,yes,28,CyBase,CyBase\Cyclotide.fa,317,cliotide_T21,cliotide_T21,unclassified,unknown,,,,,unknown,unknown,,,,,unknown,cyclotide,,,,"{""header"": ""cliotide_T21"", ""sequence"": ""DLQCAETCVHSPCIGPCYCKHGLICYRN""}"
GIPCGESCVFIPCITGAIGCSCKSKVCYRN,GIPCGESCVFIPCITGAIGCSCKSKVCYRN,yes,30,CyBase,CyBase\Cyclotide.fa,318,cliotide_T1,cliotide_T1,unclassified,unknown,,,,,unknown,unknown,,,,,unknown,cyclotide,,,,"{""header"": ""cliotide_T1"", ""sequence"": ""GIPCGESCVFIPCITGAIGCSCKSKVCYRN""}"
SIPCGESCVYIPCLTTIVGCSCKNSVCYSN,SIPCGESCVYIPCLTTIVGCSCKNSVCYSN,yes,30,CyBase,CyBase\Cyclotide.fa,319,cliotide_T6,cliotide_T6,unclassified,unknown,,,,,unknown,unknown,,,,,unknown,cyclotide,,,,"{""header"": ""cliotide_T6"", ""sequence"": ""SIPCGESCVYIPCLTTIVGCSCKNSVCYSN""}"
GIPCGESCVYIPCTVTALLGCSCKDKVCYKN,GIPCGESCVYIPCTVTALLGCSCKDKVCYKN,yes,31,CyBase,CyBase\Cyclotide.fa,320,cliotide_T10,cliotide_T10,unclassified,unknown,,,,,unknown,unknown,,,,,unknown,cyclotide,,,,"{""header"": ""cliotide_T10"", ""sequence"": ""GIPCGESCVYIPCTVTALLGCSCKDKVCYKN""}"
GIPCGESCVFIPCTITALLGCSCKDKVCYKN,GIPCGESCVFIPCTITALLGCSCKDKVCYKN,yes,31,CyBase,CyBase\Cyclotide.fa,321,cliotide_T11,cliotide_T11,unclassified,unknown,,,,,unknown,unknown,,,,,unknown,cyclotide,,,,"{""header"": ""cliotide_T11"", ""sequence"": ""GIPCGESCVFIPCTITALLGCSCKDKVCYKN""}"
GGSIPCGESCVFLPCFLPGCSCKSSVCYLN,GGSIPCGESCVFLPCFLPGCSCKSSVCYLN,yes,30,CyBase,CyBase\Cyclotide.fa,322,cliotide_T28,cliotide_T28,unclassified,unknown,,,,,unknown,unknown,,,,,unknown,cyclotide,,,,"{""header"": ""cliotide_T28"", ""sequence"": ""GGSIPCGESCVFLPCFLPGCSCKSSVCYLN""}"
GDLFKCGETCFGGTCYTPGCSCDYPICKNN,GDLFKCGETCFGGTCYTPGCSCDYPICKNN,yes,30,CyBase,CyBase\Cyclotide.fa,323,cliotide_T32,cliotide_T32,unclassified,unknown,,,,,unknown,unknown,,,,,unknown,cyclotide,,,,"{""header"": ""cliotide_T32"", ""sequence"": ""GDLFKCGETCFGGTCYTPGCSCDYPICKNN""}"
GFNSCSEACVYLPCFSKGCSCFKRQCYKN,GFNSCSEACVYLPCFSKGCSCFKRQCYKN,yes,29,CyBase,CyBase\Cyclotide.fa,324,cliotide_T33,cliotide_T33,unclassified,unknown,,,,,unknown,unknown,,,,,unknown,cyclotide,,,,"{""header"": ""cliotide_T33"", ""sequence"": ""GFNSCSEACVYLPCFSKGCSCFKRQCYKN""}"
GIPCGESCVFIPCTITALLGCSCKSKVCYKN,GIPCGESCVFIPCTITALLGCSCKSKVCYKN,yes,31,CyBase,CyBase\Cyclotide.fa,325,cliotide_T40,cliotide_T40,unclassified,unknown,,,,,unknown,unknown,,,,,unknown,cyclotide,,,,"{""header"": ""cliotide_T40"", ""sequence"": ""GIPCGESCVFIPCTITALLGCSCKSKVCYKN""}"
GIPCGESCVYIPCTVTALLGCSCKNKVCYRN,GIPCGESCVYIPCTVTALLGCSCKNKVCYRN,yes,31,CyBase,CyBase\Cyclotide.fa,326,cliotide_T54,cliotide_T54,unclassified,unknown,,,,,unknown,unknown,,,,,unknown,cyclotide,,,,"{""header"": ""cliotide_T54"", ""sequence"": ""GIPCGESCVYIPCTVTALLGCSCKNKVCYRN""}"
GVIPCGESCVFIPCISTLIGCSCKNKVCYRN,GVIPCGESCVFIPCISTLIGCSCKNKVCYRN,yes,31,CyBase,CyBase\Cyclotide.fa,327,cliotide_T55,cliotide_T55,unclassified,unknown,,,,,unknown,unknown,,,,,unknown,cyclotide,,,,"{""header"": ""cliotide_T55"", ""sequence"": ""GVIPCGESCVFIPCISTLIGCSCKNKVCYRN""}"
GLPVCGETCVGGTCNTPGCTCTWPVCTRN,GLPVCGETCVGGTCNTPGCTCTWPVCTRN,yes,29,CyBase,CyBase\Cyclotide.fa,328,riden_A,riden_A,unclassified,unknown,,,,,unknown,unknown,,,,,unknown,cyclotide,,,,"{""header"": ""riden_A"", ""sequence"": ""GLPVCGETCVGGTCNTPGCTCTWPVCTRN""}"
GLPICGETCFGGTCNTPNCVCDPWPICTNN,GLPICGETCFGGTCNTPNCVCDPWPICTNN,yes,30,CyBase,CyBase\Cyclotide.fa,329,Cter_1,Cter_1,unclassified,unknown,,,,,unknown,unknown,,,,,unknown,cyclotide,,,,"{""header"": ""Cter_1"", ""sequence"": ""GLPICGETCFGGTCNTPNCVCDPWPICTNN""}"
GDPLKCGESCFAGKCYTPGCTCEYPICMNN,GDPLKCGESCFAGKCYTPGCTCEYPICMNN,yes,30,CyBase,CyBase\Cyclotide.fa,330,Cter_2,Cter_2,unclassified,unknown,,,,,unknown,unknown,,,,,unknown,cyclotide,,,,"{""header"": ""Cter_2"", ""sequence"": ""GDPLKCGESCFAGKCYTPGCTCEYPICMNN""}"
GAFCGETCVLGTCYTPDCSCKAVVCIKN,GAFCGETCVLGTCYTPDCSCKAVVCIKN,yes,28,CyBase,CyBase\Cyclotide.fa,331,Cter_3,Cter_3,unclassified,unknown,,,,,unknown,unknown,,,,,unknown,cyclotide,,,,"{""header"": ""Cter_3"", ""sequence"": ""GAFCGETCVLGTCYTPDCSCKAVVCIKN""}"
GDPLACGETCFGGTCYTPGCVCDPWPICTKN,GDPLACGETCFGGTCYTPGCVCDPWPICTKN,yes,31,CyBase,CyBase\Cyclotide.fa,332,Cter_4,Cter_4,unclassified,unknown,,,,,unknown,unknown,,,,,unknown,cyclotide,,,,"{""header"": ""Cter_4"", ""sequence"": ""GDPLACGETCFGGTCYTPGCVCDPWPICTKN""}"
GGEFLKCGESCVQGECYTPGCSCDYPICKNN,GGEFLKCGESCVQGECYTPGCSCDYPICKNN,yes,31,CyBase,CyBase\Cyclotide.fa,333,Cter_5,Cter_5,unclassified,unknown,,,,,unknown,unknown,,,,,unknown,cyclotide,,,,"{""header"": ""Cter_5"", ""sequence"": ""GGEFLKCGESCVQGECYTPGCSCDYPICKNN""}"
GDPFKCGESCFAGKCYTPGCTCEYPICMNN,GDPFKCGESCFAGKCYTPGCTCEYPICMNN,yes,30,CyBase,CyBase\Cyclotide.fa,334,Cter_7,Cter_7,unclassified,unknown,,,,,unknown,unknown,,,,,unknown,cyclotide,,,,"{""header"": ""Cter_7"", ""sequence"": ""GDPFKCGESCFAGKCYTPGCTCEYPICMNN""}"
GSAFCGETCVLGTCYTPDCSCKAVVCIKN,GSAFCGETCVLGTCYTPDCSCKAVVCIKN,yes,29,CyBase,CyBase\Cyclotide.fa,335,Cter_8,Cter_8,unclassified,unknown,,,,,unknown,unknown,,,,,unknown,cyclotide,,,,"{""header"": ""Cter_8"", ""sequence"": ""GSAFCGETCVLGTCYTPDCSCKAVVCIKN""}"
GIPCGESCVYIPCTVTALLGCSCRDKVCYKN,GIPCGESCVYIPCTVTALLGCSCRDKVCYKN,yes,31,CyBase,CyBase\Cyclotide.fa,336,Cter_9,Cter_9,unclassified,unknown,,,,,unknown,unknown,,,,,unknown,cyclotide,,,,"{""header"": ""Cter_9"", ""sequence"": ""GIPCGESCVYIPCTVTALLGCSCRDKVCYKN""}"
SYIPCGESCVYIPCTVTALLGCSCSNKVCYKN,SYIPCGESCVYIPCTVTALLGCSCSNKVCYKN,yes,32,CyBase,CyBase\Cyclotide.fa,337,Cter_10,Cter_10,unclassified,unknown,,,,,unknown,unknown,,,,,unknown,cyclotide,,,,"{""header"": ""Cter_10"", ""sequence"": ""SYIPCGESCVYIPCTVTALLGCSCSNKVCYKN""}"
GSIRCGERCLLGRCHRPGCTCIRRICRRN,GSIRCGERCLLGRCHRPGCTCIRRICRRN,yes,29,CyBase,CyBase\Cyclotide.fa,338,Cter_11,Cter_11,unclassified,unknown,,,,,unknown,unknown,,,,,unknown,cyclotide,,,,"{""header"": ""Cter_11"", ""sequence"": ""GSIRCGERCLLGRCHRPGCTCIRRICRRN""}"
NTAFCGETCVLGTCYTPDCSCKAVVCIKN,NTAFCGETCVLGTCYTPDCSCKAVVCIKN,yes,29,CyBase,CyBase\Cyclotide.fa,339,Cter_12,Cter_12,unclassified,unknown,,,,,unknown,unknown,,,,,unknown,cyclotide,,,,"{""header"": ""Cter_12"", ""sequence"": ""NTAFCGETCVLGTCYTPDCSCKAVVCIKN""}"
GSAIRCGERCLLGRCHRPGCTCIRRICRRN,GSAIRCGERCLLGRCHRPGCTCIRRICRRN,yes,30,CyBase,CyBase\Cyclotide.fa,340,Cter_13,Cter_13,unclassified,unknown,,,,,unknown,unknown,,,,,unknown,cyclotide,,,,"{""header"": ""Cter_13"", ""sequence"": ""GSAIRCGERCLLGRCHRPGCTCIRRICRRN""}"
GIPCGESCVFIPCTVTALLGCSCKSKVCYKN,GIPCGESCVFIPCTVTALLGCSCKSKVCYKN,yes,31,CyBase,CyBase\Cyclotide.fa,341,Cter_15,Cter_15,unclassified,unknown,,,,,unknown,unknown,,,,,unknown,cyclotide,,,,"{""header"": ""Cter_15"", ""sequence"": ""GIPCGESCVFIPCTVTALLGCSCKSKVCYKN""}"
DLICSSTCLHTPCKASVCYCKNAVCYKN,DLICSSTCLHTPCKASVCYCKNAVCYKN,yes,28,CyBase,CyBase\Cyclotide.fa,342,Cter_18,Cter_18,unclassified,unknown,,,,,unknown,unknown,,,,,unknown,cyclotide,,,,"{""header"": ""Cter_18"", ""sequence"": ""DLICSSTCLHTPCKASVCYCKNAVCYKN""}"
SIPCGESCVYIPCLTTIVGCSCKSNVCYSN,SIPCGESCVYIPCLTTIVGCSCKSNVCYSN,yes,30,CyBase,CyBase\Cyclotide.fa,343,Cter_19,Cter_19,unclassified,unknown,,,,,unknown,unknown,,,,,unknown,cyclotide,,,,"{""header"": ""Cter_19"", ""sequence"": ""SIPCGESCVYIPCLTTIVGCSCKSNVCYSN""}"
GVIPCGESCVYLPCLTTIVGCSCKNNVCYTN,GVIPCGESCVYLPCLTTIVGCSCKNNVCYTN,yes,31,CyBase,CyBase\Cyclotide.fa,344,Cter_20,Cter_20,unclassified,unknown,,,,,unknown,unknown,,,,,unknown,cyclotide,,,,"{""header"": ""Cter_20"", ""sequence"": ""GVIPCGESCVYLPCLTTIVGCSCKNNVCYTN""}"
NTAFCGETCVLGTCYTPDCSCTAIVCIKN,NTAFCGETCVLGTCYTPDCSCTAIVCIKN,yes,29,CyBase,CyBase\Cyclotide.fa,345,Cter_22,Cter_22,unclassified,unknown,,,,,unknown,unknown,,,,,unknown,cyclotide,,,,"{""header"": ""Cter_22"", ""sequence"": ""NTAFCGETCVLGTCYTPDCSCTAIVCIKN""}"
GNPIVCGETCFFQKCYTPGCSCDAVICTNN,GNPIVCGETCFFQKCYTPGCSCDAVICTNN,yes,30,CyBase,CyBase\Cyclotide.fa,346,Cter_25,Cter_25,unclassified,unknown,,,,,unknown,unknown,,,,,unknown,cyclotide,,,,"{""header"": ""Cter_25"", ""sequence"": ""GNPIVCGETCFFQKCYTPGCSCDAVICTNN""}"
GVIPCGESCVWIPCISAAIGCSCKKNVCYRN,GVIPCGESCVWIPCISAAIGCSCKKNVCYRN,yes,31,CyBase,CyBase\Cyclotide.fa,347,Cter_28,Cter_28,unclassified,unknown,,,,,unknown,unknown,,,,,unknown,cyclotide,,,,"{""header"": ""Cter_28"", ""sequence"": ""GVIPCGESCVWIPCISAAIGCSCKKNVCYRN""}"
GALCDERCTYVPCISAARGCSCNIHRVCSMN,GALCDERCTYVPCISAARGCSCNIHRVCSMN,yes,31,CyBase,CyBase\Cyclotide.fa,348,Cter_29,Cter_29,unclassified,unknown,,,,,unknown,unknown,,,,,unknown,cyclotide,,,,"{""header"": ""Cter_29"", ""sequence"": ""GALCDERCTYVPCISAARGCSCNIHRVCSMN""}"
GFPICGETCFKTKCYTPGCSCSYPVCKKN,GFPICGETCFKTKCYTPGCSCSYPVCKKN,yes,29,CyBase,CyBase\Cyclotide.fa,349,Cter_30,Cter_30,unclassified,unknown,,,,,unknown,unknown,,,,,unknown,cyclotide,,,,"{""header"": ""Cter_30"", ""sequence"": ""GFPICGETCFKTKCYTPGCSCSYPVCKKN""}"
DLQCAETCVHSPCIGPCYCKHGVICYKN,DLQCAETCVHSPCIGPCYCKHGVICYKN,yes,28,CyBase,CyBase\Cyclotide.fa,350,Cter_31,Cter_31,unclassified,unknown,,,,,unknown,unknown,,,,,unknown,cyclotide,,,,"{""header"": ""Cter_31"", ""sequence"": ""DLQCAETCVHSPCIGPCYCKHGVICYKN""}"
KIPCGESCVWIPCISSILGCSCKDKVCYHN,KIPCGESCVWIPCISSILGCSCKDKVCYHN,yes,30,CyBase,CyBase\Cyclotide.fa,351,Cter_32,Cter_32,unclassified,unknown,,,,,unknown,unknown,,,,,unknown,cyclotide,,,,"{""header"": ""Cter_32"", ""sequence"": ""KIPCGESCVWIPCISSILGCSCKDKVCYHN""}"
GDLFKCGETCFGGTCYTPGCSCDYPICKKN,GDLFKCGETCFGGTCYTPGCSCDYPICKKN,yes,30,CyBase,CyBase\Cyclotide.fa,352,Cter_33,Cter_33,unclassified,unknown,,,,,unknown,unknown,,,,,unknown,cyclotide,,,,"{""header"": ""Cter_33"", ""sequence"": ""GDLFKCGETCFGGTCYTPGCSCDYPICKKN""}"
GAFCGETCVLGTCYTPGCSCAPVICLNN,GAFCGETCVLGTCYTPGCSCAPVICLNN,yes,28,CyBase,CyBase\Cyclotide.fa,353,Cter_35,Cter_35,unclassified,unknown,,,,,unknown,unknown,,,,,unknown,cyclotide,,,,"{""header"": ""Cter_35"", ""sequence"": ""GAFCGETCVLGTCYTPGCSCAPVICLNN""}"
GSPTCGETCFGGTCYTPNCVCDPWPICTKN,GSPTCGETCFGGTCYTPNCVCDPWPICTKN,yes,30,CyBase,CyBase\Cyclotide.fa,354,Cter_36,Cter_36,unclassified,unknown,,,,,unknown,unknown,,,,,unknown,cyclotide,,,,"{""header"": ""Cter_36"", ""sequence"": ""GSPTCGETCFGGTCYTPNCVCDPWPICTKN""}"
GSPTCGETCFGGTCYTPGCVCDPWPICTKN,GSPTCGETCFGGTCYTPGCVCDPWPICTKN,yes,30,CyBase,CyBase\Cyclotide.fa,355,Cter_37,Cter_37,unclassified,unknown,,,,,unknown,unknown,,,,,unknown,cyclotide,,,,"{""header"": ""Cter_37"", ""sequence"": ""GSPTCGETCFGGTCYTPGCVCDPWPICTKN""}"
GVIPCGESCVFIPCINKKKCSCKNKVCYRD,GVIPCGESCVFIPCINKKKCSCKNKVCYRD,yes,30,CyBase,CyBase\Cyclotide.fa,356,mech_1,mech_1,unclassified,unknown,,,,,unknown,unknown,,,,,unknown,cyclotide,,,,"{""header"": ""mech_1"", ""sequence"": ""GVIPCGESCVFIPCINKKKCSCKNKVCYRD""}"
GLPTCGETCTLGKCNTPKCTCNWPICYKD,GLPTCGETCTLGKCNTPKCTCNWPICYKD,yes,29,CyBase,CyBase\Cyclotide.fa,357,mech_2,mech_2,unclassified,unknown,,,,,unknown,unknown,,,,,unknown,cyclotide,,,,"{""header"": ""mech_2"", ""sequence"": ""GLPTCGETCTLGKCNTPKCTCNWPICYKD""}"
GLPTCGETCTLGKCNTPKCTCNWPICYKN,GLPTCGETCTLGKCNTPKCTCNWPICYKN,yes,29,CyBase,CyBase\Cyclotide.fa,358,mech_3,mech_3,unclassified,unknown,,,,,unknown,unknown,,,,,unknown,cyclotide,,,,"{""header"": ""mech_3"", ""sequence"": ""GLPTCGETCTLGKCNTPKCTCNWPICYKN""}"
GSIPCGESCVYIPCISSLLGCSCKSKVCYKD,GSIPCGESCVYIPCISSLLGCSCKSKVCYKD,yes,31,CyBase,CyBase\Cyclotide.fa,359,mech_4,mech_4,unclassified,unknown,,,,,unknown,unknown,,,,,unknown,cyclotide,,,,"{""header"": ""mech_4"", ""sequence"": ""GSIPCGESCVYIPCISSLLGCSCKSKVCYKD""}"
GVIPCGESCVFIPCISSVVGCTCKNKVCYRD,GVIPCGESCVFIPCISSVVGCTCKNKVCYRD,yes,31,CyBase,CyBase\Cyclotide.fa,360,mech_5,mech_5,unclassified,unknown,,,,,unknown,unknown,,,,,unknown,cyclotide,,,,"{""header"": ""mech_5"", ""sequence"": ""GVIPCGESCVFIPCISSVVGCTCKNKVCYRD""}"
GVIPCGESCVFIPCISSVVGCTCKNKVCYRN,GVIPCGESCVFIPCISSVVGCTCKNKVCYRN,yes,31,CyBase,CyBase\Cyclotide.fa,361,mech_6,mech_6,unclassified,unknown,,,,,unknown,unknown,,,,,unknown,cyclotide,,,,"{""header"": ""mech_6"", ""sequence"": ""GVIPCGESCVFIPCISSVVGCTCKNKVCYRN""}"
GIPICGETCTIGTCNTPGCTCSWPVCTRD,GIPICGETCTIGTCNTPGCTCSWPVCTRD,yes,29,CyBase,CyBase\Cyclotide.fa,362,mech_7,mech_7,unclassified,unknown,,,,,unknown,unknown,,,,,unknown,cyclotide,,,,"{""header"": ""mech_7"", ""sequence"": ""GIPICGETCTIGTCNTPGCTCSWPVCTRD""}"
GKYTCGETCFKGKCYTPGCTCSYPICKKD,GKYTCGETCFKGKCYTPGCTCSYPICKKD,yes,29,CyBase,CyBase\Cyclotide.fa,363,mela_1,mela_1,unclassified,unknown,,,,,unknown,unknown,,,,,unknown,cyclotide,,,,"{""header"": ""mela_1"", ""sequence"": ""GKYTCGETCFKGKCYTPGCTCSYPICKKD""}"
GKPTCGETCFKGKCYTPGCTCSYPLCKKD,GKPTCGETCFKGKCYTPGCTCSYPLCKKD,yes,29,CyBase,CyBase\Cyclotide.fa,364,mela_2,mela_2,unclassified,unknown,,,,,unknown,unknown,,,,,unknown,cyclotide,,,,"{""header"": ""mela_2"", ""sequence"": ""GKPTCGETCFKGKCYTPGCTCSYPLCKKD""}"
GKPICGETCFKGKCYTPGCTCSYPICKKD,GKPICGETCFKGKCYTPGCTCSYPICKKD,yes,29,CyBase,CyBase\Cyclotide.fa,365,mela_3,mela_3,unclassified,unknown,,,,,unknown,unknown,,,,,unknown,cyclotide,,,,"{""header"": ""mela_3"", ""sequence"": ""GKPICGETCFKGKCYTPGCTCSYPICKKD""}"
GKPICGETCFKGKCYTPGCTCSYPICKKN,GKPICGETCFKGKCYTPGCTCSYPICKKN,yes,29,CyBase,CyBase\Cyclotide.fa,366,mela_4,mela_4,unclassified,unknown,,,,,unknown,unknown,,,,,unknown,cyclotide,,,,"{""header"": ""mela_4"", ""sequence"": ""GKPICGETCFKGKCYTPGCTCSYPICKKN""}"
GSAIACGESCFKFKCYTPGCSCSYPICKKD,GSAIACGESCFKFKCYTPGCSCSYPICKKD,yes,30,CyBase,CyBase\Cyclotide.fa,367,mela_5,mela_5,unclassified,unknown,,,,,unknown,unknown,,,,,unknown,cyclotide,,,,"{""header"": ""mela_5"", ""sequence"": ""GSAIACGESCFKFKCYTPGCSCSYPICKKD""}"
GIPTCGETCFKGKCYTPGCSCSYPICKKD,GIPTCGETCFKGKCYTPGCSCSYPICKKD,yes,29,CyBase,CyBase\Cyclotide.fa,368,mela_6,mela_6,unclassified,unknown,,,,,unknown,unknown,,,,,unknown,cyclotide,,,,"{""header"": ""mela_6"", ""sequence"": ""GIPTCGETCFKGKCYTPGCSCSYPICKKD""}"
GLPTCGETCFKGKCYTPGCSCSYPICKKN,GLPTCGETCFKGKCYTPGCSCSYPICKKN,yes,29,CyBase,CyBase\Cyclotide.fa,369,mela_7,mela_7,unclassified,unknown,,,,,unknown,unknown,,,,,unknown,cyclotide,,,,"{""header"": ""mela_7"", ""sequence"": ""GLPTCGETCFKGKCYTPGCSCSYPICKKN""}"
VDGFCLETCVILPCFSSVAGCYCHGSTCMRG,VDGFCLETCVILPCFSSVAGCYCHGSTCMRG,yes,31,CyBase,CyBase\Cyclotide.fa,370,Cter_acyc_1,Cter_acyc_1,unclassified,unknown,,,,,unknown,unknown,,,,,unknown,cyclotide,,,,"{""header"": ""Cter_acyc_1"", ""sequence"": ""VDGFCLETCVILPCFSSVAGCYCHGSTCMRG""}"
GFPCGESCVFIPCTVTALLGCSCKDKVCYKN,GFPCGESCVFIPCTVTALLGCSCKDKVCYKN,yes,31,CyBase,CyBase\Cyclotide.fa,371,cT23,cT23,unclassified,unknown,,,,,unknown,unknown,,,,,unknown,cyclotide,,,,"{""header"": ""cT23"", ""sequence"": ""GFPCGESCVFIPCTVTALLGCSCKDKVCYKN""}"
GVIPCGESCVFIPCITGAIGCSCKSKVCYRN,GVIPCGESCVFIPCITGAIGCSCKSKVCYRN,yes,31,CyBase,CyBase\Cyclotide.fa,372,cT27,cT27,unclassified,unknown,,,,,unknown,unknown,,,,,unknown,cyclotide,,,,"{""header"": ""cT27"", ""sequence"": ""GVIPCGESCVFIPCITGAIGCSCKSKVCYRN""}"
CGESCVFLPCFIIPGCSCKDKVCYLN,CGESCVFLPCFIIPGCSCKDKVCYLN,yes,26,CyBase,CyBase\Cyclotide.fa,373,cT45,cT45,unclassified,unknown,,,,,unknown,unknown,,,,,unknown,cyclotide,,,,"{""header"": ""cT45"", ""sequence"": ""CGESCVFLPCFIIPGCSCKDKVCYLN""}"
ARIPCGESCVWIPCTITALVGCACHEKVCYKS,ARIPCGESCVWIPCTITALVGCACHEKVCYKS,yes,32,CyBase,CyBase\Cyclotide.fa,374,cT22,cT22,unclassified,unknown,,,,,unknown,unknown,,,,,unknown,cyclotide,,,,"{""header"": ""cT22"", ""sequence"": ""ARIPCGESCVWIPCTITALVGCACHEKVCYKS""}"
GSIRCGERCLLGRCHRPGCTCVRRICRRN,GSIRCGERCLLGRCHRPGCTCVRRICRRN,yes,29,CyBase,CyBase\Cyclotide.fa,375,cT25,cT25,unclassified,unknown,,,,,unknown,unknown,,,,,unknown,cyclotide,,,,"{""header"": ""cT25"", ""sequence"": ""GSIRCGERCLLGRCHRPGCTCVRRICRRN""}"
GFICGESCVYIPCITALLGCSCSNQICSKN,GFICGESCVYIPCITALLGCSCSNQICSKN,yes,30,CyBase,CyBase\Cyclotide.fa,376,cT26,cT26,unclassified,unknown,,,,,unknown,unknown,,,,,unknown,cyclotide,,,,"{""header"": ""cT26"", ""sequence"": ""GFICGESCVYIPCITALLGCSCSNQICSKN""}"
GDPLKCGESCFAGKCYTPGCTCSRPICKKN,GDPLKCGESCFAGKCYTPGCTCSRPICKKN,yes,30,CyBase,CyBase\Cyclotide.fa,377,cT30,cT30,unclassified,unknown,,,,,unknown,unknown,,,,,unknown,cyclotide,,,,"{""header"": ""cT30"", ""sequence"": ""GDPLKCGESCFAGKCYTPGCTCSRPICKKN""}"
GDPLKCGESCFAGKCYTPGCTCDRPICKKN,GDPLKCGESCFAGKCYTPGCTCDRPICKKN,yes,30,CyBase,CyBase\Cyclotide.fa,378,cT31,cT31,unclassified,unknown,,,,,unknown,unknown,,,,,unknown,cyclotide,,,,"{""header"": ""cT31"", ""sequence"": ""GDPLKCGESCFAGKCYTPGCTCDRPICKKN""}"
DIPCGSTCLHVKCIPPCYCKNKVLCYRN,DIPCGSTCLHVKCIPPCYCKNKVLCYRN,yes,28,CyBase,CyBase\Cyclotide.fa,379,cT42,cT42,unclassified,unknown,,,,,unknown,unknown,,,,,unknown,cyclotide,,,,"{""header"": ""cT42"", ""sequence"": ""DIPCGSTCLHVKCIPPCYCKNKVLCYRN""}"
GIPCAESCVYIPCLTSIGCSCKSKVCYRN,GIPCAESCVYIPCLTSIGCSCKSKVCYRN,yes,29,CyBase,CyBase\Cyclotide.fa,380,Mra1,Mra1,unclassified,unknown,,,,,unknown,unknown,,,,,unknown,cyclotide,,,,"{""header"": ""Mra1"", ""sequence"": ""GIPCAESCVYIPCLTSIGCSCKSKVCYRN""}"
GIPCAESCVYIPCLTSAGCSCKSKVCYRN,GIPCAESCVYIPCLTSAGCSCKSKVCYRN,yes,29,CyBase,CyBase\Cyclotide.fa,381,Mra2,Mra2,unclassified,unknown,,,,,unknown,unknown,,,,,unknown,cyclotide,,,,"{""header"": ""Mra2"", ""sequence"": ""GIPCAESCVYIPCLTSAGCSCKSKVCYRN""}"
GSIPCGESCVYIPCITSIVGCSCKSKVCYKN,GSIPCGESCVYIPCITSIVGCSCKSKVCYKN,yes,31,CyBase,CyBase\Cyclotide.fa,382,Mra3,Mra3,unclassified,unknown,,,,,unknown,unknown,,,,,unknown,cyclotide,,,,"{""header"": ""Mra3"", ""sequence"": ""GSIPCGESCVYIPCITSIVGCSCKSKVCYKN""}"
GVIPCGESCVFIPCFSTVIGCSCKNKVCYRN,GVIPCGESCVFIPCFSTVIGCSCKNKVCYRN,yes,31,CyBase,CyBase\Cyclotide.fa,383,caripe_10,caripe_10,unclassified,unknown,,,,,unknown,unknown,,,,,unknown,cyclotide,,,,"{""header"": ""caripe_10"", ""sequence"": ""GVIPCGESCVFIPCFSTVIGCSCKNKVCYRN""}"
GVIPCGESCVFIPCISTVIGCSCKKKVCYRN,GVIPCGESCVFIPCISTVIGCSCKKKVCYRN,yes,31,CyBase,CyBase\Cyclotide.fa,384,caripe_11,caripe_11,unclassified,unknown,,,,,unknown,unknown,,,,,unknown,cyclotide,,,,"{""header"": ""caripe_11"", ""sequence"": ""GVIPCGESCVFIPCISTVIGCSCKKKVCYRN""}"
GVIPCGESCVFIPCFSSVIGCSCKNKVCYRN,GVIPCGESCVFIPCFSSVIGCSCKNKVCYRN,yes,31,CyBase,CyBase\Cyclotide.fa,385,caripe_12,caripe_12,unclassified,unknown,,,,,unknown,unknown,,,,,unknown,cyclotide,,,,"{""header"": ""caripe_12"", ""sequence"": ""GVIPCGESCVFIPCFSSVIGCSCKNKVCYRN""}"
GIPCGESCVFIPCFTSVFGCSCKDKVCYRN,GIPCGESCVFIPCFTSVFGCSCKDKVCYRN,yes,30,CyBase,CyBase\Cyclotide.fa,386,caripe_13,caripe_13,unclassified,unknown,,,,,unknown,unknown,,,,,unknown,cyclotide,,,,"{""header"": ""caripe_13"", ""sequence"": ""GIPCGESCVFIPCFTSVFGCSCKDKVCYRN""}"
GVPCGESCVYIPCFTGIINCSCRDKVCYNN,GVPCGESCVYIPCFTGIINCSCRDKVCYNN,yes,30,CyBase,CyBase\Cyclotide.fa,387,hyen_E,hyen_E,unclassified,unknown,,,,,unknown,unknown,,,,,unknown,cyclotide,,,,"{""header"": ""hyen_E"", ""sequence"": ""GVPCGESCVYIPCFTGIINCSCRDKVCYNN""}"
GLPCGESCVYIPCISTVLGCSCSNKVCYRD,GLPCGESCVYIPCISTVLGCSCSNKVCYRD,yes,30,CyBase,CyBase\Cyclotide.fa,388,hyen_G,hyen_G,unclassified,unknown,,,,,unknown,unknown,,,,,unknown,cyclotide,,,,"{""header"": ""hyen_G"", ""sequence"": ""GLPCGESCVYIPCISTVLGCSCSNKVCYRD""}"
GFPCGESCVYIPCFTAAIGCSCKSKVCYKN,GFPCGESCVYIPCFTAAIGCSCKSKVCYKN,yes,30,CyBase,CyBase\Cyclotide.fa,389,hyen_D,hyen_D,unclassified,unknown,,,,,unknown,unknown,,,,,unknown,cyclotide,,,,"{""header"": ""hyen_D"", ""sequence"": ""GFPCGESCVYIPCFTAAIGCSCKSKVCYKN""}"
SIPCAESCVWIPCTVTALLGCSCSDKVCYN,SIPCAESCVWIPCTVTALLGCSCSDKVCYN,yes,30,CyBase,CyBase\Cyclotide.fa,390,hyen_M,hyen_M,unclassified,unknown,,,,,unknown,unknown,,,,,unknown,cyclotide,,,,"{""header"": ""hyen_M"", ""sequence"": ""SIPCAESCVWIPCTVTALLGCSCSDKVCYN""}"
GSTPCGESCVWIPCISGIVGCSCSNKVCYMD,GSTPCGESCVWIPCISGIVGCSCSNKVCYMD,yes,31,CyBase,CyBase\Cyclotide.fa,391,hyen_I,hyen_I,unclassified,unknown,,,,,unknown,unknown,,,,,unknown,cyclotide,,,,"{""header"": ""hyen_I"", ""sequence"": ""GSTPCGESCVWIPCISGIVGCSCSNKVCYMD""}"
GIPCGESCIFIPCITTVVGCSCSNKVCYDN,GIPCGESCIFIPCITTVVGCSCSNKVCYDN,yes,30,CyBase,CyBase\Cyclotide.fa,392,hyen_K,hyen_K,unclassified,unknown,,,,,unknown,unknown,,,,,unknown,cyclotide,,,,"{""header"": ""hyen_K"", ""sequence"": ""GIPCGESCIFIPCITTVVGCSCSNKVCYDN""}"
GIPCAESCVYIPCTVTALLGCSCSDKVCYN,GIPCAESCVYIPCTVTALLGCSCSDKVCYN,yes,30,CyBase,CyBase\Cyclotide.fa,393,hyen_L,hyen_L,unclassified,unknown,,,,,unknown,unknown,,,,,unknown,cyclotide,,,,"{""header"": ""hyen_L"", ""sequence"": ""GIPCAESCVYIPCTVTALLGCSCSDKVCYN""}"
GSVPCGESCVWIPCITSIAGCSCSNKVCYMD,GSVPCGESCVWIPCITSIAGCSCSNKVCYMD,yes,31,CyBase,CyBase\Cyclotide.fa,394,hyen_J,hyen_J,unclassified,unknown,,,,,unknown,unknown,,,,,unknown,cyclotide,,,,"{""header"": ""hyen_J"", ""sequence"": ""GSVPCGESCVWIPCITSIAGCSCSNKVCYMD""}"
KIPCGESCVYIPCISSVLGCSCSNKVCYKD,KIPCGESCVYIPCISSVLGCSCSNKVCYKD,yes,30,CyBase,CyBase\Cyclotide.fa,395,hyen_H,hyen_H,unclassified,unknown,,,,,unknown,unknown,,,,,unknown,cyclotide,,,,"{""header"": ""hyen_H"", ""sequence"": ""KIPCGESCVYIPCISSVLGCSCSNKVCYKD""}"
GLPICGESCVGGTCNTPGCTCTWPVCTRN,GLPICGESCVGGTCNTPGCTCTWPVCTRN,yes,29,CyBase,CyBase\Cyclotide.fa,396,psysol_2,psysol_2,unclassified,unknown,,,,,unknown,unknown,,,,,unknown,cyclotide,,,,"{""header"": ""psysol_2"", ""sequence"": ""GLPICGESCVGGTCNTPGCTCTWPVCTRN""}"
GVIPCGESCVFIPCISTLIGCSCKNKVCYRN,GVIPCGESCVFIPCISTLIGCSCKNKVCYRN,yes,31,CyBase,CyBase\Cyclotide.fa,397,NorA,NorA,unclassified,unknown,,,,,unknown,unknown,,,,,unknown,cyclotide,,,,"{""header"": ""NorA"", ""sequence"": ""GVIPCGESCVFIPCISTLIGCSCKNKVCYRN""}"
GLPCAESCVFIPCTITAILGCSCRDRVCYD,GLPCAESCVFIPCTITAILGCSCRDRVCYD,yes,30,CyBase,CyBase\Cyclotide.fa,398,Poca_A,Poca_A,unclassified,unknown,,,,,unknown,unknown,,,,,unknown,cyclotide,,,,"{""header"": ""Poca_A"", ""sequence"": ""GLPCAESCVFIPCTITAILGCSCRDRVCYD""}"
GIPCAESCVFIPCVTAILGCSCKDRVCYN,GIPCAESCVFIPCVTAILGCSCKDRVCYN,yes,29,CyBase,CyBase\Cyclotide.fa,399,Poca_B,Poca_B,unclassified,unknown,,,,,unknown,unknown,,,,,unknown,cyclotide,,,,"{""header"": ""Poca_B"", ""sequence"": ""GIPCAESCVFIPCVTAILGCSCKDRVCYN""}"
GIPCGESCVWIPCISSAIGCSCKDKVCYRD,GIPCGESCVWIPCISSAIGCSCKDKVCYRD,yes,30,CyBase,CyBase\Cyclotide.fa,400,vila_A,vila_A,unclassified,unknown,,,,,unknown,unknown,,,,,unknown,cyclotide,,,,"{""header"": ""vila_A"", ""sequence"": ""GIPCGESCVWIPCISSAIGCSCKDKVCYRD""}"
GIPCGESCVWIPCISSAIGCSCRSKVCYRD,GIPCGESCVWIPCISSAIGCSCRSKVCYRD,yes,30,CyBase,CyBase\Cyclotide.fa,401,vila_B,vila_B,unclassified,unknown,,,,,unknown,unknown,,,,,unknown,cyclotide,,,,"{""header"": ""vila_B"", ""sequence"": ""GIPCGESCVWIPCISSAIGCSCRSKVCYRD""}"
GTLPCGESCVWIPCISSVVGCSCKDKVCYKD,GTLPCGESCVWIPCISSVVGCSCKDKVCYKD,yes,31,CyBase,CyBase\Cyclotide.fa,402,vila_C,vila_C,unclassified,unknown,,,,,unknown,unknown,,,,,unknown,cyclotide,,,,"{""header"": ""vila_C"", ""sequence"": ""GTLPCGESCVWIPCISSVVGCSCKDKVCYKD""}"
GIPVCGETCAFGTCYTGGCSCSWPVCTRN,GIPVCGETCAFGTCYTGGCSCSWPVCTRN,yes,29,CyBase,CyBase\Cyclotide.fa,403,vila_D,vila_D,unclassified,unknown,,,,,unknown,unknown,,,,,unknown,cyclotide,,,,"{""header"": ""vila_D"", ""sequence"": ""GIPVCGETCAFGTCYTGGCSCSWPVCTRN""}"
GTHPCQETCVTSTRCSTQGCHCNWPICFKN,GTHPCQETCVTSTRCSTQGCHCNWPICFKN,yes,30,CyBase,CyBase\Cyclotide.fa,404,hyen_C,hyen_C,unclassified,unknown,,,,,unknown,unknown,,,,,unknown,cyclotide,,,,"{""header"": ""hyen_C"", ""sequence"": ""GTHPCQETCVTSTRCSTQGCHCNWPICFKN""}"
GVACGESCVYLPCFTVGCTCTSSQCFKN,GVACGESCVYLPCFTVGCTCTSSQCFKN,yes,28,CyBase,CyBase\Cyclotide.fa,405,Ltri_A,Ltri_A,unclassified,unknown,,,,,unknown,unknown,,,,,unknown,cyclotide,,,,"{""header"": ""Ltri_A"", ""sequence"": ""GVACGESCVYLPCFTVGCTCTSSQCFKN""}"
GFPTCGETCTLGTCNTPGCTCSWPICTRD,GFPTCGETCTLGTCNTPGCTCSWPICTRD,yes,29,CyBase,CyBase\Cyclotide.fa,406,Mang_A,Mang_A,unclassified,unknown,,,,,unknown,unknown,,,,,unknown,cyclotide,,,,"{""header"": ""Mang_A"", ""sequence"": ""GFPTCGETCTLGTCNTPGCTCSWPICTRD""}"
GIPTCGETCTLGTCNTPGCTCSWPICTKN,GIPTCGETCTLGTCNTPGCTCSWPICTKN,yes,29,CyBase,CyBase\Cyclotide.fa,407,Mden_A,Mden_A,unclassified,unknown,,,,,unknown,unknown,,,,,unknown,cyclotide,,,,"{""header"": ""Mden_A"", ""sequence"": ""GIPTCGETCTLGTCNTPGCTCSWPICTKN""}"
GLPICGETCFTGKCYTPGCTCSYPICKKN,GLPICGETCFTGKCYTPGCTCSYPICKKN,yes,29,CyBase,CyBase\Cyclotide.fa,408,Mden_B,Mden_B,unclassified,unknown,,,,,unknown,unknown,,,,,unknown,cyclotide,,,,"{""header"": ""Mden_B"", ""sequence"": ""GLPICGETCFTGKCYTPGCTCSYPICKKN""}"
GKPICGETCFKGKCYTPGCTCSYPVCKKN,GKPICGETCFKGKCYTPGCTCSYPVCKKN,yes,29,CyBase,CyBase\Cyclotide.fa,409,Mden_C,Mden_C,unclassified,unknown,,,,,unknown,unknown,,,,,unknown,cyclotide,,,,"{""header"": ""Mden_C"", ""sequence"": ""GKPICGETCFKGKCYTPGCTCSYPVCKKN""}"
GIPCGESCVYIPCITAAIGCSCKSKVCYRN,GIPCGESCVYIPCITAAIGCSCKSKVCYRN,yes,30,CyBase,CyBase\Cyclotide.fa,410,Mden_E,Mden_E,unclassified,unknown,,,,,unknown,unknown,,,,,unknown,cyclotide,,,,"{""header"": ""Mden_E"", ""sequence"": ""GIPCGESCVYIPCITAAIGCSCKSKVCYRN""}"
GLPICGETCFFGKCNTPKCTCINPICYKN,GLPICGETCFFGKCNTPKCTCINPICYKN,yes,29,CyBase,CyBase\Cyclotide.fa,411,Mden_F,Mden_F,unclassified,unknown,,,,,unknown,unknown,,,,,unknown,cyclotide,,,,"{""header"": ""Mden_F"", ""sequence"": ""GLPICGETCFFGKCNTPKCTCINPICYKN""}"
GIPCAESCVYIPCITAALGCSCKNKVCYRN,GIPCAESCVYIPCITAALGCSCKNKVCYRN,yes,30,CyBase,CyBase\Cyclotide.fa,412,Mden_G,Mden_G,unclassified,unknown,,,,,unknown,unknown,,,,,unknown,cyclotide,,,,"{""header"": ""Mden_G"", ""sequence"": ""GIPCAESCVYIPCITAALGCSCKNKVCYRN""}"
GIPICGETCFFGKCNTPKCTCNKPLCYKN,GIPICGETCFFGKCNTPKCTCNKPLCYKN,yes,29,CyBase,CyBase\Cyclotide.fa,413,Mden_H,Mden_H,unclassified,unknown,,,,,unknown,unknown,,,,,unknown,cyclotide,,,,"{""header"": ""Mden_H"", ""sequence"": ""GIPICGETCFFGKCNTPKCTCNKPLCYKN""}"
GIPCGESCVYIPCITTAIGCSCKNKVCYRN,GIPCGESCVYIPCITTAIGCSCKNKVCYRN,yes,30,CyBase,CyBase\Cyclotide.fa,414,Mden_I,Mden_I,unclassified,unknown,,,,,unknown,unknown,,,,,unknown,cyclotide,,,,"{""header"": ""Mden_I"", ""sequence"": ""GIPCGESCVYIPCITTAIGCSCKNKVCYRN""}"
GSIPCGESCVYIPCISSIVGCACKSKVCYKN,GSIPCGESCVYIPCISSIVGCACKSKVCYKN,yes,31,CyBase,CyBase\Cyclotide.fa,415,Mden_J,Mden_J,unclassified,unknown,,,,,unknown,unknown,,,,,unknown,cyclotide,,,,"{""header"": ""Mden_J"", ""sequence"": ""GSIPCGESCVYIPCISSIVGCACKSKVCYKN""}"
GSIPCGESCVWIPCISSVVGCACKNKVCYKN,GSIPCGESCVWIPCISSVVGCACKNKVCYKN,yes,31,CyBase,CyBase\Cyclotide.fa,416,Mden_K,Mden_K,unclassified,unknown,,,,,unknown,unknown,,,,,unknown,cyclotide,,,,"{""header"": ""Mden_K"", ""sequence"": ""GSIPCGESCVWIPCISSVVGCACKNKVCYKN""}"
GSIPCGESCVYIPISAVLGCSCKNKVCYRN,GSIPCGESCVYIPISAVLGCSCKNKVCYRN,yes,30,CyBase,CyBase\Cyclotide.fa,417,Mden_L,Mden_L,unclassified,unknown,,,,,unknown,unknown,,,,,unknown,cyclotide,,,,"{""header"": ""Mden_L"", ""sequence"": ""GSIPCGESCVYIPISAVLGCSCKNKVCYRN""}"
GTIPCGESCVYIPCITSALGCSCKKKVCYKN,GTIPCGESCVYIPCITSALGCSCKKKVCYKN,yes,31,CyBase,CyBase\Cyclotide.fa,418,Mden_M,Mden_M,unclassified,unknown,,,,,unknown,unknown,,,,,unknown,cyclotide,,,,"{""header"": ""Mden_M"", ""sequence"": ""GTIPCGESCVYIPCITSALGCSCKKKVCYKN""}"
GTIPCGESCVYIPCLTSALGCSCKNKVCYRN,GTIPCGESCVYIPCLTSALGCSCKNKVCYRN,yes,31,CyBase,CyBase\Cyclotide.fa,419,Mden_N,Mden_N,unclassified,unknown,,,,,unknown,unknown,,,,,unknown,cyclotide,,,,"{""header"": ""Mden_N"", ""sequence"": ""GTIPCGESCVYIPCLTSALGCSCKNKVCYRN""}"
GFPTCGETCTLGTCNTPGCTCSWPICTRN,GFPTCGETCTLGTCNTPGCTCSWPICTRN,yes,29,CyBase,CyBase\Cyclotide.fa,420,Mobo_A,Mobo_A,unclassified,unknown,,,,,unknown,unknown,,,,,unknown,cyclotide,,,,"{""header"": ""Mobo_A"", ""sequence"": ""GFPTCGETCTLGTCNTPGCTCSWPICTRN""}"
GKPICGETCAKGKCYTPKCTCNWPICYKN,GKPICGETCAKGKCYTPKCTCNWPICYKN,yes,29,CyBase,CyBase\Cyclotide.fa,421,Mobo_B,Mobo_B,unclassified,unknown,,,,,unknown,unknown,,,,,unknown,cyclotide,,,,"{""header"": ""Mobo_B"", ""sequence"": ""GKPICGETCAKGKCYTPKCTCNWPICYKN""}"
GSIPCGESCVFIPCISGLAGCSCKNRVCYLN,GSIPCGESCVFIPCISGLAGCSCKNRVCYLN,yes,31,CyBase,CyBase\Cyclotide.fa,422,Pali_A,Pali_A,unclassified,unknown,,,,,unknown,unknown,,,,,unknown,cyclotide,,,,"{""header"": ""Pali_A"", ""sequence"": ""GSIPCGESCVFIPCISGLAGCSCKNRVCYLN""}"
GIPCGESCVFIPCISSVVGCSCKSKVCYRN,GIPCGESCVFIPCISSVVGCSCKSKVCYRN,yes,30,CyBase,CyBase\Cyclotide.fa,423,Vdif_A,Vdif_A,unclassified,unknown,,,,,unknown,unknown,,,,,unknown,cyclotide,,,,"{""header"": ""Vdif_A"", ""sequence"": ""GIPCGESCVFIPCISSVVGCSCKSKVCYRN""}"
GIPVCGETCTLGTCYTAGCSCSWPVCTRN,GIPVCGETCTLGTCYTAGCSCSWPVCTRN,yes,29,CyBase,CyBase\Cyclotide.fa,424,Vinc_A,Vinc_A,unclassified,unknown,,,,,unknown,unknown,,,,,unknown,cyclotide,,,,"{""header"": ""Vinc_A"", ""sequence"": ""GIPVCGETCTLGTCYTAGCSCSWPVCTRN""}"
GSIPACGESCFKGKCYTPGCTCSKYPLCAKN,GSIPACGESCFKGKCYTPGCTCSKYPLCAKN,yes,31,CyBase,CyBase\Cyclotide.fa,425,Vinc_B,Vinc_B,unclassified,unknown,,,,,unknown,unknown,,,,,unknown,cyclotide,,,,"{""header"": ""Vinc_B"", ""sequence"": ""GSIPACGESCFKGKCYTPGCTCSKYPLCAKN""}"
GVIPCGESCVFIPCISAVIGCSCKSKVCYRN,GVIPCGESCVFIPCISAVIGCSCKSKVCYRN,yes,31,CyBase,CyBase\Cyclotide.fa,426,Vpub_A,Vpub_A,unclassified,unknown,,,,,unknown,unknown,,,,,unknown,cyclotide,,,,"{""header"": ""Vpub_A"", ""sequence"": ""GVIPCGESCVFIPCISAVIGCSCKSKVCYRN""}"
GIIPCGESCVFIPCITSVVGCSCKSKVCYKN,GIIPCGESCVFIPCITSVVGCSCKSKVCYKN,yes,31,CyBase,CyBase\Cyclotide.fa,427,Vpub_B,Vpub_B,unclassified,unknown,,,,,unknown,unknown,,,,,unknown,cyclotide,,,,"{""header"": ""Vpub_B"", ""sequence"": ""GIIPCGESCVFIPCITSVVGCSCKSKVCYKN""}"
GIIPCGESCVFIPCITSIVGCSCKSKVCYKN,GIIPCGESCVFIPCITSIVGCSCKSKVCYKN,yes,31,CyBase,CyBase\Cyclotide.fa,428,Vpub_C,Vpub_C,unclassified,unknown,,,,,unknown,unknown,,,,,unknown,cyclotide,,,,"{""header"": ""Vpub_C"", ""sequence"": ""GIIPCGESCVFIPCITSIVGCSCKSKVCYKN""}"
GLPICGETCFTGTCNTPGCSCTYPICTRD,GLPICGETCFTGTCNTPGCSCTYPICTRD,yes,29,CyBase,CyBase\Cyclotide.fa,429,psyleio_A,psyleio_A,unclassified,unknown,,,,,unknown,unknown,,,,,unknown,cyclotide,,,,"{""header"": ""psyleio_A"", ""sequence"": ""GLPICGETCFTGTCNTPGCSCTYPICTRD""}"
GDLPICGETCFGGTCNTPGCVCAWPVCNR,GDLPICGETCFGGTCNTPGCVCAWPVCNR,yes,29,CyBase,CyBase\Cyclotide.fa,430,psyleio_B,psyleio_B,unclassified,unknown,,,,,unknown,unknown,,,,,unknown,cyclotide,,,,"{""header"": ""psyleio_B"", ""sequence"": ""GDLPICGETCFGGTCNTPGCVCAWPVCNR""}"
SVTPIVCGETCFGGTCNTPGCSCSWPICTK,SVTPIVCGETCFGGTCNTPGCSCSWPICTK,yes,30,CyBase,CyBase\Cyclotide.fa,431,psyleio_E,psyleio_E,unclassified,unknown,,,,,unknown,unknown,,,,,unknown,cyclotide,,,,"{""header"": ""psyleio_E"", ""sequence"": ""SVTPIVCGETCFGGTCNTPGCSCSWPICTK""}"
GDLPVCGETCFGGTCNTPGCVCAWPVCTR,GDLPVCGETCFGGTCNTPGCVCAWPVCTR,yes,29,CyBase,CyBase\Cyclotide.fa,432,psyleio_C,psyleio_C,unclassified,unknown,,,,,unknown,unknown,,,,,unknown,cyclotide,,,,"{""header"": ""psyleio_C"", ""sequence"": ""GDLPVCGETCFGGTCNTPGCVCAWPVCTR""}"
GLPVCGESCFGGTCNTPGCSCTWPVCTRD,GLPVCGESCFGGTCNTPGCSCTWPVCTRD,yes,29,CyBase,CyBase\Cyclotide.fa,433,psyleio_D,psyleio_D,unclassified,unknown,,,,,unknown,unknown,,,,,unknown,cyclotide,,,,"{""header"": ""psyleio_D"", ""sequence"": ""GLPVCGESCFGGTCNTPGCSCTWPVCTRD""}"
GFNPCGETCIWFPTCHAPGCTCSIANICVRN,GFNPCGETCIWFPTCHAPGCTCSIANICVRN,yes,31,CyBase,CyBase\Cyclotide.fa,434,psybry_A,psybry_A,unclassified,unknown,,,,,unknown,unknown,,,,,unknown,cyclotide,,,,"{""header"": ""psybry_A"", ""sequence"": ""GFNPCGETCIWFPTCHAPGCTCSIANICVRN""}"
GFNPCGETCWNKPTCHAPGCTCSIANICVRN,GFNPCGETCWNKPTCHAPGCTCSIANICVRN,yes,31,CyBase,CyBase\Cyclotide.fa,435,psybry_B,psybry_B,unclassified,unknown,,,,,unknown,unknown,,,,,unknown,cyclotide,,,,"{""header"": ""psybry_B"", ""sequence"": ""GFNPCGETCWNKPTCHAPGCTCSIANICVRN""}"
GFNPCGETCQIDQTCHAPGCTCSIANICVRN,GFNPCGETCQIDQTCHAPGCTCSIANICVRN,yes,31,CyBase,CyBase\Cyclotide.fa,436,psybry_C,psybry_C,unclassified,unknown,,,,,unknown,unknown,,,,,unknown,cyclotide,,,,"{""header"": ""psybry_C"", ""sequence"": ""GFNPCGETCQIDQTCHAPGCTCSIANICVRN""}"
GTFPCGESCVYIPCISSVVGCSCKSKVCYKN,GTFPCGESCVYIPCISSVVGCSCKSKVCYKN,yes,31,CyBase,CyBase\Cyclotide.fa,437,cyI1,cyI1,unclassified,unknown,,,,,unknown,unknown,,,,,unknown,cyclotide,,,,"{""header"": ""cyI1"", ""sequence"": ""GTFPCGESCVYIPCISSVVGCSCKSKVCYKN""}"
GTFPCGESCVWIPCISSVVGCSCKSKVCYKN,GTFPCGESCVWIPCISSVVGCSCKSKVCYKN,yes,31,CyBase,CyBase\Cyclotide.fa,438,cyI2,cyI2,unclassified,unknown,,,,,unknown,unknown,,,,,unknown,cyclotide,,,,"{""header"": ""cyI2"", ""sequence"": ""GTFPCGESCVWIPCISSVVGCSCKSKVCYKN""}"
GNPGACGETCIWGKCYSASIGCSCSKYKVCTLN,GNPGACGETCIWGKCYSASIGCSCSKYKVCTLN,yes,33,CyBase,CyBase\Cyclotide.fa,439,cyI3,cyI3,unclassified,unknown,,,,,unknown,unknown,,,,,unknown,cyclotide,,,,"{""header"": ""cyI3"", ""sequence"": ""GNPGACGETCIWGKCYSASIGCSCSKYKVCTLN""}"
GNPGACGETCVWGKCYSASIGCSCNKYKVCTLN,GNPGACGETCVWGKCYSASIGCSCNKYKVCTLN,yes,33,CyBase,CyBase\Cyclotide.fa,440,cyI4,cyI4,unclassified,unknown,,,,,unknown,unknown,,,,,unknown,cyclotide,,,,"{""header"": ""cyI4"", ""sequence"": ""GNPGACGETCVWGKCYSASIGCSCNKYKVCTLN""}"
GNPGACGETCIWGKCYSASIGCSCSRYKVCTLN,GNPGACGETCIWGKCYSASIGCSCSRYKVCTLN,yes,33,CyBase,CyBase\Cyclotide.fa,441,cyI5,cyI5,unclassified,unknown,,,,,unknown,unknown,,,,,unknown,cyclotide,,,,"{""header"": ""cyI5"", ""sequence"": ""GNPGACGETCIWGKCYSASIGCSCSRYKVCTLN""}"
GNPGACGETCIWGKCYSAKIGCSCSKYKICTLN,GNPGACGETCIWGKCYSAKIGCSCSKYKICTLN,yes,33,CyBase,CyBase\Cyclotide.fa,442,cyI6,cyI6,unclassified,unknown,,,,,unknown,unknown,,,,,unknown,cyclotide,,,,"{""header"": ""cyI6"", ""sequence"": ""GNPGACGETCIWGKCYSAKIGCSCSKYKICTLN""}"
GAFLKCGESCVYLPCLTTVVGCSCQNSVCYRD,GAFLKCGESCVYLPCLTTVVGCSCQNSVCYRD,yes,32,CyBase,CyBase\Cyclotide.fa,443,DC1,DC1,unclassified,unknown,,,,,unknown,unknown,,,,,unknown,cyclotide,,,,"{""header"": ""DC1"", ""sequence"": ""GAFLKCGESCVYLPCLTTVVGCSCQNSVCYRD""}"
GAVPCGETCVYLPCITPDIGCSCQNKVCYRD,GAVPCGETCVYLPCITPDIGCSCQNKVCYRD,yes,31,CyBase,CyBase\Cyclotide.fa,444,DC2,DC2,unclassified,unknown,,,,,unknown,unknown,,,,,unknown,cyclotide,,,,"{""header"": ""DC2"", ""sequence"": ""GAVPCGETCVYLPCITPDIGCSCQNKVCYRD""}"
GTSCGETCVLLPCLSSVLGCTCQNKRCYKD,GTSCGETCVLLPCLSSVLGCTCQNKRCYKD,yes,30,CyBase,CyBase\Cyclotide.fa,445,DC3,DC3,unclassified,unknown,,,,,unknown,unknown,,,,,unknown,cyclotide,,,,"{""header"": ""DC3"", ""sequence"": ""GTSCGETCVLLPCLSSVLGCTCQNKRCYKD""}"
GVFCGEACAQASCSIAGCECIAGLCYKN,GVFCGEACAQASCSIAGCECIAGLCYKN,yes,28,CyBase,CyBase\Cyclotide.fa,446,Vodo_l1,Vodo_l1,unclassified,unknown,,,,,unknown,unknown,,,,,unknown,cyclotide,,,,"{""header"": ""Vodo_l1"", ""sequence"": ""GVFCGEACAQASCSIAGCECIAGLCYKN""}"
GVFCGELCIKASCSIPGCECIAGLCYKN,GVFCGELCIKASCSIPGCECIAGLCYKN,yes,28,CyBase,CyBase\Cyclotide.fa,447,Vodo_I2,Vodo_I2,unclassified,unknown,,,,,unknown,unknown,,,,,unknown,cyclotide,,,,"{""header"": ""Vodo_I2"", ""sequence"": ""GVFCGELCIKASCSIPGCECIAGLCYKN""}"
GVFCGEPCIKASCSIPGCECIAGLCYKN,GVFCGEPCIKASCSIPGCECIAGLCYKN,yes,28,CyBase,CyBase\Cyclotide.fa,448,Vodo_I3,Vodo_I3,unclassified,unknown,,,,,unknown,unknown,,,,,unknown,cyclotide,,,,"{""header"": ""Vodo_I3"", ""sequence"": ""GVFCGEPCIKASCSIPGCECIAGLCYKN""}"
GIHCAETCLWGTCRTAYIGCSCENKICYKN,GIHCAETCLWGTCRTAYIGCSCENKICYKN,yes,30,CyBase,CyBase\Cyclotide.fa,449,Viba18,Viba18,unclassified,unknown,,,,,unknown,unknown,,,,,unknown,cyclotide,,,,"{""header"": ""Viba18"", ""sequence"": ""GIHCAETCLWGTCRTAYIGCSCENKICYKN""}"
GLPVCGETCFGGTCNTPGCSCEWPVCTRN,GLPVCGETCFGGTCNTPGCSCEWPVCTRN,yes,29,CyBase,CyBase\Cyclotide.fa,450,Viba19,Viba19,unclassified,unknown,,,,,unknown,unknown,,,,,unknown,cyclotide,,,,"{""header"": ""Viba19"", ""sequence"": ""GLPVCGETCFGGTCNTPGCSCEWPVCTRN""}"
PISCGETCKFSRCFTSIFGCKCINKVCHT,PISCGETCKFSRCFTSIFGCKCINKVCHT,yes,29,CyBase,CyBase\Cyclotide.fa,451,Viba20,Viba20,unclassified,unknown,,,,,unknown,unknown,,,,,unknown,cyclotide,,,,"{""header"": ""Viba20"", ""sequence"": ""PISCGETCKFSRCFTSIFGCKCINKVCHT""}"
GLFCGEYCVQFPCRSPGCICLRGLCVRN,GLFCGEYCVQFPCRSPGCICLRGLCVRN,yes,28,CyBase,CyBase\Cyclotide.fa,452,Viba21,Viba21,unclassified,unknown,,,,,unknown,unknown,,,,,unknown,cyclotide,,,,"{""header"": ""Viba21"", ""sequence"": ""GLFCGEYCVQFPCRSPGCICLRGLCVRN""}"
GIPCGESCVFIPCISSVIGCSCKSKVCYRN,GIPCGESCVFIPCISSVIGCSCKSKVCYRN,yes,30,CyBase,CyBase\Cyclotide.fa,453,Viba22,Viba22,unclassified,unknown,,,,,unknown,unknown,,,,,unknown,cyclotide,,,,"{""header"": ""Viba22"", ""sequence"": ""GIPCGESCVFIPCISSVIGCSCKSKVCYRN""}"
GIPCGESCVWIPCFSAAIGCSCSSKVCYRN,GIPCGESCVWIPCFSAAIGCSCSSKVCYRN,yes,30,CyBase,CyBase\Cyclotide.fa,454,Viba23,Viba23,unclassified,unknown,,,,,unknown,unknown,,,,,unknown,cyclotide,,,,"{""header"": ""Viba23"", ""sequence"": ""GIPCGESCVWIPCFSAAIGCSCSSKVCYRN""}"
GKIPCGESCVWIPCITTVVGCSCSNKVCYKN,GKIPCGESCVWIPCITTVVGCSCSNKVCYKN,yes,31,CyBase,CyBase\Cyclotide.fa,455,Viba24,Viba24,unclassified,unknown,,,,,unknown,unknown,,,,,unknown,cyclotide,,,,"{""header"": ""Viba24"", ""sequence"": ""GKIPCGESCVWIPCITTVVGCSCSNKVCYKN""}"
GRVPCGESCVYIPCFTSIAGCSCSDKVCWHN,GRVPCGESCVYIPCFTSIAGCSCSDKVCWHN,yes,31,CyBase,CyBase\Cyclotide.fa,456,Viba25,Viba25,unclassified,unknown,,,,,unknown,unknown,,,,,unknown,cyclotide,,,,"{""header"": ""Viba25"", ""sequence"": ""GRVPCGESCVYIPCFTSIAGCSCSDKVCWHN""}"
GFPCGESCVYVPCLTAAIGCSCKNKVCYKN,GFPCGESCVYVPCLTAAIGCSCKNKVCYKN,yes,30,CyBase,CyBase\Cyclotide.fa,457,Viba26,Viba26,unclassified,unknown,,,,,unknown,unknown,,,,,unknown,cyclotide,,,,"{""header"": ""Viba26"", ""sequence"": ""GFPCGESCVYVPCLTAAIGCSCKNKVCYKN""}"
GVQCGPTCRFGPVNCGINPRCNCRNTRCVWD,GVQCGPTCRFGPVNCGINPRCNCRNTRCVWD,yes,31,CyBase,CyBase\Cyclotide.fa,458,Viba27,Viba27,unclassified,unknown,,,,,unknown,unknown,,,,,unknown,cyclotide,,,,"{""header"": ""Viba27"", ""sequence"": ""GVQCGPTCRFGPVNCGINPRCNCRNTRCVWD""}"
GIHCAETCIWGTCRTAIIGCSCENRICYKN,GIHCAETCIWGTCRTAIIGCSCENRICYKN,yes,30,CyBase,CyBase\Cyclotide.fa,459,Viba28,Viba28,unclassified,unknown,,,,,unknown,unknown,,,,,unknown,cyclotide,,,,"{""header"": ""Viba28"", ""sequence"": ""GIHCAETCIWGTCRTAIIGCSCENRICYKN""}"
GLPVCGETCVGGTCSTPGCGCSWPVCTRN,GLPVCGETCVGGTCSTPGCGCSWPVCTRN,yes,29,CyBase,CyBase\Cyclotide.fa,460,Viba29,Viba29,unclassified,unknown,,,,,unknown,unknown,,,,,unknown,cyclotide,,,,"{""header"": ""Viba29"", ""sequence"": ""GLPVCGETCVGGTCSTPGCGCSWPVCTRN""}"
GPPVCGETCVGGTCNTPGCSCSWPVCTRN,GPPVCGETCVGGTCNTPGCSCSWPVCTRN,yes,29,CyBase,CyBase\Cyclotide.fa,461,Viba30,Viba30,unclassified,unknown,,,,,unknown,unknown,,,,,unknown,cyclotide,,,,"{""header"": ""Viba30"", ""sequence"": ""GPPVCGETCVGGTCNTPGCSCSWPVCTRN""}"
GLPVCGETCVGGACNTPGCACSWPVCTRN,GLPVCGETCVGGACNTPGCACSWPVCTRN,yes,29,CyBase,CyBase\Cyclotide.fa,462,Viba31,Viba31,unclassified,unknown,,,,,unknown,unknown,,,,,unknown,cyclotide,,,,"{""header"": ""Viba31"", ""sequence"": ""GLPVCGETCVGGACNTPGCACSWPVCTRN""}"
GLPVCGEACVGGTCNTPGCSCSWPVCTRN,GLPVCGEACVGGTCNTPGCSCSWPVCTRN,yes,29,CyBase,CyBase\Cyclotide.fa,463,Viba32,Viba32,unclassified,unknown,,,,,unknown,unknown,,,,,unknown,cyclotide,,,,"{""header"": ""Viba32"", ""sequence"": ""GLPVCGEACVGGTCNTPGCSCSWPVCTRN""}"
GLPVCGETCFGGTCNTPGCPCEWPVCTRN,GLPVCGETCFGGTCNTPGCPCEWPVCTRN,yes,29,CyBase,CyBase\Cyclotide.fa,464,Viba33,Viba33,unclassified,unknown,,,,,unknown,unknown,,,,,unknown,cyclotide,,,,"{""header"": ""Viba33"", ""sequence"": ""GLPVCGETCFGGTCNTPGCPCEWPVCTRN""}"
GSIPSCGESCFKGKCYTPGCSCSKYPLCAKN,GSIPSCGESCFKGKCYTPGCSCSKYPLCAKN,yes,31,CyBase,CyBase\Cyclotide.fa,465,Viba34,Viba34,unclassified,unknown,,,,,unknown,unknown,,,,,unknown,cyclotide,,,,"{""header"": ""Viba34"", ""sequence"": ""GSIPSCGESCFKGKCYTPGCSCSKYPLCAKN""}"
GQDFCGGQICFASDCIVVGCECDAWSRCVPS,GQDFCGGQICFASDCIVVGCECDAWSRCVPS,yes,31,CyBase,CyBase\Cyclotide.fa,466,Viba35,Viba35,unclassified,unknown,,,,,unknown,unknown,,,,,unknown,cyclotide,,,,"{""header"": ""Viba35"", ""sequence"": ""GQDFCGGQICFASDCIVVGCECDAWSRCVPS""}"
GSYYSCGETCRKTKCYTPDCICAWPGLCGKN,GSYYSCGETCRKTKCYTPDCICAWPGLCGKN,yes,31,CyBase,CyBase\Cyclotide.fa,467,Viba36,Viba36,unclassified,unknown,,,,,unknown,unknown,,,,,unknown,cyclotide,,,,"{""header"": ""Viba36"", ""sequence"": ""GSYYSCGETCRKTKCYTPDCICAWPGLCGKN""}"
GIPCAESCVYLPCVTIVIGCSCKDEVCYNS,GIPCAESCVYLPCVTIVIGCSCKDEVCYNS,yes,30,CyBase,CyBase\Cyclotide.fa,468,Viba37,Viba37,unclassified,unknown,,,,,unknown,unknown,,,,,unknown,cyclotide,,,,"{""header"": ""Viba37"", ""sequence"": ""GIPCAESCVYLPCVTIVIGCSCKDEVCYNS""}"
GSIPSCGESCFKGKCYTPGCSCSKYPLCAKK,GSIPSCGESCFKGKCYTPGCSCSKYPLCAKK,yes,31,CyBase,CyBase\Cyclotide.fa,469,Viba38,Viba38,unclassified,unknown,,,,,unknown,unknown,,,,,unknown,cyclotide,,,,"{""header"": ""Viba38"", ""sequence"": ""GSIPSCGESCFKGKCYTPGCSCSKYPLCAKK""}"
GSIPSCGESCFKGKCYTPGCSCSKYPLCAYE,GSIPSCGESCFKGKCYTPGCSCSKYPLCAYE,yes,31,CyBase,CyBase\Cyclotide.fa,470,Viba39,Viba39,unclassified,unknown,,,,,unknown,unknown,,,,,unknown,cyclotide,,,,"{""header"": ""Viba39"", ""sequence"": ""GSIPSCGESCFKGKCYTPGCSCSKYPLCAYE""}"
GIPCGESCVWIPCITAAIGCSCSSKVCYRN,GIPCGESCVWIPCITAAIGCSCSSKVCYRN,yes,30,CyBase,CyBase\Cyclotide.fa,471,Viba40,Viba40,unclassified,unknown,,,,,unknown,unknown,,,,,unknown,cyclotide,,,,"{""header"": ""Viba40"", ""sequence"": ""GIPCGESCVWIPCITAAIGCSCSSKVCYRN""}"
GSIPSCGESCFKGKCYTPVCSCSKYPLCAKN,GSIPSCGESCFKGKCYTPVCSCSKYPLCAKN,yes,31,CyBase,CyBase\Cyclotide.fa,472,Viba41,Viba41,unclassified,unknown,,,,,unknown,unknown,,,,,unknown,cyclotide,,,,"{""header"": ""Viba41"", ""sequence"": ""GSIPSCGESCFKGKCYTPVCSCSKYPLCAKN""}"
GASCVETCNYFPCISEMINCYCQSKRCVKN,GASCVETCNYFPCISEMINCYCQSKRCVKN,yes,30,CyBase,CyBase\Cyclotide.fa,473,Viba42,Viba42,unclassified,unknown,,,,,unknown,unknown,,,,,unknown,cyclotide,,,,"{""header"": ""Viba42"", ""sequence"": ""GASCVETCNYFPCISEMINCYCQSKRCVKN""}"
GSLPCGESCVFIPCISSVIGCACKSKVCYKN,GSLPCGESCVFIPCISSVIGCACKSKVCYKN,yes,31,CyBase,CyBase\Cyclotide.fa,474,Viba43,Viba43,unclassified,unknown,,,,,unknown,unknown,,,,,unknown,cyclotide,,,,"{""header"": ""Viba43"", ""sequence"": ""GSLPCGESCVFIPCISSVIGCACKSKVCYKN""}"
GIHCAETCFWGTCRTAYIGCSCENRICYKN,GIHCAETCFWGTCRTAYIGCSCENRICYKN,yes,30,CyBase,CyBase\Cyclotide.fa,475,Viba44,Viba44,unclassified,unknown,,,,,unknown,unknown,,,,,unknown,cyclotide,,,,"{""header"": ""Viba44"", ""sequence"": ""GIHCAETCFWGTCRTAYIGCSCENRICYKN""}"
GIPCGESCVWIPCISSLIGCSCRGKVCYH,GIPCGESCVWIPCISSLIGCSCRGKVCYH,yes,29,CyBase,CyBase\Cyclotide.fa,476,ViulA,ViulA,unclassified,unknown,,,,,unknown,unknown,,,,,unknown,cyclotide,,,,"{""header"": ""ViulA"", ""sequence"": ""GIPCGESCVWIPCISSLIGCSCRGKVCYH""}"
GVPCGESCVWIPCLTGAIGCSCSNKVCYLN,GVPCGESCVWIPCLTGAIGCSCSNKVCYLN,yes,30,CyBase,CyBase\Cyclotide.fa,477,ViulB,ViulB,unclassified,unknown,,,,,unknown,unknown,,,,,unknown,cyclotide,,,,"{""header"": ""ViulB"", ""sequence"": ""GVPCGESCVWIPCLTGAIGCSCSNKVCYLN""}"
GTFCGETCVMFPCFSSARGCGCHNLGCELN,GTFCGETCVMFPCFSSARGCGCHNLGCELN,yes,30,CyBase,CyBase\Cyclotide.fa,478,ViulC,ViulC,unclassified,unknown,,,,,unknown,unknown,,,,,unknown,cyclotide,,,,"{""header"": ""ViulC"", ""sequence"": ""GTFCGETCVMFPCFSSARGCGCHNLGCELN""}"
GIPCGESCVWIPCLTSAIGCSCKSKVCYKN,GIPCGESCVWIPCLTSAIGCSCKSKVCYKN,yes,30,CyBase,CyBase\Cyclotide.fa,479,ViulD,ViulD,unclassified,unknown,,,,,unknown,unknown,,,,,unknown,cyclotide,,,,"{""header"": ""ViulD"", ""sequence"": ""GIPCGESCVWIPCLTSAIGCSCKSKVCYKN""}"
GGHCGESCMLLPCFTARIGCSCSRSICYKN,GGHCGESCMLLPCFTARIGCSCSRSICYKN,yes,30,CyBase,CyBase\Cyclotide.fa,480,ViulE,ViulE,unclassified,unknown,,,,,unknown,unknown,,,,,unknown,cyclotide,,,,"{""header"": ""ViulE"", ""sequence"": ""GGHCGESCMLLPCFTARIGCSCSRSICYKN""}"
GRFCGEICSRGFCSNPRCTCNASRQCVRN,GRFCGEICSRGFCSNPRCTCNASRQCVRN,yes,29,CyBase,CyBase\Cyclotide.fa,481,ViulF,ViulF,unclassified,unknown,,,,,unknown,unknown,,,,,unknown,cyclotide,,,,"{""header"": ""ViulF"", ""sequence"": ""GRFCGEICSRGFCSNPRCTCNASRQCVRN""}"
GRAVCGETCFAGICYTPVCVCGKWDLCRMN,GRAVCGETCFAGICYTPVCVCGKWDLCRMN,yes,30,CyBase,CyBase\Cyclotide.fa,482,ViulG,ViulG,unclassified,unknown,,,,,unknown,unknown,,,,,unknown,cyclotide,,,,"{""header"": ""ViulG"", ""sequence"": ""GRAVCGETCFAGICYTPVCVCGKWDLCRMN""}"
SELPCGESCVFIPCITSIAGCSCSHKVCYLN,SELPCGESCVFIPCITSIAGCSCSHKVCYLN,yes,31,CyBase,CyBase\Cyclotide.fa,483,ViulH,ViulH,unclassified,unknown,,,,,unknown,unknown,,,,,unknown,cyclotide,,,,"{""header"": ""ViulH"", ""sequence"": ""SELPCGESCVFIPCITSIAGCSCSHKVCYLN""}"
GPTPCGETCIWISCVTAVMGCSCKNSICYMN,GPTPCGETCIWISCVTAVMGCSCKNSICYMN,yes,31,CyBase,CyBase\Cyclotide.fa,484,ViulI,ViulI,unclassified,unknown,,,,,unknown,unknown,,,,,unknown,cyclotide,,,,"{""header"": ""ViulI"", ""sequence"": ""GPTPCGETCIWISCVTAVMGCSCKNSICYMN""}"
GEVTCNGETCFTGKCNAKGCNCKNWPLCTRN,GEVTCNGETCFTGKCNAKGCNCKNWPLCTRN,yes,31,CyBase,CyBase\Cyclotide.fa,485,ViulJ,ViulJ,unclassified,unknown,,,,,unknown,unknown,,,,,unknown,cyclotide,,,,"{""header"": ""ViulJ"", ""sequence"": ""GEVTCNGETCFTGKCNAKGCNCKNWPLCTRN""}"
SIFCSETCRTFPCFTKAVGCSCVSKRCYKN,SIFCSETCRTFPCFTKAVGCSCVSKRCYKN,yes,30,CyBase,CyBase\Cyclotide.fa,486,ViulK,ViulK,unclassified,unknown,,,,,unknown,unknown,,,,,unknown,cyclotide,,,,"{""header"": ""ViulK"", ""sequence"": ""SIFCSETCRTFPCFTKAVGCSCVSKRCYKN""}"
GIPCAETCLWRPCRTAIMGCSCEYNFCYKN,GIPCAETCLWRPCRTAIMGCSCEYNFCYKN,yes,30,CyBase,CyBase\Cyclotide.fa,487,ViulL,ViulL,unclassified,unknown,,,,,unknown,unknown,,,,,unknown,cyclotide,,,,"{""header"": ""ViulL"", ""sequence"": ""GIPCAETCLWRPCRTAIMGCSCEYNFCYKN""}"
GRLPCGESCVFLPCLSVSLGCSCKNKVCYRN,GRLPCGESCVFLPCLSVSLGCSCKNKVCYRN,yes,31,CyBase,CyBase\Cyclotide.fa,488,Glopa_F,Glopa_F,unclassified,unknown,,,,,unknown,unknown,,,,,unknown,cyclotide,,,,"{""header"": ""Glopa_F"", ""sequence"": ""GRLPCGESCVFLPCLSVSLGCSCKNKVCYRN""}"
GRLPCGESCVFLPCLSAVLGCSCKNKVCYRN,GRLPCGESCVFLPCLSAVLGCSCKNKVCYRN,yes,31,CyBase,CyBase\Cyclotide.fa,489,Glopa_G,Glopa_G,unclassified,unknown,,,,,unknown,unknown,,,,,unknown,cyclotide,,,,"{""header"": ""Glopa_G"", ""sequence"": ""GRLPCGESCVFLPCLSAVLGCSCKNKVCYRN""}"
GVLPCGESCVFDRTCHLAGCGCGSTVPLCVRN,GVLPCGESCVFDRTCHLAGCGCGSTVPLCVRN,yes,32,CyBase,CyBase\Cyclotide.fa,490,Hyde_B,Hyde_B,unclassified,unknown,,,,,unknown,unknown,,,,,unknown,cyclotide,,,,"{""header"": ""Hyde_B"", ""sequence"": ""GVLPCGESCVFDRTCHLAGCGCGSTVPLCVRN""}"
GLPCAESCVWLPCTVTALLGCSCKDKVCYRN,GLPCAESCVWLPCTVTALLGCSCKDKVCYRN,yes,31,CyBase,CyBase\Cyclotide.fa,491,Mema_A,Mema_A,unclassified,unknown,,,,,unknown,unknown,,,,,unknown,cyclotide,,,,"{""header"": ""Mema_A"", ""sequence"": ""GLPCAESCVWLPCTVTALLGCSCKDKVCYRN""}"
GTVPCGESCVWLPCLTGLVGCSCKNNVCYTN,GTVPCGESCVWLPCLTGLVGCSCKNNVCYTN,yes,31,CyBase,CyBase\Cyclotide.fa,492,Mema_B,Mema_B,unclassified,unknown,,,,,unknown,unknown,,,,,unknown,cyclotide,,,,"{""header"": ""Mema_B"", ""sequence"": ""GTVPCGESCVWLPCLTGLVGCSCKNNVCYTN""}"
GLPTCGETCTLGTCNTPGCTCSWPLCTKN,GLPTCGETCTLGTCNTPGCTCSWPLCTKN,yes,29,CyBase,CyBase\Cyclotide.fa,493,Hobo_A,Hobo_A,unclassified,unknown,,,,,unknown,unknown,,,,,unknown,cyclotide,,,,"{""header"": ""Hobo_A"", ""sequence"": ""GLPTCGETCTLGTCNTPGCTCSWPLCTKN""}"
GLPCGESCVYLPCLLTAPLGCSCKNKVCYRN,GLPCGESCVYLPCLLTAPLGCSCKNKVCYRN,yes,31,CyBase,CyBase\Cyclotide.fa,494,Orto_A,Orto_A,unclassified,unknown,,,,,unknown,unknown,,,,,unknown,cyclotide,,,,"{""header"": ""Orto_A"", ""sequence"": ""GLPCGESCVYLPCLLTAPLGCSCKNKVCYRN""}"
GVPCGESCVWLPCTVTALLGCKCETRGCTLN,GVPCGESCVWLPCTVTALLGCKCETRGCTLN,yes,31,CyBase,CyBase\Cyclotide.fa,495,Rigra_A,Rigra_A,unclassified,unknown,,,,,unknown,unknown,,,,,unknown,cyclotide,,,,"{""header"": ""Rigra_A"", ""sequence"": ""GVPCGESCVWLPCTVTALLGCKCETRGCTLN""}"
GLPCAESCVWLPCTVTALLGCTCVDRVCFLD,GLPCAESCVWLPCTVTALLGCTCVDRVCFLD,yes,31,CyBase,CyBase\Cyclotide.fa,496,Rili_A,Rili_A,unclassified,unknown,,,,,unknown,unknown,,,,,unknown,cyclotide,,,,"{""header"": ""Rili_A"", ""sequence"": ""GLPCAESCVWLPCTVTALLGCTCVDRVCFLD""}"
GLPVCGETCAGGTCNTPGCSCTWPLCTRN,GLPVCGETCAGGTCNTPGCSCTWPLCTRN,yes,29,CyBase,CyBase\Cyclotide.fa,497,Rili_B,Rili_B,unclassified,unknown,,,,,unknown,unknown,,,,,unknown,cyclotide,,,,"{""header"": ""Rili_B"", ""sequence"": ""GLPVCGETCAGGTCNTPGCSCTWPLCTRN""}"
GLPCGESCVFLPCLTSALGCSCKSKVCYRN,GLPCGESCVFLPCLTSALGCSCKSKVCYRN,yes,30,CyBase,CyBase\Cyclotide.fa,498,Vide_A,Vide_A,unclassified,unknown,,,,,unknown,unknown,,,,,unknown,cyclotide,,,,"{""header"": ""Vide_A"", ""sequence"": ""GLPCGESCVFLPCLTSALGCSCKSKVCYRN""}"
GSVPCGESCVWLPCLSGLAGCSCKNKVCYYD,GSVPCGESCVWLPCLSGLAGCSCKNKVCYYD,yes,31,CyBase,CyBase\Cyclotide.fa,499,Vini_A,Vini_A,unclassified,unknown,,,,,unknown,unknown,,,,,unknown,cyclotide,,,,"{""header"": ""Vini_A"", ""sequence"": ""GSVPCGESCVWLPCLSGLAGCSCKNKVCYYD""}"
GLPICGETCVFGKCNTPGCSCRRPICYKN,GLPICGETCVFGKCNTPGCSCRRPICYKN,yes,29,CyBase,CyBase\Cyclotide.fa,500,Rivi1,Rivi1,unclassified,unknown,,,,,unknown,unknown,,,,,unknown,cyclotide,,,,"{""header"": ""Rivi1"", ""sequence"": ""GLPICGETCVFGKCNTPGCSCRRPICYKN""}"
GSYLCGETCVQGKCYTPGCTCSWPICKKN,GSYLCGETCVQGKCYTPGCTCSWPICKKN,yes,29,CyBase,CyBase\Cyclotide.fa,501,Rivi2,Rivi2,unclassified,unknown,,,,,unknown,unknown,,,,,unknown,cyclotide,,,,"{""header"": ""Rivi2"", ""sequence"": ""GSYLCGETCVQGKCYTPGCTCSWPICKKN""}"
GLPICGETCLLGKCYTPGCSCRRPVCYKN,GLPICGETCLLGKCYTPGCSCRRPVCYKN,yes,29,CyBase,CyBase\Cyclotide.fa,502,Rivi3,Rivi3,unclassified,unknown,,,,,unknown,unknown,,,,,unknown,cyclotide,,,,"{""header"": ""Rivi3"", ""sequence"": ""GLPICGETCLLGKCYTPGCSCRRPVCYKN""}"
GKPICGETCLLGKCYTPGCTCGKRVLCYKN,GKPICGETCLLGKCYTPGCTCGKRVLCYKN,yes,30,CyBase,CyBase\Cyclotide.fa,503,Rivi4,Rivi4,unclassified,unknown,,,,,unknown,unknown,,,,,unknown,cyclotide,,,,"{""header"": ""Rivi4"", ""sequence"": ""GKPICGETCLLGKCYTPGCTCGKRVLCYKN""}"
GLPICGETCTLGTCNTPGCTCSWPVCFRN,GLPICGETCTLGTCNTPGCTCSWPVCFRN,yes,29,CyBase,CyBase\Cyclotide.fa,504,Rivi5,Rivi5,unclassified,unknown,,,,,unknown,unknown,,,,,unknown,cyclotide,,,,"{""header"": ""Rivi5"", ""sequence"": ""GLPICGETCTLGTCNTPGCTCSWPVCFRN""}"
PSPCGESCVFIPCISALIGCSCKNKVCYR,PSPCGESCVFIPCISALIGCSCKNKVCYR,yes,29,CyBase,CyBase\Cyclotide.fa,505,Parigidin-br3,Parigidin-br3,unclassified,unknown,,,,,unknown,unknown,,,,,unknown,cyclotide,,,,"{""header"": ""Parigidin-br3"", ""sequence"": ""PSPCGESCVFIPCISALIGCSCKNKVCYR""}"
GISCAETCVKLPCLSSVIGCTCQNKRCYKD,GISCAETCVKLPCLSSVIGCTCQNKRCYKD,yes,30,CyBase,CyBase\Cyclotide.fa,506,HB10,HB10,unclassified,unknown,,,,,unknown,unknown,,,,,unknown,cyclotide,,,,"{""header"": ""HB10"", ""sequence"": ""GISCAETCVKLPCLSSVIGCTCQNKRCYKD""}"
GISCGETCVLLPCLSSVIGCTCQNKRCYKN,GISCGETCVLLPCLSSVIGCTCQNKRCYKN,yes,30,CyBase,CyBase\Cyclotide.fa,507,HB11,HB11,unclassified,unknown,,,,,unknown,unknown,,,,,unknown,cyclotide,,,,"{""header"": ""HB11"", ""sequence"": ""GISCGETCVLLPCLSSVIGCTCQNKRCYKN""}"
GGSVPCGESCVFIPCLTSLAGCSCKNKVCYYN,GGSVPCGESCVFIPCLTSLAGCSCKNKVCYYN,yes,32,CyBase,CyBase\Cyclotide.fa,508,Parigidin-br2,Parigidin-br2,unclassified,unknown,,,,,unknown,unknown,,,,,unknown,cyclotide,,,,"{""header"": ""Parigidin-br2"", ""sequence"": ""GGSVPCGESCVFIPCLTSLAGCSCKNKVCYYN""}"
GVIPCGESCVFIPCISSFLGCSCKNKVCYRN,GVIPCGESCVFIPCISSFLGCSCKNKVCYRN,yes,31,CyBase,CyBase\Cyclotide.fa,509,Hyla-br1,Hyla-br1,unclassified,unknown,,,,,unknown,unknown,,,,,unknown,cyclotide,,,,"{""header"": ""Hyla-br1"", ""sequence"": ""GVIPCGESCVFIPCISSFLGCSCKNKVCYRN""}"
GLPVCGETCVGGTCNTPGCTCTWPVCTRN,GLPVCGETCVGGTCNTPGCTCTWPVCTRN,yes,29,CyBase,CyBase\Cyclotide.fa,510,Visu_1,Visu_1,unclassified,unknown,,,,,unknown,unknown,,,,,unknown,cyclotide,,,,"{""header"": ""Visu_1"", ""sequence"": ""GLPVCGETCVGGTCNTPGCTCTWPVCTRN""}"
GIPCAESCVYIPCTITALLGCSCKSKVCYN,GIPCAESCVYIPCTITALLGCSCKSKVCYN,yes,30,CyBase,CyBase\Cyclotide.fa,511,Visu_2,Visu_2,unclassified,unknown,,,,,unknown,unknown,,,,,unknown,cyclotide,,,,"{""header"": ""Visu_2"", ""sequence"": ""GIPCAESCVYIPCTITALLGCSCKSKVCYN""}"
GAVPCGESCVYLPCLTTVVGCSCQNSVCYHN,GAVPCGESCVYLPCLTTVVGCSCQNSVCYHN,yes,31,CyBase,CyBase\Cyclotide.fa,512,HB5,HB5,unclassified,unknown,,,,,unknown,unknown,,,,,unknown,cyclotide,,,,"{""header"": ""HB5"", ""sequence"": ""GAVPCGESCVYLPCLTTVVGCSCQNSVCYHN""}"
GAVPCGETCVYLPCITAAIGCSCQNKVCYRD,GAVPCGETCVYLPCITAAIGCSCQNKVCYRD,yes,31,CyBase,CyBase\Cyclotide.fa,513,HB6,HB6,unclassified,unknown,,,,,unknown,unknown,,,,,unknown,cyclotide,,,,"{""header"": ""HB6"", ""sequence"": ""GAVPCGETCVYLPCITAAIGCSCQNKVCYRD""}"
GISCAETCVLLPCLSSVIGCTCQNKRCYKN,GISCAETCVLLPCLSSVIGCTCQNKRCYKN,yes,30,CyBase,CyBase\Cyclotide.fa,514,HB7,HB7,unclassified,unknown,,,,,unknown,unknown,,,,,unknown,cyclotide,,,,"{""header"": ""HB7"", ""sequence"": ""GISCAETCVLLPCLSSVIGCTCQNKRCYKN""}"
GIPCGESCAFLPCLTSLLGCTCQNKVCYRD,GIPCGESCAFLPCLTSLLGCTCQNKVCYRD,yes,30,CyBase,CyBase\Cyclotide.fa,515,HB8,HB8,unclassified,unknown,,,,,unknown,unknown,,,,,unknown,cyclotide,,,,"{""header"": ""HB8"", ""sequence"": ""GIPCGESCAFLPCLTSLLGCTCQNKVCYRD""}"
GNPCGESCVYLPCITTVVGCSCQNSVCYHN,GNPCGESCVYLPCITTVVGCSCQNSVCYHN,yes,30,CyBase,CyBase\Cyclotide.fa,516,HB9,HB9,unclassified,unknown,,,,,unknown,unknown,,,,,unknown,cyclotide,,,,"{""header"": ""HB9"", ""sequence"": ""GNPCGESCVYLPCITTVVGCSCQNSVCYHN""}"
QCGESCVWIPCISSAWGCSCKNKICSS,QCGESCVWIPCISSAWGCSCKNKICSS,yes,27,CyBase,CyBase\Cyclotide.fa,517,HB3,HB3,unclassified,unknown,,,,,unknown,unknown,,,,,unknown,cyclotide,,,,"{""header"": ""HB3"", ""sequence"": ""QCGESCVWIPCISSAWGCSCKNKICSS""}"
QCGESCVWIPCISSAWGCSCKNKICSS,QCGESCVWIPCISSAWGCSCKNKICSS,yes,27,CyBase,CyBase\Cyclotide.fa,518,HB4,HB4,unclassified,unknown,,,,,unknown,unknown,,,,,unknown,cyclotide,,,,"{""header"": ""HB4"", ""sequence"": ""QCGESCVWIPCISSAWGCSCKNKICSS""}"
GRPTCGETCFKTKCYTPGCSCSYPICKKN,GRPTCGETCFKTKCYTPGCSCSYPICKKN,yes,29,CyBase,CyBase\Cyclotide.fa,519,ctr_pep_3,ctr_pep_3,unclassified,unknown,,,,,unknown,unknown,,,,,unknown,cyclotide,,,,"{""header"": ""ctr_pep_3"", ""sequence"": ""GRPTCGETCFKTKCYTPGCSCSYPICKKN""}"
GDALKCGETCFGGTCYTPGCSCDYPICKKN,GDALKCGETCFGGTCYTPGCSCDYPICKKN,yes,30,CyBase,CyBase\Cyclotide.fa,520,cter_pep_4,cter_pep_4,unclassified,unknown,,,,,unknown,unknown,,,,,unknown,cyclotide,,,,"{""header"": ""cter_pep_4"", ""sequence"": ""GDALKCGETCFGGTCYTPGCSCDYPICKKN""}"
GCLPICGETCFKTKCYTKGCSCSYPICKKN,GCLPICGETCFKTKCYTKGCSCSYPICKKN,yes,30,CyBase,CyBase\Cyclotide.fa,521,ctr_pep_6,ctr_pep_6,unclassified,unknown,,,,,unknown,unknown,,,,,unknown,cyclotide,,,,"{""header"": ""ctr_pep_6"", ""sequence"": ""GCLPICGETCFKTKCYTKGCSCSYPICKKN""}"
GRPTCGETCFKTKCYTKGCSCSYPVCKRN,GRPTCGETCFKTKCYTKGCSCSYPVCKRN,yes,29,CyBase,CyBase\Cyclotide.fa,522,ctr_pep_8,ctr_pep_8,unclassified,unknown,,,,,unknown,unknown,,,,,unknown,cyclotide,,,,"{""header"": ""ctr_pep_8"", ""sequence"": ""GRPTCGETCFKTKCYTKGCSCSYPVCKRN""}"
ANIPMTCGPCLTDECWTPGCEYHCKYCKNS,ANIPMTCGPCLTDECWTPGCEYHCKYCKNS,yes,30,CyBase,CyBase\Cyclotide.fa,523,ctr_pep_11,ctr_pep_11,unclassified,unknown,,,,,unknown,unknown,,,,,unknown,cyclotide,,,,"{""header"": ""ctr_pep_11"", ""sequence"": ""ANIPMTCGPCLTDECWTPGCEYHCKYCKNS""}"
GISCGESCVFIPCITGIAGCSCKNKVCYLN,GISCGESCVFIPCITGIAGCSCKNKVCYLN,yes,30,CyBase,CyBase\Cyclotide.fa,524,ctr_pep_18,ctr_pep_18,unclassified,unknown,,,,,unknown,unknown,,,,,unknown,cyclotide,,,,"{""header"": ""ctr_pep_18"", ""sequence"": ""GISCGESCVFIPCITGIAGCSCKNKVCYLN""}"
CVIPCGESRVFIPCITGAIGCSCKSKVCYRN,CVIPCGESRVFIPCITGAIGCSCKSKVCYRN,yes,31,CyBase,CyBase\Cyclotide.fa,525,ctr_pep_20,ctr_pep_20,unclassified,unknown,,,,,unknown,unknown,,,,,unknown,cyclotide,,,,"{""header"": ""ctr_pep_20"", ""sequence"": ""CVIPCGESRVFIPCITGAIGCSCKSKVCYRN""}"
GSITGCGGGCLLGRCYRPGCTCVRRICRRN,GSITGCGGGCLLGRCYRPGCTCVRRICRRN,yes,30,CyBase,CyBase\Cyclotide.fa,526,ctr_pep_22,ctr_pep_22,unclassified,unknown,,,,,unknown,unknown,,,,,unknown,cyclotide,,,,"{""header"": ""ctr_pep_22"", ""sequence"": ""GSITGCGGGCLLGRCYRPGCTCVRRICRRN""}"
GSAIRCGERCLLGRCHRPGCTCVRRICRRN,GSAIRCGERCLLGRCHRPGCTCVRRICRRN,yes,30,CyBase,CyBase\Cyclotide.fa,527,ctr_pep_24,ctr_pep_24,unclassified,unknown,,,,,unknown,unknown,,,,,unknown,cyclotide,,,,"{""header"": ""ctr_pep_24"", ""sequence"": ""GSAIRCGERCLLGRCHRPGCTCVRRICRRN""}"
GSSIVTCGETCLRGKCYTPGCTCVRPICKKN,GSSIVTCGETCLRGKCYTPGCTCVRPICKKN,yes,31,CyBase,CyBase\Cyclotide.fa,528,ctr_pep_26,ctr_pep_26,unclassified,unknown,,,,,unknown,unknown,,,,,unknown,cyclotide,,,,"{""header"": ""ctr_pep_26"", ""sequence"": ""GSSIVTCGETCLRGKCYTPGCTCVRPICKKN""}"
GDPFKCGESCFAGKCYTPGCTCSRPICKKN,GDPFKCGESCFAGKCYTPGCTCSRPICKKN,yes,30,CyBase,CyBase\Cyclotide.fa,529,ctr_pep_29,ctr_pep_29,unclassified,unknown,,,,,unknown,unknown,,,,,unknown,cyclotide,,,,"{""header"": ""ctr_pep_29"", ""sequence"": ""GDPFKCGESCFAGKCYTPGCTCSRPICKKN""}"
GSPCGESCVFIPCISTVIGCSCKNKVCYRN,GSPCGESCVFIPCISTVIGCSCKNKVCYRN,yes,30,CyBase,CyBase\Cyclotide.fa,530,ctr_pep_30,ctr_pep_30,unclassified,unknown,,,,,unknown,unknown,,,,,unknown,cyclotide,,,,"{""header"": ""ctr_pep_30"", ""sequence"": ""GSPCGESCVFIPCISTVIGCSCKNKVCYRN""}"
GIPCGESCVYIPCTVTALLGCSCKNKVCFRN,GIPCGESCVYIPCTVTALLGCSCKNKVCFRN,yes,31,CyBase,CyBase\Cyclotide.fa,531,ctr_pep_31,ctr_pep_31,unclassified,unknown,,,,,unknown,unknown,,,,,unknown,cyclotide,,,,"{""header"": ""ctr_pep_31"", ""sequence"": ""GIPCGESCVYIPCTVTALLGCSCKNKVCFRN""}"
GIPCGESCVFISCTVTALLGCSCKDKVCYKN,GIPCGESCVFISCTVTALLGCSCKDKVCYKN,yes,31,CyBase,CyBase\Cyclotide.fa,532,ctr_pep_33,ctr_pep_33,unclassified,unknown,,,,,unknown,unknown,,,,,unknown,cyclotide,,,,"{""header"": ""ctr_pep_33"", ""sequence"": ""GIPCGESCVFISCTVTALLGCSCKDKVCYKN""}"
NIFPCGESCVYIPCITSIVGCSCQNKVCYNN,NIFPCGESCVYIPCITSIVGCSCQNKVCYNN,yes,31,CyBase,CyBase\Cyclotide.fa,533,ctr_pep_35,ctr_pep_35,unclassified,unknown,,,,,unknown,unknown,,,,,unknown,cyclotide,,,,"{""header"": ""ctr_pep_35"", ""sequence"": ""NIFPCGESCVYIPCITSIVGCSCQNKVCYNN""}"
DTIPCGESCVFIPCTSSVLGCSCKDKFCYNN,DTIPCGESCVFIPCTSSVLGCSCKDKFCYNN,yes,31,CyBase,CyBase\Cyclotide.fa,534,ctr_pep_37,ctr_pep_37,unclassified,unknown,,,,,unknown,unknown,,,,,unknown,cyclotide,,,,"{""header"": ""ctr_pep_37"", ""sequence"": ""DTIPCGESCVFIPCTSSVLGCSCKDKFCYNN""}"
GGTACGESCIYLPCISGVFEGCSCQNKACYKN,GGTACGESCIYLPCISGVFEGCSCQNKACYKN,yes,32,CyBase,CyBase\Cyclotide.fa,535,ctr_pep_38,ctr_pep_38,unclassified,unknown,,,,,unknown,unknown,,,,,unknown,cyclotide,,,,"{""header"": ""ctr_pep_38"", ""sequence"": ""GGTACGESCIYLPCISGVFEGCSCQNKACYKN""}"
GIPCGESCVFLPCFIIPGCSCKDKVCYLN,GIPCGESCVFLPCFIIPGCSCKDKVCYLN,yes,29,CyBase,CyBase\Cyclotide.fa,536,ctr_pep_43,ctr_pep_43,unclassified,unknown,,,,,unknown,unknown,,,,,unknown,cyclotide,,,,"{""header"": ""ctr_pep_43"", ""sequence"": ""GIPCGESCVFLPCFIIPGCSCKDKVCYLN""}"
GIPCVESCVFIPCTVTALLGCSCKDKVCYKN,GIPCVESCVFIPCTVTALLGCSCKDKVCYKN,yes,31,CyBase,CyBase\Cyclotide.fa,537,ctr_pep_47,ctr_pep_47,unclassified,unknown,,,,,unknown,unknown,,,,,unknown,cyclotide,,,,"{""header"": ""ctr_pep_47"", ""sequence"": ""GIPCVESCVFIPCTVTALLGCSCKDKVCYKN""}"
GVPCGESCVYIPCTVTALLGCSCKNKVCYRN,GVPCGESCVYIPCTVTALLGCSCKNKVCYRN,yes,31,CyBase,CyBase\Cyclotide.fa,538,ctr_pep_48,ctr_pep_48,unclassified,unknown,,,,,unknown,unknown,,,,,unknown,cyclotide,,,,"{""header"": ""ctr_pep_48"", ""sequence"": ""GVPCGESCVYIPCTVTALLGCSCKNKVCYRN""}"
GLPCGESCVYIPCISTVLGCSCSNKVCYRN,GLPCGESCVYIPCISTVLGCSCSNKVCYRN,yes,30,CyBase,CyBase\Cyclotide.fa,539,hyen_F,hyen_F,unclassified,unknown,,,,,unknown,unknown,,,,,unknown,cyclotide,,,,"{""header"": ""hyen_F"", ""sequence"": ""GLPCGESCVYIPCISTVLGCSCSNKVCYRN""}"
KIPCGESCVWIPCFTSAFGCYCQSKVCYHS,KIPCGESCVWIPCFTSAFGCYCQSKVCYHS,yes,30,CyBase,CyBase\Cyclotide.fa,540,cT38,cT38,unclassified,unknown,,,,,unknown,unknown,,,,,unknown,cyclotide,,,,"{""header"": ""cT38"", ""sequence"": ""KIPCGESCVWIPCFTSAFGCYCQSKVCYHS""}"
GIPCGESCVWIPCITAAVGCSCSNKVCYRN,GIPCGESCVWIPCITAAVGCSCSNKVCYRN,yes,30,CyBase,CyBase\Cyclotide.fa,541,hyen_N,hyen_N,unclassified,unknown,,,,,unknown,unknown,,,,,unknown,cyclotide,,,,"{""header"": ""hyen_N"", ""sequence"": ""GIPCGESCVWIPCITAAVGCSCSNKVCYRN""}"
GIPCGESCVWIPCISSVLGCSCSNKVCYRN,GIPCGESCVWIPCISSVLGCSCSNKVCYRN,yes,30,CyBase,CyBase\Cyclotide.fa,542,hyen_O,hyen_O,unclassified,unknown,,,,,unknown,unknown,,,,,unknown,cyclotide,,,,"{""header"": ""hyen_O"", ""sequence"": ""GIPCGESCVWIPCISSVLGCSCSNKVCYRN""}"
GAIPCGESCVYIPCISTVLGCSCSNKVCYKN,GAIPCGESCVYIPCISTVLGCSCSNKVCYKN,yes,31,CyBase,CyBase\Cyclotide.fa,543,hyen_P,hyen_P,unclassified,unknown,,,,,unknown,unknown,,,,,unknown,cyclotide,,,,"{""header"": ""hyen_P"", ""sequence"": ""GAIPCGESCVYIPCISTVLGCSCSNKVCYKN""}"
GIPCGESCVWLPCFIVPGCSCNDKVCYLN,GIPCGESCVWLPCFIVPGCSCNDKVCYLN,yes,29,CyBase,CyBase\Cyclotide.fa,544,hyen_Q,hyen_Q,unclassified,unknown,,,,,unknown,unknown,,,,,unknown,cyclotide,,,,"{""header"": ""hyen_Q"", ""sequence"": ""GIPCGESCVWLPCFIVPGCSCNDKVCYLN""}"
AVPCGESCVWIPCITSIAGCSCSNKVCYMN,AVPCGESCVWIPCITSIAGCSCSNKVCYMN,yes,30,CyBase,CyBase\Cyclotide.fa,545,hyen_R,hyen_R,unclassified,unknown,,,,,unknown,unknown,,,,,unknown,cyclotide,,,,"{""header"": ""hyen_R"", ""sequence"": ""AVPCGESCVWIPCITSIAGCSCSNKVCYMN""}"
GIPCGESCVYIPCFTAAIGCSCSNKVCYRN,GIPCGESCVYIPCFTAAIGCSCSNKVCYRN,yes,30,CyBase,CyBase\Cyclotide.fa,546,hyen_S,hyen_S,unclassified,unknown,,,,,unknown,unknown,,,,,unknown,cyclotide,,,,"{""header"": ""hyen_S"", ""sequence"": ""GIPCGESCVYIPCFTAAIGCSCSNKVCYRN""}"
GLAKSCGETCKVTKRCSGQGCSCLKGRSCYD,GLAKSCGETCKVTKRCSGQGCSCLKGRSCYD,yes,31,CyBase,CyBase\Cyclotide.fa,547,hyen_B,hyen_B,unclassified,unknown,,,,,unknown,unknown,,,,,unknown,cyclotide,,,,"{""header"": ""hyen_B"", ""sequence"": ""GLAKSCGETCKVTKRCSGQGCSCLKGRSCYD""}"
GIPCGESCVWIPCISAAIGCSCSNKVCYRN,GIPCGESCVWIPCISAAIGCSCSNKVCYRN,yes,30,CyBase,CyBase\Cyclotide.fa,548,hyen_T,hyen_T,unclassified,unknown,,,,,unknown,unknown,,,,,unknown,cyclotide,,,,"{""header"": ""hyen_T"", ""sequence"": ""GIPCGESCVWIPCISAAIGCSCSNKVCYRN""}"
GIPCGESCVWIPCFSAAIGCSCRSRVCYRN,GIPCGESCVWIPCFSAAIGCSCRSRVCYRN,yes,30,CyBase,CyBase\Cyclotide.fa,549,hyen_U,hyen_U,unclassified,unknown,,,,,unknown,unknown,,,,,unknown,cyclotide,,,,"{""header"": ""hyen_U"", ""sequence"": ""GIPCGESCVWIPCFSAAIGCSCRSRVCYRN""}"
GIPCGESCVWIPCFSAAIGCSCRSKVCYRN,GIPCGESCVWIPCFSAAIGCSCRSKVCYRN,yes,30,CyBase,CyBase\Cyclotide.fa,550,hyen_V,hyen_V,unclassified,unknown,,,,,unknown,unknown,,,,,unknown,cyclotide,,,,"{""header"": ""hyen_V"", ""sequence"": ""GIPCGESCVWIPCFSAAIGCSCRSKVCYRN""}"
AVPCGESCVIIPCFTGIVGCGCTNKVCYIN,AVPCGESCVIIPCFTGIVGCGCTNKVCYIN,yes,30,CyBase,CyBase\Cyclotide.fa,551,hyen_W,hyen_W,unclassified,unknown,,,,,unknown,unknown,,,,,unknown,cyclotide,,,,"{""header"": ""hyen_W"", ""sequence"": ""AVPCGESCVIIPCFTGIVGCGCTNKVCYIN""}"
SIPCGESCVFIPCFTGVVGCGCTNKVCYIN,SIPCGESCVFIPCFTGVVGCGCTNKVCYIN,yes,30,CyBase,CyBase\Cyclotide.fa,552,hyen_X,hyen_X,unclassified,unknown,,,,,unknown,unknown,,,,,unknown,cyclotide,,,,"{""header"": ""hyen_X"", ""sequence"": ""SIPCGESCVFIPCFTGVVGCGCTNKVCYIN""}"
GIPCGESCVFIPCFTSAIGCSCKSKVCYRN,GIPCGESCVFIPCFTSAIGCSCKSKVCYRN,yes,30,CyBase,CyBase\Cyclotide.fa,553,hyen_Y,hyen_Y,unclassified,unknown,,,,,unknown,unknown,,,,,unknown,cyclotide,,,,"{""header"": ""hyen_Y"", ""sequence"": ""GIPCGESCVFIPCFTSAIGCSCKSKVCYRN""}"
GTPCGESCVYIPCLSTVLGCSCSNRICYRN,GTPCGESCVYIPCLSTVLGCSCSNRICYRN,yes,30,CyBase,CyBase\Cyclotide.fa,554,hyen_Z,hyen_Z,unclassified,unknown,,,,,unknown,unknown,,,,,unknown,cyclotide,,,,"{""header"": ""hyen_Z"", ""sequence"": ""GTPCGESCVYIPCLSTVLGCSCSNRICYRN""}"
GSPCGEYCVFHPSCITAIIGCSCRNRVCYKN,GSPCGEYCVFHPSCITAIIGCSCRNRVCYKN,yes,31,CyBase,CyBase\Cyclotide.fa,555,hyen_AA,hyen_AA,unclassified,unknown,,,,,unknown,unknown,,,,,unknown,cyclotide,,,,"{""header"": ""hyen_AA"", ""sequence"": ""GSPCGEYCVFHPSCITAIIGCSCRNRVCYKN""}"
GIIPCGETCIWDKTCHIPGCKCEHNICVRN,GIIPCGETCIWDKTCHIPGCKCEHNICVRN,yes,30,CyBase,CyBase\Cyclotide.fa,556,hyen_AB,hyen_AB,unclassified,unknown,,,,,unknown,unknown,,,,,unknown,cyclotide,,,,"{""header"": ""hyen_AB"", ""sequence"": ""GIIPCGETCIWDKTCHIPGCKCEHNICVRN""}"
GTPCGESCVWIPCVTTIVGCSCKSNVCYLN,GTPCGESCVWIPCVTTIVGCSCKSNVCYLN,yes,30,CyBase,CyBase\Cyclotide.fa,557,hyen_AC,hyen_AC,unclassified,unknown,,,,,unknown,unknown,,,,,unknown,cyclotide,,,,"{""header"": ""hyen_AC"", ""sequence"": ""GTPCGESCVWIPCVTTIVGCSCKSNVCYLN""}"
GIIPCGETCIWDKKCHIQGCSCKHDICVRN,GIIPCGETCIWDKKCHIQGCSCKHDICVRN,yes,30,CyBase,CyBase\Cyclotide.fa,558,hyen_AD,hyen_AD,unclassified,unknown,,,,,unknown,unknown,,,,,unknown,cyclotide,,,,"{""header"": ""hyen_AD"", ""sequence"": ""GIIPCGETCIWDKKCHIQGCSCKHDICVRN""}"
GFPCGESCVYIPCTVTALWGCACWEHVCYTN,GFPCGESCVYIPCTVTALWGCACWEHVCYTN,yes,31,CyBase,CyBase\Cyclotide.fa,559,hyen_AE,hyen_AE,unclassified,unknown,,,,,unknown,unknown,,,,,unknown,cyclotide,,,,"{""header"": ""hyen_AE"", ""sequence"": ""GFPCGESCVYIPCTVTALWGCACWEHVCYTN""}"
GIPCAESCVWIPCTVTALLGCSCSDKVCYN,GIPCAESCVWIPCTVTALLGCSCSDKVCYN,yes,30,CyBase,CyBase\Cyclotide.fa,560,hyen_AF,hyen_AF,unclassified,unknown,,,,,unknown,unknown,,,,,unknown,cyclotide,,,,"{""header"": ""hyen_AF"", ""sequence"": ""GIPCAESCVWIPCTVTALLGCSCSDKVCYN""}"
GAMPCGESCVYIPCTVTALLGCSCKNNVCYKN,GAMPCGESCVYIPCTVTALLGCSCKNNVCYKN,yes,32,CyBase,CyBase\Cyclotide.fa,561,hyen_AG,hyen_AG,unclassified,unknown,,,,,unknown,unknown,,,,,unknown,cyclotide,,,,"{""header"": ""hyen_AG"", ""sequence"": ""GAMPCGESCVYIPCTVTALLGCSCKNNVCYKN""}"
GIIPCGESCVWIPCTVTAVMGCSCKDNVCYRN,GIIPCGESCVWIPCTVTAVMGCSCKDNVCYRN,yes,32,CyBase,CyBase\Cyclotide.fa,562,hyen_AH,hyen_AH,unclassified,unknown,,,,,unknown,unknown,,,,,unknown,cyclotide,,,,"{""header"": ""hyen_AH"", ""sequence"": ""GIIPCGESCVWIPCTVTAVMGCSCKDNVCYRN""}"
GIPCGESCFWIPCTVTSLLGCSCKSSVCYKY,GIPCGESCFWIPCTVTSLLGCSCKSSVCYKY,yes,31,CyBase,CyBase\Cyclotide.fa,563,hyen_AI,hyen_AI,unclassified,unknown,,,,,unknown,unknown,,,,,unknown,cyclotide,,,,"{""header"": ""hyen_AI"", ""sequence"": ""GIPCGESCFWIPCTVTSLLGCSCKSSVCYKY""}"
GVIPCGESCVYIPCTVTALLGCSCSNKVCYKN,GVIPCGESCVYIPCTVTALLGCSCSNKVCYKN,yes,32,CyBase,CyBase\Cyclotide.fa,564,hyen_AJ,hyen_AJ,unclassified,unknown,,,,,unknown,unknown,,,,,unknown,cyclotide,,,,"{""header"": ""hyen_AJ"", ""sequence"": ""GVIPCGESCVYIPCTVTALLGCSCSNKVCYKN""}"
SIPCGETCVWLPCFIVPGCSCKDKVCYIN,SIPCGETCVWLPCFIVPGCSCKDKVCYIN,yes,29,CyBase,CyBase\Cyclotide.fa,565,hyen_AK,hyen_AK,unclassified,unknown,,,,,unknown,unknown,,,,,unknown,cyclotide,,,,"{""header"": ""hyen_AK"", ""sequence"": ""SIPCGETCVWLPCFIVPGCSCKDKVCYIN""}"
GLIPCGESCVLIPCISTIIGCSCKNKVCYRN,GLIPCGESCVLIPCISTIIGCSCKNKVCYRN,yes,31,CyBase,CyBase\Cyclotide.fa,566,hyen_AL,hyen_AL,unclassified,unknown,,,,,unknown,unknown,,,,,unknown,cyclotide,,,,"{""header"": ""hyen_AL"", ""sequence"": ""GLIPCGESCVLIPCISTIIGCSCKNKVCYRN""}"
RFTSCQEGCFFRPCTTPGCRCLADLCVKN,RFTSCQEGCFFRPCTTPGCRCLADLCVKN,yes,29,CyBase,CyBase\Cyclotide.fa,567,hyen_AM,hyen_AM,unclassified,unknown,,,,,unknown,unknown,,,,,unknown,cyclotide,,,,"{""header"": ""hyen_AM"", ""sequence"": ""RFTSCQEGCFFRPCTTPGCRCLADLCVKN""}"
GIKIPCGESCAWVDFCFTSIVGCSCENKVCYKN,GIKIPCGESCAWVDFCFTSIVGCSCENKVCYKN,yes,33,CyBase,CyBase\Cyclotide.fa,568,hyen_AN,hyen_AN,unclassified,unknown,,,,,unknown,unknown,,,,,unknown,cyclotide,,,,"{""header"": ""hyen_AN"", ""sequence"": ""GIKIPCGESCAWVDFCFTSIVGCSCENKVCYKN""}"
KIPCGESCAWVDFCFTSIVGCSCENKVCYKN,KIPCGESCAWVDFCFTSIVGCSCENKVCYKN,yes,31,CyBase,CyBase\Cyclotide.fa,569,hyen_AO,hyen_AO,unclassified,unknown,,,,,unknown,unknown,,,,,unknown,cyclotide,,,,"{""header"": ""hyen_AO"", ""sequence"": ""KIPCGESCAWVDFCFTSIVGCSCENKVCYKN""}"
GIPCGESCVFIPCLTAAIGCSCSNRVCYRN,GIPCGESCVFIPCLTAAIGCSCSNRVCYRN,yes,30,CyBase,CyBase\Cyclotide.fa,570,hyen_AP,hyen_AP,unclassified,unknown,,,,,unknown,unknown,,,,,unknown,cyclotide,,,,"{""header"": ""hyen_AP"", ""sequence"": ""GIPCGESCVFIPCLTAAIGCSCSNRVCYRN""}"
KVPCGESCAWVNFCFTSVVGCSCQDKVCYMN,KVPCGESCAWVNFCFTSVVGCSCQDKVCYMN,yes,31,CyBase,CyBase\Cyclotide.fa,571,hyen_AQ,hyen_AQ,unclassified,unknown,,,,,unknown,unknown,,,,,unknown,cyclotide,,,,"{""header"": ""hyen_AQ"", ""sequence"": ""KVPCGESCAWVNFCFTSVVGCSCQDKVCYMN""}"
SIPCGESCVFIPCFTRVIGCSCRNKVCYRG,SIPCGESCVFIPCFTRVIGCSCRNKVCYRG,yes,30,CyBase,CyBase\Cyclotide.fa,572,hyen_AR,hyen_AR,unclassified,unknown,,,,,unknown,unknown,,,,,unknown,cyclotide,,,,"{""header"": ""hyen_AR"", ""sequence"": ""SIPCGESCVFIPCFTRVIGCSCRNKVCYRG""}"
QVSCGETCKSGPCSYPRCTCTAKICVLY,QVSCGETCKSGPCSYPRCTCTAKICVLY,yes,28,CyBase,CyBase\Cyclotide.fa,573,hyen_AS,hyen_AS,unclassified,unknown,,,,,unknown,unknown,,,,,unknown,cyclotide,,,,"{""header"": ""hyen_AS"", ""sequence"": ""QVSCGETCKSGPCSYPRCTCTAKICVLY""}"
AIPCGESCVFIPCFTKVIGCSCRSRVCYL,AIPCGESCVFIPCFTKVIGCSCRSRVCYL,yes,29,CyBase,CyBase\Cyclotide.fa,574,hyen_AT,hyen_AT,unclassified,unknown,,,,,unknown,unknown,,,,,unknown,cyclotide,,,,"{""header"": ""hyen_AT"", ""sequence"": ""AIPCGESCVFIPCFTKVIGCSCRSRVCYL""}"
ELISCGESCVYFPCITRIVGCRCRRNVCWLQ,ELISCGESCVYFPCITRIVGCRCRRNVCWLQ,yes,31,CyBase,CyBase\Cyclotide.fa,575,hyen_AU,hyen_AU,unclassified,unknown,,,,,unknown,unknown,,,,,unknown,cyclotide,,,,"{""header"": ""hyen_AU"", ""sequence"": ""ELISCGESCVYFPCITRIVGCRCRRNVCWLQ""}"
PAAFPCGESCVYIPCLTTAIGCSCKNKVCYHD,PAAFPCGESCVYIPCLTTAIGCSCKNKVCYHD,yes,32,CyBase,CyBase\Cyclotide.fa,576,hyen_AV,hyen_AV,unclassified,unknown,,,,,unknown,unknown,,,,,unknown,cyclotide,,,,"{""header"": ""hyen_AV"", ""sequence"": ""PAAFPCGESCVYIPCLTTAIGCSCKNKVCYHD""}"
PAAFPCGESCVYIPCVTTLIGCSCKDKVCYHD,PAAFPCGESCVYIPCVTTLIGCSCKDKVCYHD,yes,32,CyBase,CyBase\Cyclotide.fa,577,hyen_AW,hyen_AW,unclassified,unknown,,,,,unknown,unknown,,,,,unknown,cyclotide,,,,"{""header"": ""hyen_AW"", ""sequence"": ""PAAFPCGESCVYIPCVTTLIGCSCKDKVCYHD""}"
IPCLESCVYLPCIFTGPTLGCSCKNNVCYR,IPCLESCVYLPCIFTGPTLGCSCKNNVCYR,yes,30,CyBase,CyBase\Cyclotide.fa,578,hyen_AX,hyen_AX,unclassified,unknown,,,,,unknown,unknown,,,,,unknown,cyclotide,,,,"{""header"": ""hyen_AX"", ""sequence"": ""IPCLESCVYLPCIFTGPTLGCSCKNNVCYR""}"
GIPCGESCGESCVWIPCISSVLGCSCSNKVCYRN,GIPCGESCGESCVWIPCISSVLGCSCSNKVCYRN,yes,34,CyBase,CyBase\Cyclotide.fa,579,hyen_AY,hyen_AY,unclassified,unknown,,,,,unknown,unknown,,,,,unknown,cyclotide,,,,"{""header"": ""hyen_AY"", ""sequence"": ""GIPCGESCGESCVWIPCISSVLGCSCSNKVCYRN""}"
GRPCGEYCLFGRSCVTAVIGCSCSNNVCYQN,GRPCGEYCLFGRSCVTAVIGCSCSNNVCYQN,yes,31,CyBase,CyBase\Cyclotide.fa,580,hyen_AZ,hyen_AZ,unclassified,unknown,,,,,unknown,unknown,,,,,unknown,cyclotide,,,,"{""header"": ""hyen_AZ"", ""sequence"": ""GRPCGEYCLFGRSCVTAVIGCSCSNNVCYQN""}"
DLICSQTCFSHPCVPQCVCRNFICYRN,DLICSQTCFSHPCVPQCVCRNFICYRN,yes,27,CyBase,CyBase\Cyclotide.fa,581,hyen_BA,hyen_BA,unclassified,unknown,,,,,unknown,unknown,,,,,unknown,cyclotide,,,,"{""header"": ""hyen_BA"", ""sequence"": ""DLICSQTCFSHPCVPQCVCRNFICYRN""}"
ALICGESCFTGKCYSEVIGCGCSWPLCKKN,ALICGESCFTGKCYSEVIGCGCSWPLCKKN,yes,30,CyBase,CyBase\Cyclotide.fa,582,hyen_BB,hyen_BB,unclassified,unknown,,,,,unknown,unknown,,,,,unknown,cyclotide,,,,"{""header"": ""hyen_BB"", ""sequence"": ""ALICGESCFTGKCYSEVIGCGCSWPLCKKN""}"
PLICGETCFTGTCYSAQIGCSCSWPVCMKN,PLICGETCFTGTCYSAQIGCSCSWPVCMKN,yes,30,CyBase,CyBase\Cyclotide.fa,583,hyen_BC,hyen_BC,unclassified,unknown,,,,,unknown,unknown,,,,,unknown,cyclotide,,,,"{""header"": ""hyen_BC"", ""sequence"": ""PLICGETCFTGTCYSAQIGCSCSWPVCMKN""}"
YYCGETCKFITCTFSRLEWCSCQNKRCMNN,YYCGETCKFITCTFSRLEWCSCQNKRCMNN,yes,30,CyBase,CyBase\Cyclotide.fa,584,hyen_BF,hyen_BF,unclassified,unknown,,,,,unknown,unknown,,,,,unknown,cyclotide,,,,"{""header"": ""hyen_BF"", ""sequence"": ""YYCGETCKFITCTFSRLEWCSCQNKRCMNN""}"
SIPCGESCVIIPCITGIFGPCSCKSKVCYFN,SIPCGESCVIIPCITGIFGPCSCKSKVCYFN,yes,31,CyBase,CyBase\Cyclotide.fa,585,hyen_BG,hyen_BG,unclassified,unknown,,,,,unknown,unknown,,,,,unknown,cyclotide,,,,"{""header"": ""hyen_BG"", ""sequence"": ""SIPCGESCVIIPCITGIFGPCSCKSKVCYFN""}"
GTPCGESCVYIPCLTTIVGCSCKSNVCYLN,GTPCGESCVYIPCLTTIVGCSCKSNVCYLN,yes,30,CyBase,CyBase\Cyclotide.fa,586,hyen_BH,hyen_BH,unclassified,unknown,,,,,unknown,unknown,,,,,unknown,cyclotide,,,,"{""header"": ""hyen_BH"", ""sequence"": ""GTPCGESCVYIPCLTTIVGCSCKSNVCYLN""}"
SVPCGESCVFIPCVTGIIGCECKSKVCYLN,SVPCGESCVFIPCVTGIIGCECKSKVCYLN,yes,30,CyBase,CyBase\Cyclotide.fa,587,hyen_BI,hyen_BI,unclassified,unknown,,,,,unknown,unknown,,,,,unknown,cyclotide,,,,"{""header"": ""hyen_BI"", ""sequence"": ""SVPCGESCVFIPCVTGIIGCECKSKVCYLN""}"
GLIPCGESCVWIPCFSAAIGCSCNGQDHVCYRN,GLIPCGESCVWIPCFSAAIGCSCNGQDHVCYRN,yes,33,CyBase,CyBase\Cyclotide.fa,588,hyen_BJ,hyen_BJ,unclassified,unknown,,,,,unknown,unknown,,,,,unknown,cyclotide,,,,"{""header"": ""hyen_BJ"", ""sequence"": ""GLIPCGESCVWIPCFSAAIGCSCNGQDHVCYRN""}"
GIPCAESCVYIPCIVSVILGCSCQSKVCYN,GIPCAESCVYIPCIVSVILGCSCQSKVCYN,yes,30,CyBase,CyBase\Cyclotide.fa,589,hyen_BK,hyen_BK,unclassified,unknown,,,,,unknown,unknown,,,,,unknown,cyclotide,,,,"{""header"": ""hyen_BK"", ""sequence"": ""GIPCAESCVYIPCIVSVILGCSCQSKVCYN""}"
TPCGETCKYIPCITLIYPPCECKDGLCVWPSVD,TPCGETCKYIPCITLIYPPCECKDGLCVWPSVD,yes,33,CyBase,CyBase\Cyclotide.fa,590,hyen_BL,hyen_BL,unclassified,unknown,,,,,unknown,unknown,,,,,unknown,cyclotide,,,,"{""header"": ""hyen_BL"", ""sequence"": ""TPCGETCKYIPCITLIYPPCECKDGLCVWPSVD""}"
GIPCGESCVWIPCLSSAFGCSCRSKVCYRN,GIPCGESCVWIPCLSSAFGCSCRSKVCYRN,yes,30,CyBase,CyBase\Cyclotide.fa,591,hyen_BM,hyen_BM,unclassified,unknown,,,,,unknown,unknown,,,,,unknown,cyclotide,,,,"{""header"": ""hyen_BM"", ""sequence"": ""GIPCGESCVWIPCLSSAFGCSCRSKVCYRN""}"
GLQRCRESCNRVKCWLPGCECLNKMCYKN,GLQRCRESCNRVKCWLPGCECLNKMCYKN,yes,29,CyBase,CyBase\Cyclotide.fa,592,hyen_BN,hyen_BN,unclassified,unknown,,,,,unknown,unknown,,,,,unknown,cyclotide,,,,"{""header"": ""hyen_BN"", ""sequence"": ""GLQRCRESCNRVKCWLPGCECLNKMCYKN""}"
ALFCGESCFVGSCNKSPAGCRCSYPFCIKN,ALFCGESCFVGSCNKSPAGCRCSYPFCIKN,yes,30,CyBase,CyBase\Cyclotide.fa,593,hyen_BO,hyen_BO,unclassified,unknown,,,,,unknown,unknown,,,,,unknown,cyclotide,,,,"{""header"": ""hyen_BO"", ""sequence"": ""ALFCGESCFVGSCNKSPAGCRCSYPFCIKN""}"
GFHCRESCRHTRCSIAACSCSKDKYCMRN,GFHCRESCRHTRCSIAACSCSKDKYCMRN,yes,29,CyBase,CyBase\Cyclotide.fa,594,hyen_BP,hyen_BP,unclassified,unknown,,,,,unknown,unknown,,,,,unknown,cyclotide,,,,"{""header"": ""hyen_BP"", ""sequence"": ""GFHCRESCRHTRCSIAACSCSKDKYCMRN""}"
GFSCGQSCVFLPCLNPGPIPPSCRCVKGECVRN,GFSCGQSCVFLPCLNPGPIPPSCRCVKGECVRN,yes,33,CyBase,CyBase\Cyclotide.fa,595,hyen_BQ,hyen_BQ,unclassified,unknown,,,,,unknown,unknown,,,,,unknown,cyclotide,,,,"{""header"": ""hyen_BQ"", ""sequence"": ""GFSCGQSCVFLPCLNPGPIPPSCRCVKGECVRN""}"
GIPCPGSCFFIDCNPGPFPPSCKCKGGMCVRN,GIPCPGSCFFIDCNPGPFPPSCKCKGGMCVRN,yes,32,CyBase,CyBase\Cyclotide.fa,596,hyen_BR,hyen_BR,unclassified,unknown,,,,,unknown,unknown,,,,,unknown,cyclotide,,,,"{""header"": ""hyen_BR"", ""sequence"": ""GIPCPGSCFFIDCNPGPFPPSCKCKGGMCVRN""}"
AVPCGESCVWIPCISSIAGCSCSNSVCYLN,AVPCGESCVWIPCISSIAGCSCSNSVCYLN,yes,30,CyBase,CyBase\Cyclotide.fa,597,hyen_BS,hyen_BS,unclassified,unknown,,,,,unknown,unknown,,,,,unknown,cyclotide,,,,"{""header"": ""hyen_BS"", ""sequence"": ""AVPCGESCVWIPCISSIAGCSCSNSVCYLN""}"
VLSCIETCVYIPCITSLIGCSCKDKICYLN,VLSCIETCVYIPCITSLIGCSCKDKICYLN,yes,30,CyBase,CyBase\Cyclotide.fa,598,hyen_BT,hyen_BT,unclassified,unknown,,,,,unknown,unknown,,,,,unknown,cyclotide,,,,"{""header"": ""hyen_BT"", ""sequence"": ""VLSCIETCVYIPCITSLIGCSCKDKICYLN""}"
FFPCTESCGVLPCLTSLIGCRCVDKICVKD,FFPCTESCGVLPCLTSLIGCRCVDKICVKD,yes,30,CyBase,CyBase\Cyclotide.fa,599,hyen_BU,hyen_BU,unclassified,unknown,,,,,unknown,unknown,,,,,unknown,cyclotide,,,,"{""header"": ""hyen_BU"", ""sequence"": ""FFPCTESCGVLPCLTSLIGCRCVDKICVKD""}"
GIPCAESCVFIPCTITALLGCKCQSNVCYN,GIPCAESCVFIPCTITALLGCKCQSNVCYN,yes,30,CyBase,CyBase\Cyclotide.fa,600,hyen_BV,hyen_BV,unclassified,unknown,,,,,unknown,unknown,,,,,unknown,cyclotide,,,,"{""header"": ""hyen_BV"", ""sequence"": ""GIPCAESCVFIPCTITALLGCKCQSNVCYN""}"
GIPCAESCVFIPCTITALLGCKCQSKVCYN,GIPCAESCVFIPCTITALLGCKCQSKVCYN,yes,30,CyBase,CyBase\Cyclotide.fa,601,hyen_BW,hyen_BW,unclassified,unknown,,,,,unknown,unknown,,,,,unknown,cyclotide,,,,"{""header"": ""hyen_BW"", ""sequence"": ""GIPCAESCVFIPCTITALLGCKCQSKVCYN""}"
GIPCAESCVWIPCTVTALLGCKCQSNVCYN,GIPCAESCVWIPCTVTALLGCKCQSNVCYN,yes,30,CyBase,CyBase\Cyclotide.fa,602,hyen_BX,hyen_BX,unclassified,unknown,,,,,unknown,unknown,,,,,unknown,cyclotide,,,,"{""header"": ""hyen_BX"", ""sequence"": ""GIPCAESCVWIPCTVTALLGCKCQSNVCYN""}"
AIPCGESCVWIPCFSSVIGCRCRSKVCYR,AIPCGESCVWIPCFSSVIGCRCRSKVCYR,yes,29,CyBase,CyBase\Cyclotide.fa,603,hyen_BY,hyen_BY,unclassified,unknown,,,,,unknown,unknown,,,,,unknown,cyclotide,,,,"{""header"": ""hyen_BY"", ""sequence"": ""AIPCGESCVWIPCFSSVIGCRCRSKVCYR""}"
GFLQSCGEGCFFKPCTKPGCTCLADLCVTN,GFLQSCGEGCFFKPCTKPGCTCLADLCVTN,yes,30,CyBase,CyBase\Cyclotide.fa,604,hyen_BZ,hyen_BZ,unclassified,unknown,,,,,unknown,unknown,,,,,unknown,cyclotide,,,,"{""header"": ""hyen_BZ"", ""sequence"": ""GFLQSCGEGCFFKPCTKPGCTCLADLCVTN""}"
SIPCGESCALFDFCFTAPLGCTCQNKVCYKN,SIPCGESCALFDFCFTAPLGCTCQNKVCYKN,yes,31,CyBase,CyBase\Cyclotide.fa,605,hyen_CA,hyen_CA,unclassified,unknown,,,,,unknown,unknown,,,,,unknown,cyclotide,,,,"{""header"": ""hyen_CA"", ""sequence"": ""SIPCGESCALFDFCFTAPLGCTCQNKVCYKN""}"
GIPCGESCAWLPFCFTAPLGCTCQDKVCYRN,GIPCGESCAWLPFCFTAPLGCTCQDKVCYRN,yes,31,CyBase,CyBase\Cyclotide.fa,606,hyen_CB,hyen_CB,unclassified,unknown,,,,,unknown,unknown,,,,,unknown,cyclotide,,,,"{""header"": ""hyen_CB"", ""sequence"": ""GIPCGESCAWLPFCFTAPLGCTCQDKVCYRN""}"
SIPCGESCAWFDFCFTAPLGCTCQNKVCSIN,SIPCGESCAWFDFCFTAPLGCTCQNKVCSIN,yes,31,CyBase,CyBase\Cyclotide.fa,607,hyen_CC,hyen_CC,unclassified,unknown,,,,,unknown,unknown,,,,,unknown,cyclotide,,,,"{""header"": ""hyen_CC"", ""sequence"": ""SIPCGESCAWFDFCFTAPLGCTCQNKVCSIN""}"
SIGCGESCVYLGCFIIPACRTCRNNACYLN,SIGCGESCVYLGCFIIPACRTCRNNACYLN,yes,30,CyBase,CyBase\Cyclotide.fa,608,hyen_CD,hyen_CD,unclassified,unknown,,,,,unknown,unknown,,,,,unknown,cyclotide,,,,"{""header"": ""hyen_CD"", ""sequence"": ""SIGCGESCVYLGCFIIPACRTCRNNACYLN""}"
GIPCGESCVFIPCITSIAGCSCQSKVCYLN,GIPCGESCVFIPCITSIAGCSCQSKVCYLN,yes,30,CyBase,CyBase\Cyclotide.fa,609,hyen_CE,hyen_CE,unclassified,unknown,,,,,unknown,unknown,,,,,unknown,cyclotide,,,,"{""header"": ""hyen_CE"", ""sequence"": ""GIPCGESCVFIPCITSIAGCSCQSKVCYLN""}"
GPPCYSTCRFIPACVKTTWPQCVCKDGVCVVQ,GPPCYSTCRFIPACVKTTWPQCVCKDGVCVVQ,yes,32,CyBase,CyBase\Cyclotide.fa,610,hyen_CF,hyen_CF,unclassified,unknown,,,,,unknown,unknown,,,,,unknown,cyclotide,,,,"{""header"": ""hyen_CF"", ""sequence"": ""GPPCYSTCRFIPACVKTTWPQCVCKDGVCVVQ""}"
SIPCGESCVYLPCFSAIFGCRCNEYSLCVKG,SIPCGESCVYLPCFSAIFGCRCNEYSLCVKG,yes,31,CyBase,CyBase\Cyclotide.fa,611,hyen_CG,hyen_CG,unclassified,unknown,,,,,unknown,unknown,,,,,unknown,cyclotide,,,,"{""header"": ""hyen_CG"", ""sequence"": ""SIPCGESCVYLPCFSAIFGCRCNEYSLCVKG""}"
SIPCGESCVYLPCFSAIFGCRCNENRICVKG,SIPCGESCVYLPCFSAIFGCRCNENRICVKG,yes,31,CyBase,CyBase\Cyclotide.fa,612,hyen_CH,hyen_CH,unclassified,unknown,,,,,unknown,unknown,,,,,unknown,cyclotide,,,,"{""header"": ""hyen_CH"", ""sequence"": ""SIPCGESCVYLPCFSAIFGCRCNENRICVKG""}"
GIPCGESCVWLPCFTKYIGCGCQSKVCYY,GIPCGESCVWLPCFTKYIGCGCQSKVCYY,yes,29,CyBase,CyBase\Cyclotide.fa,613,hyen_CJ,hyen_CJ,unclassified,unknown,,,,,unknown,unknown,,,,,unknown,cyclotide,,,,"{""header"": ""hyen_CJ"", ""sequence"": ""GIPCGESCVWLPCFTKYIGCGCQSKVCYY""}"
GTPCGESCAFRPCISGRIGCQCKHRFCYR,GTPCGESCAFRPCISGRIGCQCKHRFCYR,yes,29,CyBase,CyBase\Cyclotide.fa,614,hyen_CK,hyen_CK,unclassified,unknown,,,,,unknown,unknown,,,,,unknown,cyclotide,,,,"{""header"": ""hyen_CK"", ""sequence"": ""GTPCGESCAFRPCISGRIGCQCKHRFCYR""}"
IPCGERCEFMPCYTRVIACSCRNKVCYRGSS,IPCGERCEFMPCYTRVIACSCRNKVCYRGSS,yes,31,CyBase,CyBase\Cyclotide.fa,615,hyen_CL,hyen_CL,unclassified,unknown,,,,,unknown,unknown,,,,,unknown,cyclotide,,,,"{""header"": ""hyen_CL"", ""sequence"": ""IPCGERCEFMPCYTRVIACSCRNKVCYRGSS""}"
SMPCGETCYFIPCLTKLINCECVNNICVLGA,SMPCGETCYFIPCLTKLINCECVNNICVLGA,yes,31,CyBase,CyBase\Cyclotide.fa,616,hyen_CM,hyen_CM,unclassified,unknown,,,,,unknown,unknown,,,,,unknown,cyclotide,,,,"{""header"": ""hyen_CM"", ""sequence"": ""SMPCGETCYFIPCLTKLINCECVNNICVLGA""}"
IPCLESCVHLPCIFTGPTLGCSCKNNVCYR,IPCLESCVHLPCIFTGPTLGCSCKNNVCYR,yes,30,CyBase,CyBase\Cyclotide.fa,617,hyen_CN,hyen_CN,unclassified,unknown,,,,,unknown,unknown,,,,,unknown,cyclotide,,,,"{""header"": ""hyen_CN"", ""sequence"": ""IPCLESCVHLPCIFTGPTLGCSCKNNVCYR""}"
GIPCGESCGESCVFIPCLTSAIGCSCKSKVCYRN,GIPCGESCGESCVFIPCLTSAIGCSCKSKVCYRN,yes,34,CyBase,CyBase\Cyclotide.fa,618,hyen_BE,hyen_BE,unclassified,unknown,,,,,unknown,unknown,,,,,unknown,cyclotide,,,,"{""header"": ""hyen_BE"", ""sequence"": ""GIPCGESCGESCVFIPCLTSAIGCSCKSKVCYRN""}"
GIPCGESCVYIPCITAALGCSCKSKVCYRN,GIPCGESCVYIPCITAALGCSCKSKVCYRN,yes,30,CyBase,CyBase\Cyclotide.fa,619,viar_1,viar_1,unclassified,unknown,,,,,unknown,unknown,,,,,unknown,cyclotide,,,,"{""header"": ""viar_1"", ""sequence"": ""GIPCGESCVYIPCITAALGCSCKSKVCYRN""}"
GTIPCGESCVFIPCISSVLGCSCKSKVCYKN,GTIPCGESCVFIPCISSVLGCSCKSKVCYKN,yes,31,CyBase,CyBase\Cyclotide.fa,620,viar_2,viar_2,unclassified,unknown,,,,,unknown,unknown,,,,,unknown,cyclotide,,,,"{""header"": ""viar_2"", ""sequence"": ""GTIPCGESCVFIPCISSVLGCSCKSKVCYKN""}"
GIPCGESCVFIPCISSVLGCSCKSKVCYRN,GIPCGESCVFIPCISSVLGCSCKSKVCYRN,yes,30,CyBase,CyBase\Cyclotide.fa,621,vito_1,vito_1,unclassified,unknown,,,,,unknown,unknown,,,,,unknown,cyclotide,,,,"{""header"": ""vito_1"", ""sequence"": ""GIPCGESCVFIPCISSVLGCSCKSKVCYRN""}"
GVIPCGESCVFIPCISTLLGCSCKSKVCYRN,GVIPCGESCVFIPCISTLLGCSCKSKVCYRN,yes,31,CyBase,CyBase\Cyclotide.fa,622,vito_2,vito_2,unclassified,unknown,,,,,unknown,unknown,,,,,unknown,cyclotide,,,,"{""header"": ""vito_2"", ""sequence"": ""GVIPCGESCVFIPCISTLLGCSCKSKVCYRN""}"
AIPCGESCVYIPCISVVIGCSCRNKVCYR,AIPCGESCVYIPCISVVIGCSCRNKVCYR,yes,29,CyBase,CyBase\Cyclotide.fa,623,ribe_31,ribe_31,unclassified,unknown,,,,,unknown,unknown,,,,,unknown,cyclotide,,,,"{""header"": ""ribe_31"", ""sequence"": ""AIPCGESCVYIPCISVVIGCSCRNKVCYR""}"
AIPCGESCVYLPCFTKVFKCKCKNKVCYR,AIPCGESCVYLPCFTKVFKCKCKNKVCYR,yes,29,CyBase,CyBase\Cyclotide.fa,624,ribe_1,ribe_1,unclassified,unknown,,,,,unknown,unknown,,,,,unknown,cyclotide,,,,"{""header"": ""ribe_1"", ""sequence"": ""AIPCGESCVYLPCFTKVFKCKCKNKVCYR""}"
PCGESCVYLPCFTKVFKCKCKNKVCYR,PCGESCVYLPCFTKVFKCKCKNKVCYR,yes,27,CyBase,CyBase\Cyclotide.fa,625,ribe_2,ribe_2,unclassified,unknown,,,,,unknown,unknown,,,,,unknown,cyclotide,,,,"{""header"": ""ribe_2"", ""sequence"": ""PCGESCVYLPCFTKVFKCKCKNKVCYR""}"
IPCGESCVYIPCLTSVIKCKCKNKVCYR,IPCGESCVYIPCLTSVIKCKCKNKVCYR,yes,28,CyBase,CyBase\Cyclotide.fa,626,ribe_3,ribe_3,unclassified,unknown,,,,,unknown,unknown,,,,,unknown,cyclotide,,,,"{""header"": ""ribe_3"", ""sequence"": ""IPCGESCVYIPCLTSVIKCKCKNKVCYR""}"
AIPCGESCVYIPCLTSVIKCKCKNKVCYR,AIPCGESCVYIPCLTSVIKCKCKNKVCYR,yes,29,CyBase,CyBase\Cyclotide.fa,627,ribe_4,ribe_4,unclassified,unknown,,,,,unknown,unknown,,,,,unknown,cyclotide,,,,"{""header"": ""ribe_4"", ""sequence"": ""AIPCGESCVYIPCLTSVIKCKCKNKVCYR""}"
AIPCGESCVYIPCISKILGCSCKNKVCYR,AIPCGESCVYIPCISKILGCSCKNKVCYR,yes,29,CyBase,CyBase\Cyclotide.fa,628,ribe_5,ribe_5,unclassified,unknown,,,,,unknown,unknown,,,,,unknown,cyclotide,,,,"{""header"": ""ribe_5"", ""sequence"": ""AIPCGESCVYIPCISKILGCSCKNKVCYR""}"
QQYCGESCYVLPCFTQGCHCVSGQCVRDN,QQYCGESCYVLPCFTQGCHCVSGQCVRDN,yes,29,CyBase,CyBase\Cyclotide.fa,629,ribe_6,ribe_6,unclassified,unknown,,,,,unknown,unknown,,,,,unknown,cyclotide,,,,"{""header"": ""ribe_6"", ""sequence"": ""QQYCGESCYVLPCFTQGCHCVSGQCVRDN""}"
IPCGESCVWIPCLTSVFKCKCKNKVCYR,IPCGESCVWIPCLTSVFKCKCKNKVCYR,yes,28,CyBase,CyBase\Cyclotide.fa,630,ribe_7,ribe_7,unclassified,unknown,,,,,unknown,unknown,,,,,unknown,cyclotide,,,,"{""header"": ""ribe_7"", ""sequence"": ""IPCGESCVWIPCLTSVFKCKCKNKVCYR""}"
IPCGESCVYIPCISQVIGCKCKNKVCYR,IPCGESCVYIPCISQVIGCKCKNKVCYR,yes,28,CyBase,CyBase\Cyclotide.fa,631,ribe_8,ribe_8,unclassified,unknown,,,,,unknown,unknown,,,,,unknown,cyclotide,,,,"{""header"": ""ribe_8"", ""sequence"": ""IPCGESCVYIPCISQVIGCKCKNKVCYR""}"
AIPCGESCVWIPCISKVIGCSCKNKVCYR,AIPCGESCVWIPCISKVIGCSCKNKVCYR,yes,29,CyBase,CyBase\Cyclotide.fa,632,ribe_9,ribe_9,unclassified,unknown,,,,,unknown,unknown,,,,,unknown,cyclotide,,,,"{""header"": ""ribe_9"", ""sequence"": ""AIPCGESCVWIPCISKVIGCSCKNKVCYR""}"
AIPCGESCVYIPCISQVIGCKCKNKVCYR,AIPCGESCVYIPCISQVIGCKCKNKVCYR,yes,29,CyBase,CyBase\Cyclotide.fa,633,ribe_10,ribe_10,unclassified,unknown,,,,,unknown,unknown,,,,,unknown,cyclotide,,,,"{""header"": ""ribe_10"", ""sequence"": ""AIPCGESCVYIPCISQVIGCKCKNKVCYR""}"
IPCGESCVFIPCISQVVGCKCKNKVCYR,IPCGESCVFIPCISQVVGCKCKNKVCYR,yes,28,CyBase,CyBase\Cyclotide.fa,634,ribe_11,ribe_11,unclassified,unknown,,,,,unknown,unknown,,,,,unknown,cyclotide,,,,"{""header"": ""ribe_11"", ""sequence"": ""IPCGESCVFIPCISQVVGCKCKNKVCYR""}"
AIPCGESCVFIPCISQVVGCKCKNKVCYR,AIPCGESCVFIPCISQVVGCKCKNKVCYR,yes,29,CyBase,CyBase\Cyclotide.fa,635,ribe_12,ribe_12,unclassified,unknown,,,,,unknown,unknown,,,,,unknown,cyclotide,,,,"{""header"": ""ribe_12"", ""sequence"": ""AIPCGESCVFIPCISQVVGCKCKNKVCYR""}"
AIPCGESCVWIPCISAAIGCSCKNKVCYR,AIPCGESCVWIPCISAAIGCSCKNKVCYR,yes,29,CyBase,CyBase\Cyclotide.fa,636,ribe_13,ribe_13,unclassified,unknown,,,,,unknown,unknown,,,,,unknown,cyclotide,,,,"{""header"": ""ribe_13"", ""sequence"": ""AIPCGESCVWIPCISAAIGCSCKNKVCYR""}"
VIPCGESCVYIPCISTVIGCSCQNKVCYRN,VIPCGESCVYIPCISTVIGCSCQNKVCYRN,yes,30,CyBase,CyBase\Cyclotide.fa,637,ribe_14,ribe_14,unclassified,unknown,,,,,unknown,unknown,,,,,unknown,cyclotide,,,,"{""header"": ""ribe_14"", ""sequence"": ""VIPCGESCVYIPCISTVIGCSCQNKVCYRN""}"
AIPCGESCVWIPCISSVVGCKCKNKVCYR,AIPCGESCVWIPCISSVVGCKCKNKVCYR,yes,29,CyBase,CyBase\Cyclotide.fa,638,ribe_15,ribe_15,unclassified,unknown,,,,,unknown,unknown,,,,,unknown,cyclotide,,,,"{""header"": ""ribe_15"", ""sequence"": ""AIPCGESCVWIPCISSVVGCKCKNKVCYR""}"
AIPCGESCVWIPCISAAIGCSCRSKVCYR,AIPCGESCVWIPCISAAIGCSCRSKVCYR,yes,29,CyBase,CyBase\Cyclotide.fa,639,ribe_16,ribe_16,unclassified,unknown,,,,,unknown,unknown,,,,,unknown,cyclotide,,,,"{""header"": ""ribe_16"", ""sequence"": ""AIPCGESCVWIPCISAAIGCSCRSKVCYR""}"
IPCGESCVYIPCLTAAIGCSCKNKVCYR,IPCGESCVYIPCLTAAIGCSCKNKVCYR,yes,28,CyBase,CyBase\Cyclotide.fa,640,ribe_17,ribe_17,unclassified,unknown,,,,,unknown,unknown,,,,,unknown,cyclotide,,,,"{""header"": ""ribe_17"", ""sequence"": ""IPCGESCVYIPCLTAAIGCSCKNKVCYR""}"
IPCGESCVYIPCISKVIGCSCKNKVCYR,IPCGESCVYIPCISKVIGCSCKNKVCYR,yes,28,CyBase,CyBase\Cyclotide.fa,641,ribe_18,ribe_18,unclassified,unknown,,,,,unknown,unknown,,,,,unknown,cyclotide,,,,"{""header"": ""ribe_18"", ""sequence"": ""IPCGESCVYIPCISKVIGCSCKNKVCYR""}"
ZLPCGESCVWIPCISSVIGCSCRNKVCYR,ZLPCGESCVWIPCISSVIGCSCRNKVCYR,no,29,CyBase,CyBase\Cyclotide.fa,642,ribe_19,ribe_19,unclassified,unknown,,,,,unknown,unknown,,,,,unknown,cyclotide,,,,"{""header"": ""ribe_19"", ""sequence"": ""ZLPCGESCVWIPCISSVIGCSCRNKVCYR""}"
FQCGESCGMITTYCFTSVIGCSCKGRVCVR,FQCGESCGMITTYCFTSVIGCSCKGRVCVR,yes,30,CyBase,CyBase\Cyclotide.fa,643,ribe_20,ribe_20,unclassified,unknown,,,,,unknown,unknown,,,,,unknown,cyclotide,,,,"{""header"": ""ribe_20"", ""sequence"": ""FQCGESCGMITTYCFTSVIGCSCKGRVCVR""}"
AIPCGESCVYIPCISAVIGCKCQNKVCYR,AIPCGESCVYIPCISAVIGCKCQNKVCYR,yes,29,CyBase,CyBase\Cyclotide.fa,644,ribe_21,ribe_21,unclassified,unknown,,,,,unknown,unknown,,,,,unknown,cyclotide,,,,"{""header"": ""ribe_21"", ""sequence"": ""AIPCGESCVYIPCISAVIGCKCQNKVCYR""}"
AIPCGESCVYIPCISSVLGCSCKNKVCYR,AIPCGESCVYIPCISSVLGCSCKNKVCYR,yes,29,CyBase,CyBase\Cyclotide.fa,645,ribe_22,ribe_22,unclassified,unknown,,,,,unknown,unknown,,,,,unknown,cyclotide,,,,"{""header"": ""ribe_22"", ""sequence"": ""AIPCGESCVYIPCISSVLGCSCKNKVCYR""}"
AIPCGESCVFIPCISSVIGCSCKNKVCYR,AIPCGESCVFIPCISSVIGCSCKNKVCYR,yes,29,CyBase,CyBase\Cyclotide.fa,646,ribe_23,ribe_23,unclassified,unknown,,,,,unknown,unknown,,,,,unknown,cyclotide,,,,"{""header"": ""ribe_23"", ""sequence"": ""AIPCGESCVFIPCISSVIGCSCKNKVCYR""}"
AIPCGESCVYIPCLTAAIGCSCKNKVCYR,AIPCGESCVYIPCLTAAIGCSCKNKVCYR,yes,29,CyBase,CyBase\Cyclotide.fa,647,ribe_24,ribe_24,unclassified,unknown,,,,,unknown,unknown,,,,,unknown,cyclotide,,,,"{""header"": ""ribe_24"", ""sequence"": ""AIPCGESCVYIPCLTAAIGCSCKNKVCYR""}"
ZLPCGESCVWIPCISSVIGCSCRNKVCYR,ZLPCGESCVWIPCISSVIGCSCRNKVCYR,no,29,CyBase,CyBase\Cyclotide.fa,648,ribe_25,ribe_25,unclassified,unknown,,,,,unknown,unknown,,,,,unknown,cyclotide,,,,"{""header"": ""ribe_25"", ""sequence"": ""ZLPCGESCVWIPCISSVIGCSCRNKVCYR""}"
AIPCGESCVYIPCISKVIGCSCKNKVCYR,AIPCGESCVYIPCISKVIGCSCKNKVCYR,yes,29,CyBase,CyBase\Cyclotide.fa,649,ribe_26,ribe_26,unclassified,unknown,,,,,unknown,unknown,,,,,unknown,cyclotide,,,,"{""header"": ""ribe_26"", ""sequence"": ""AIPCGESCVYIPCISKVIGCSCKNKVCYR""}"
ETPCGESCVWIPCLTGVIGCSCRNKVCYM,ETPCGESCVWIPCLTGVIGCSCRNKVCYM,yes,29,CyBase,CyBase\Cyclotide.fa,650,ribe_27,ribe_27,unclassified,unknown,,,,,unknown,unknown,,,,,unknown,cyclotide,,,,"{""header"": ""ribe_27"", ""sequence"": ""ETPCGESCVWIPCLTGVIGCSCRNKVCYM""}"
VPCGESCVFLGCFIPGCSCKNKVCYF,VPCGESCVFLGCFIPGCSCKNKVCYF,yes,26,CyBase,CyBase\Cyclotide.fa,651,ribe_28,ribe_28,unclassified,unknown,,,,,unknown,unknown,,,,,unknown,cyclotide,,,,"{""header"": ""ribe_28"", ""sequence"": ""VPCGESCVFLGCFIPGCSCKNKVCYF""}"
ZLPCGESCVWIPCISSVIGCSCRNKVCYR,ZLPCGESCVWIPCISSVIGCSCRNKVCYR,no,29,CyBase,CyBase\Cyclotide.fa,652,ribe_29,ribe_29,unclassified,unknown,,,,,unknown,unknown,,,,,unknown,cyclotide,,,,"{""header"": ""ribe_29"", ""sequence"": ""ZLPCGESCVWIPCISSVIGCSCRNKVCYR""}"
AIPCGETCVILGCFIPGCKCKNKVCYF,AIPCGETCVILGCFIPGCKCKNKVCYF,yes,27,CyBase,CyBase\Cyclotide.fa,653,ribe_30,ribe_30,unclassified,unknown,,,,,unknown,unknown,,,,,unknown,cyclotide,,,,"{""header"": ""ribe_30"", ""sequence"": ""AIPCGETCVILGCFIPGCKCKNKVCYF""}"
AVPCGESCVFLGCFIPGCSCKNKVCYF,AVPCGESCVFLGCFIPGCSCKNKVCYF,yes,27,CyBase,CyBase\Cyclotide.fa,654,ribe_32,ribe_32,unclassified,unknown,,,,,unknown,unknown,,,,,unknown,cyclotide,,,,"{""header"": ""ribe_32"", ""sequence"": ""AVPCGESCVFLGCFIPGCSCKNKVCYF""}"
GIPCGESCVYIPCTVTALLGCSCQDKVCYKN,GIPCGESCVYIPCTVTALLGCSCQDKVCYKN,yes,31,CyBase,CyBase\Cyclotide.fa,655,ribe_33,ribe_33,unclassified,unknown,,,,,unknown,unknown,,,,,unknown,cyclotide,,,,"{""header"": ""ribe_33"", ""sequence"": ""GIPCGESCVYIPCTVTALLGCSCQDKVCYKN""}"
GLPVCGETCVGGTCNTPGCVCSWPVCTRN,GLPVCGETCVGGTCNTPGCVCSWPVCTRN,yes,29,CyBase,CyBase\Cyclotide.fa,656,pase_A,pase_A,unclassified,unknown,,,,,unknown,unknown,,,,,unknown,cyclotide,,,,"{""header"": ""pase_A"", ""sequence"": ""GLPVCGETCVGGTCNTPGCVCSWPVCTRN""}"
GLPVCGETCVGGTCNTPGCVCSWPICTRN,GLPVCGETCVGGTCNTPGCVCSWPICTRN,yes,29,CyBase,CyBase\Cyclotide.fa,657,pase_B,pase_B,unclassified,unknown,,,,,unknown,unknown,,,,,unknown,cyclotide,,,,"{""header"": ""pase_B"", ""sequence"": ""GLPVCGETCVGGTCNTPGCVCSWPICTRN""}"
GLPTCGETCVGGTCNTPGCVCSWPICTRN,GLPTCGETCVGGTCNTPGCVCSWPICTRN,yes,29,CyBase,CyBase\Cyclotide.fa,658,pase_C,pase_C,unclassified,unknown,,,,,unknown,unknown,,,,,unknown,cyclotide,,,,"{""header"": ""pase_C"", ""sequence"": ""GLPTCGETCVGGTCNTPGCVCSWPICTRN""}"
GLPVCGETCVGGTCNTPGCVCAWPICTRN,GLPVCGETCVGGTCNTPGCVCAWPICTRN,yes,29,CyBase,CyBase\Cyclotide.fa,659,pase_D,pase_D,unclassified,unknown,,,,,unknown,unknown,,,,,unknown,cyclotide,,,,"{""header"": ""pase_D"", ""sequence"": ""GLPVCGETCVGGTCNTPGCVCAWPICTRN""}"
GLPVCGETCVTGSCYTPGCSCSWPVCKRN,GLPVCGETCVTGSCYTPGCSCSWPVCKRN,yes,29,CyBase,CyBase\Cyclotide.fa,660,pase_E,pase_E,unclassified,unknown,,,,,unknown,unknown,,,,,unknown,cyclotide,,,,"{""header"": ""pase_E"", ""sequence"": ""GLPVCGETCVTGSCYTPGCSCSWPVCKRN""}"
ALPVCGETCVGGTCNTPGCSCSWPVCTRN,ALPVCGETCVGGTCNTPGCSCSWPVCTRN,yes,29,CyBase,CyBase\Cyclotide.fa,661,Vodo_L2,Vodo_L2,unclassified,unknown,,,,,unknown,unknown,,,,,unknown,cyclotide,,,,"{""header"": ""Vodo_L2"", ""sequence"": ""ALPVCGETCVGGTCNTPGCSCSWPVCTRN""}"
SKDNCGESCFAGKCYTPGCTCEYPICMNN,SKDNCGESCFAGKCYTPGCTCEYPICMNN,yes,29,CyBase,CyBase\Cyclotide.fa,662,Vodo_L3,Vodo_L3,unclassified,unknown,,,,,unknown,unknown,,,,,unknown,cyclotide,,,,"{""header"": ""Vodo_L3"", ""sequence"": ""SKDNCGESCFAGKCYTPGCTCEYPICMNN""}"
GTIPCGESCVFIPCLTSAIGCSCKKVCYKN,GTIPCGESCVFIPCLTSAIGCSCKKVCYKN,yes,30,CyBase,CyBase\Cyclotide.fa,663,Vodo_L5,Vodo_L5,unclassified,unknown,,,,,unknown,unknown,,,,,unknown,cyclotide,,,,"{""header"": ""Vodo_L5"", ""sequence"": ""GTIPCGESCVFIPCLTSAIGCSCKKVCYKN""}"
GIPCGESCVWIPCITGTIGCSCKSKVCYTN,GIPCGESCVWIPCITGTIGCSCKSKVCYTN,yes,30,CyBase,CyBase\Cyclotide.fa,664,Vodo_L6,Vodo_L6,unclassified,unknown,,,,,unknown,unknown,,,,,unknown,cyclotide,,,,"{""header"": ""Vodo_L6"", ""sequence"": ""GIPCGESCVWIPCITGTIGCSCKSKVCYTN""}"
GIPCGESCVFIPCISSIVGCSCKSKVCYKN,GIPCGESCVFIPCISSIVGCSCKSKVCYKN,yes,30,CyBase,CyBase\Cyclotide.fa,665,Vodo_L7,Vodo_L7,unclassified,unknown,,,,,unknown,unknown,,,,,unknown,cyclotide,,,,"{""header"": ""Vodo_L7"", ""sequence"": ""GIPCGESCVFIPCISSIVGCSCKSKVCYKN""}"
GSIPCGESCVFIPCLTSAIGCSCKSKVCYRN,GSIPCGESCVFIPCLTSAIGCSCKSKVCYRN,yes,31,CyBase,CyBase\Cyclotide.fa,666,Vodo_L9,Vodo_L9,unclassified,unknown,,,,,unknown,unknown,,,,,unknown,cyclotide,,,,"{""header"": ""Vodo_L9"", ""sequence"": ""GSIPCGESCVFIPCLTSAIGCSCKSKVCYRN""}"
GSIPCGESCVFIPCISSIVGCSCKSKVCYR,GSIPCGESCVFIPCISSIVGCSCKSKVCYR,yes,30,CyBase,CyBase\Cyclotide.fa,667,Vodo_L11,Vodo_L11,unclassified,unknown,,,,,unknown,unknown,,,,,unknown,cyclotide,,,,"{""header"": ""Vodo_L11"", ""sequence"": ""GSIPCGESCVFIPCISSIVGCSCKSKVCYR""}"
GVPCGESCVWVPCTVTALMGCSCVREVCRIS,GVPCGESCVWVPCTVTALMGCSCVREVCRIS,yes,31,CyBase,CyBase\Cyclotide.fa,668,Vodo_L12,Vodo_L12,unclassified,unknown,,,,,unknown,unknown,,,,,unknown,cyclotide,,,,"{""header"": ""Vodo_L12"", ""sequence"": ""GVPCGESCVWVPCTVTALMGCSCVREVCRIS""}"
GAIYCGESCVLIPCISSVIGCRCENKVCVHR,GAIYCGESCVLIPCISSVIGCRCENKVCVHR,yes,31,CyBase,CyBase\Cyclotide.fa,669,Vodo_L13,Vodo_L13,unclassified,unknown,,,,,unknown,unknown,,,,,unknown,cyclotide,,,,"{""header"": ""Vodo_L13"", ""sequence"": ""GAIYCGESCVLIPCISSVIGCRCENKVCVHR""}"
GSVIKCGESCLLGKCYTPGCTCSRPICKGK,GSVIKCGESCLLGKCYTPGCTCSRPICKGK,yes,30,CyBase,CyBase\Cyclotide.fa,670,Vodo_L18,Vodo_L18,unclassified,unknown,,,,,unknown,unknown,,,,,unknown,cyclotide,,,,"{""header"": ""Vodo_L18"", ""sequence"": ""GSVIKCGESCLLGKCYTPGCTCSRPICKGK""}"
GHPDGAVPCFESCVFVPCISSVVGCRCENNVCVK,GHPDGAVPCFESCVFVPCISSVVGCRCENNVCVK,yes,34,CyBase,CyBase\Cyclotide.fa,671,Vodo_L19,Vodo_L19,unclassified,unknown,,,,,unknown,unknown,,,,,unknown,cyclotide,,,,"{""header"": ""Vodo_L19"", ""sequence"": ""GHPDGAVPCFESCVFVPCISSVVGCRCENNVCVK""}"
GIPCGESCVWIPCITSAIGCSCSSKVCYRN,GIPCGESCVWIPCITSAIGCSCSSKVCYRN,yes,30,CyBase,CyBase\Cyclotide.fa,672,vibe_1,vibe_1,unclassified,unknown,,,,,unknown,unknown,,,,,unknown,cyclotide,,,,"{""header"": ""vibe_1"", ""sequence"": ""GIPCGESCVWIPCITSAIGCSCSSKVCYRN""}"
GIPCGESCVWIPCLTSAIGCSCSSKVCYKN,GIPCGESCVWIPCLTSAIGCSCSSKVCYKN,yes,30,CyBase,CyBase\Cyclotide.fa,673,vibe_2,vibe_2,unclassified,unknown,,,,,unknown,unknown,,,,,unknown,cyclotide,,,,"{""header"": ""vibe_2"", ""sequence"": ""GIPCGESCVWIPCLTSAIGCSCSSKVCYKN""}"
GTFPCGESCVFIPCISSVVGCSCKSKVCYKN,GTFPCGESCVFIPCISSVVGCSCKSKVCYKN,yes,31,CyBase,CyBase\Cyclotide.fa,674,vibe_3,vibe_3,unclassified,unknown,,,,,unknown,unknown,,,,,unknown,cyclotide,,,,"{""header"": ""vibe_3"", ""sequence"": ""GTFPCGESCVFIPCISSVVGCSCKSKVCYKN""}"
GFPCGESCVYIPCLTAAIGCSCKNKVCYKN,GFPCGESCVYIPCLTAAIGCSCKNKVCYKN,yes,30,CyBase,CyBase\Cyclotide.fa,675,vibe_4,vibe_4,unclassified,unknown,,,,,unknown,unknown,,,,,unknown,cyclotide,,,,"{""header"": ""vibe_4"", ""sequence"": ""GFPCGESCVYIPCLTAAIGCSCKNKVCYKN""}"
GSVPCGESCVWIPCISSVVGCSCSNKVCYMN,GSVPCGESCVWIPCISSVVGCSCSNKVCYMN,yes,31,CyBase,CyBase\Cyclotide.fa,676,vibe_6,vibe_6,unclassified,unknown,,,,,unknown,unknown,,,,,unknown,cyclotide,,,,"{""header"": ""vibe_6"", ""sequence"": ""GSVPCGESCVWIPCISSVVGCSCSNKVCYMN""}"
GLKAAVPCGESCVWIPCVTSVVGCSCSNKVCYN,GLKAAVPCGESCVWIPCVTSVVGCSCSNKVCYN,yes,33,CyBase,CyBase\Cyclotide.fa,677,vibe_7,vibe_7,unclassified,unknown,,,,,unknown,unknown,,,,,unknown,cyclotide,,,,"{""header"": ""vibe_7"", ""sequence"": ""GLKAAVPCGESCVWIPCVTSVVGCSCSNKVCYN""}"
GIPCGESCAYAPCFTSLISCTCSRKGCYH,GIPCGESCAYAPCFTSLISCTCSRKGCYH,yes,29,CyBase,CyBase\Cyclotide.fa,678,vibe_10,vibe_10,unclassified,unknown,,,,,unknown,unknown,,,,,unknown,cyclotide,,,,"{""header"": ""vibe_10"", ""sequence"": ""GIPCGESCAYAPCFTSLISCTCSRKGCYH""}"
GAFCFETCVFLPCFSSGIGCYCAWHYCVQD,GAFCFETCVFLPCFSSGIGCYCAWHYCVQD,yes,30,CyBase,CyBase\Cyclotide.fa,679,vibe_11,vibe_11,unclassified,unknown,,,,,unknown,unknown,,,,,unknown,cyclotide,,,,"{""header"": ""vibe_11"", ""sequence"": ""GAFCFETCVFLPCFSSGIGCYCAWHYCVQD""}"
GVACGESCIIRPCIFTAILGCRCRFTVCVN,GVACGESCIIRPCIFTAILGCRCRFTVCVN,yes,30,CyBase,CyBase\Cyclotide.fa,680,vibe_12,vibe_12,unclassified,unknown,,,,,unknown,unknown,,,,,unknown,cyclotide,,,,"{""header"": ""vibe_12"", ""sequence"": ""GVACGESCIIRPCIFTAILGCRCRFTVCVN""}"
GLPVCGETCVGGSCYTPGCTCSWPVCTRN,GLPVCGETCVGGSCYTPGCTCSWPVCTRN,yes,29,CyBase,CyBase\Cyclotide.fa,681,vibe_13,vibe_13,unclassified,unknown,,,,,unknown,unknown,,,,,unknown,cyclotide,,,,"{""header"": ""vibe_13"", ""sequence"": ""GLPVCGETCVGGSCYTPGCTCSWPVCTRN""}"
GVPICGESCFKGACYTPGCTCNWPVCERN,GVPICGESCFKGACYTPGCTCNWPVCERN,yes,29,CyBase,CyBase\Cyclotide.fa,682,vibe_14,vibe_14,unclassified,unknown,,,,,unknown,unknown,,,,,unknown,cyclotide,,,,"{""header"": ""vibe_14"", ""sequence"": ""GVPICGESCFKGACYTPGCTCNWPVCERN""}"
GSYISCGETCVKLKCYTPGCKCTWPACKKN,GSYISCGETCVKLKCYTPGCKCTWPACKKN,yes,30,CyBase,CyBase\Cyclotide.fa,683,vibe_15,vibe_15,unclassified,unknown,,,,,unknown,unknown,,,,,unknown,cyclotide,,,,"{""header"": ""vibe_15"", ""sequence"": ""GSYISCGETCVKLKCYTPGCKCTWPACKKN""}"
ASSTCGKTCFGGICNTPGCSCSSWPMCMKN,ASSTCGKTCFGGICNTPGCSCSSWPMCMKN,yes,30,CyBase,CyBase\Cyclotide.fa,684,vibe_16,vibe_16,unclassified,unknown,,,,,unknown,unknown,,,,,unknown,cyclotide,,,,"{""header"": ""vibe_16"", ""sequence"": ""ASSTCGKTCFGGICNTPGCSCSSWPMCMKN""}"
GIVYCGETCGGTRCYTPGCSCRYPYCSKN,GIVYCGETCGGTRCYTPGCSCRYPYCSKN,yes,29,CyBase,CyBase\Cyclotide.fa,685,vibe_17,vibe_17,unclassified,unknown,,,,,unknown,unknown,,,,,unknown,cyclotide,,,,"{""header"": ""vibe_17"", ""sequence"": ""GIVYCGETCGGTRCYTPGCSCRYPYCSKN""}"
GSIFNCGETCVFGTCYTPGCSCVYGACSKD,GSIFNCGETCVFGTCYTPGCSCVYGACSKD,yes,30,CyBase,CyBase\Cyclotide.fa,686,vibe_18,vibe_18,unclassified,unknown,,,,,unknown,unknown,,,,,unknown,cyclotide,,,,"{""header"": ""vibe_18"", ""sequence"": ""GSIFNCGETCVFGTCYTPGCSCVYGACSKD""}"
GDRAVCGETCFTGICYTPICVCGKWDLCRMN,GDRAVCGETCFTGICYTPICVCGKWDLCRMN,yes,31,CyBase,CyBase\Cyclotide.fa,687,vibe_19,vibe_19,unclassified,unknown,,,,,unknown,unknown,,,,,unknown,cyclotide,,,,"{""header"": ""vibe_19"", ""sequence"": ""GDRAVCGETCFTGICYTPICVCGKWDLCRMN""}"
GDYYACRESCHKTKCHTPGCICGWPGLCAKN,GDYYACRESCHKTKCHTPGCICGWPGLCAKN,yes,31,CyBase,CyBase\Cyclotide.fa,688,vibe_20,vibe_20,unclassified,unknown,,,,,unknown,unknown,,,,,unknown,cyclotide,,,,"{""header"": ""vibe_20"", ""sequence"": ""GDYYACRESCHKTKCHTPGCICGWPGLCAKN""}"
GLNCGESCWGFHCDRHDCTCGLTWPYCSKN,GLNCGESCWGFHCDRHDCTCGLTWPYCSKN,yes,30,CyBase,CyBase\Cyclotide.fa,689,vibe_21,vibe_21,unclassified,unknown,,,,,unknown,unknown,,,,,unknown,cyclotide,,,,"{""header"": ""vibe_21"", ""sequence"": ""GLNCGESCWGFHCDRHDCTCGLTWPYCSKN""}"
GSFSRCSGSCRNTPCPPGCFCTTRFTCI,GSFSRCSGSCRNTPCPPGCFCTTRFTCI,yes,28,CyBase,CyBase\Cyclotide.fa,690,vibe_22,vibe_22,unclassified,unknown,,,,,unknown,unknown,,,,,unknown,cyclotide,,,,"{""header"": ""vibe_22"", ""sequence"": ""GSFSRCSGSCRNTPCPPGCFCTTRFTCI""}"
GTIFDCGETCALGTCYTPHCSCGKFFLCYGTD,GTIFDCGETCALGTCYTPHCSCGKFFLCYGTD,yes,32,CyBase,CyBase\Cyclotide.fa,691,vibe_23,vibe_23,unclassified,unknown,,,,,unknown,unknown,,,,,unknown,cyclotide,,,,"{""header"": ""vibe_23"", ""sequence"": ""GTIFDCGETCALGTCYTPHCSCGKFFLCYGTD""}"
GTIFDCGETCFLGKCYTPGCSCGEYKVCYGTN,GTIFDCGETCFLGKCYTPGCSCGEYKVCYGTN,yes,32,CyBase,CyBase\Cyclotide.fa,692,vibe_24,vibe_24,unclassified,unknown,,,,,unknown,unknown,,,,,unknown,cyclotide,,,,"{""header"": ""vibe_24"", ""sequence"": ""GTIFDCGETCFLGKCYTPGCSCGEYKVCYGTN""}"
GYNCGETCWGFHCDRDDCSCGLTWPYCSKN,GYNCGETCWGFHCDRDDCSCGLTWPYCSKN,yes,30,CyBase,CyBase\Cyclotide.fa,693,vibe_25,vibe_25,unclassified,unknown,,,,,unknown,unknown,,,,,unknown,cyclotide,,,,"{""header"": ""vibe_25"", ""sequence"": ""GYNCGETCWGFHCDRDDCSCGLTWPYCSKN""}"
GIPCAESCVWIPCTVTALVGCSCSEKVCYYN,GIPCAESCVWIPCTVTALVGCSCSEKVCYYN,yes,31,CyBase,CyBase\Cyclotide.fa,694,vitri_5,vitri_5,unclassified,unknown,,,,,unknown,unknown,,,,,unknown,cyclotide,,,,"{""header"": ""vitri_5"", ""sequence"": ""GIPCAESCVWIPCTVTALVGCSCSEKVCYYN""}"
GHYCGETCFFIPCASSLIDCECHNDYCYRN,GHYCGETCFFIPCASSLIDCECHNDYCYRN,yes,30,CyBase,CyBase\Cyclotide.fa,695,vitri_6,vitri_6,unclassified,unknown,,,,,unknown,unknown,,,,,unknown,cyclotide,,,,"{""header"": ""vitri_6"", ""sequence"": ""GHYCGETCFFIPCASSLIDCECHNDYCYRN""}"
GVPCGESCNVIPCIASLSCRCKSKVCFQN,GVPCGESCNVIPCIASLSCRCKSKVCFQN,yes,29,CyBase,CyBase\Cyclotide.fa,696,vitri_10,vitri_10,unclassified,unknown,,,,,unknown,unknown,,,,,unknown,cyclotide,,,,"{""header"": ""vitri_10"", ""sequence"": ""GVPCGESCNVIPCIASLSCRCKSKVCFQN""}"
GVTCRETCYSQDCYSAWAGCKCNDGACFIN,GVTCRETCYSQDCYSAWAGCKCNDGACFIN,yes,30,CyBase,CyBase\Cyclotide.fa,697,vitri_12,vitri_12,unclassified,unknown,,,,,unknown,unknown,,,,,unknown,cyclotide,,,,"{""header"": ""vitri_12"", ""sequence"": ""GVTCRETCYSQDCYSAWAGCKCNDGACFIN""}"
GPPCGDTCVFDPCLVSAPCKCKNRVCYRN,GPPCGDTCVFDPCLVSAPCKCKNRVCYRN,yes,29,CyBase,CyBase\Cyclotide.fa,698,vitri_13,vitri_13,unclassified,unknown,,,,,unknown,unknown,,,,,unknown,cyclotide,,,,"{""header"": ""vitri_13"", ""sequence"": ""GPPCGDTCVFDPCLVSAPCKCKNRVCYRN""}"
GVNAHCYESCYVIPCLTEIVGCACRGNVCRPK,GVNAHCYESCYVIPCLTEIVGCACRGNVCRPK,yes,32,CyBase,CyBase\Cyclotide.fa,699,vitri_16,vitri_16,unclassified,unknown,,,,,unknown,unknown,,,,,unknown,cyclotide,,,,"{""header"": ""vitri_16"", ""sequence"": ""GVNAHCYESCYVIPCLTEIVGCACRGNVCRPK""}"
GEVPCIETCFITECFGFYYGCTCQSGLCKKKK,GEVPCIETCFITECFGFYYGCTCQSGLCKKKK,yes,32,CyBase,CyBase\Cyclotide.fa,700,vitri_15,vitri_15,unclassified,unknown,,,,,unknown,unknown,,,,,unknown,cyclotide,,,,"{""header"": ""vitri_15"", ""sequence"": ""GEVPCIETCFITECFGFYYGCTCQSGLCKKKK""}"
GRFSCGETCFTSACHFRDIGCQCVNSQCSR,GRFSCGETCFTSACHFRDIGCQCVNSQCSR,yes,30,CyBase,CyBase\Cyclotide.fa,701,vitri_19,vitri_19,unclassified,unknown,,,,,unknown,unknown,,,,,unknown,cyclotide,,,,"{""header"": ""vitri_19"", ""sequence"": ""GRFSCGETCFTSACHFRDIGCQCVNSQCSR""}"
GRSCRETCIYTSCFVTGCKCDDGACIR,GRSCRETCIYTSCFVTGCKCDDGACIR,yes,27,CyBase,CyBase\Cyclotide.fa,702,vitri_25,vitri_25,unclassified,unknown,,,,,unknown,unknown,,,,,unknown,cyclotide,,,,"{""header"": ""vitri_25"", ""sequence"": ""GRSCRETCIYTSCFVTGCKCDDGACIR""}"
GRNCGETCAFIPCISWGCSCEFRGALKYCFKN,GRNCGETCAFIPCISWGCSCEFRGALKYCFKN,yes,32,CyBase,CyBase\Cyclotide.fa,703,vitri_26,vitri_26,unclassified,unknown,,,,,unknown,unknown,,,,,unknown,cyclotide,,,,"{""header"": ""vitri_26"", ""sequence"": ""GRNCGETCAFIPCISWGCSCEFRGALKYCFKN""}"
GVLCAESCTFTSCFLTGCTCERNFCFRN,GVLCAESCTFTSCFLTGCTCERNFCFRN,yes,28,CyBase,CyBase\Cyclotide.fa,704,vitri_31,vitri_31,unclassified,unknown,,,,,unknown,unknown,,,,,unknown,cyclotide,,,,"{""header"": ""vitri_31"", ""sequence"": ""GVLCAESCTFTSCFLTGCTCERNFCFRN""}"
GSCGETCKYFGCYSMIVGCKCNRNKMCYK,GSCGETCKYFGCYSMIVGCKCNRNKMCYK,yes,29,CyBase,CyBase\Cyclotide.fa,705,vitri_32,vitri_32,unclassified,unknown,,,,,unknown,unknown,,,,,unknown,cyclotide,,,,"{""header"": ""vitri_32"", ""sequence"": ""GSCGETCKYFGCYSMIVGCKCNRNKMCYK""}"
GYTCIETCIIWDCESSIYGCSCQSGLCKMAK,GYTCIETCIIWDCESSIYGCSCQSGLCKMAK,yes,31,CyBase,CyBase\Cyclotide.fa,706,vitri_33,vitri_33,unclassified,unknown,,,,,unknown,unknown,,,,,unknown,cyclotide,,,,"{""header"": ""vitri_33"", ""sequence"": ""GYTCIETCIIWDCESSIYGCSCQSGLCKMAK""}"
GINLFCLETCFFMPCLSEIIGCSCYRGGCYIIY,GINLFCLETCFFMPCLSEIIGCSCYRGGCYIIY,yes,33,CyBase,CyBase\Cyclotide.fa,707,vitri_34,vitri_34,unclassified,unknown,,,,,unknown,unknown,,,,,unknown,cyclotide,,,,"{""header"": ""vitri_34"", ""sequence"": ""GINLFCLETCFFMPCLSEIIGCSCYRGGCYIIY""}"
GKPFCGELCSRFICYHEDCTCEWPVCTK,GKPFCGELCSRFICYHEDCTCEWPVCTK,yes,28,CyBase,CyBase\Cyclotide.fa,708,vitri_35,vitri_35,unclassified,unknown,,,,,unknown,unknown,,,,,unknown,cyclotide,,,,"{""header"": ""vitri_35"", ""sequence"": ""GKPFCGELCSRFICYHEDCTCEWPVCTK""}"
GFPYVSCGETCLLGECYTEGCFCGVSICYREE,GFPYVSCGETCLLGECYTEGCFCGVSICYREE,yes,32,CyBase,CyBase\Cyclotide.fa,709,vitri_40,vitri_40,unclassified,unknown,,,,,unknown,unknown,,,,,unknown,cyclotide,,,,"{""header"": ""vitri_40"", ""sequence"": ""GFPYVSCGETCLLGECYTEGCFCGVSICYREE""}"
GCGGETCLQGKCFANDCICDWPYCKK,GCGGETCLQGKCFANDCICDWPYCKK,yes,26,CyBase,CyBase\Cyclotide.fa,710,vitri_41,vitri_41,unclassified,unknown,,,,,unknown,unknown,,,,,unknown,cyclotide,,,,"{""header"": ""vitri_41"", ""sequence"": ""GCGGETCLQGKCFANDCICDWPYCKK""}"
GLNCGETCWGFSCDRDDCSCGFTWPYCSKN,GLNCGETCWGFSCDRDDCSCGFTWPYCSKN,yes,30,CyBase,CyBase\Cyclotide.fa,711,vitri_43,vitri_43,unclassified,unknown,,,,,unknown,unknown,,,,,unknown,cyclotide,,,,"{""header"": ""vitri_43"", ""sequence"": ""GLNCGETCWGFSCDRDDCSCGFTWPYCSKN""}"
GLNCGETCWGFSCDRDDCSCGFTWPYCSKN,GLNCGETCWGFSCDRDDCSCGFTWPYCSKN,yes,30,CyBase,CyBase\Cyclotide.fa,712,vitri_44,vitri_44,unclassified,unknown,,,,,unknown,unknown,,,,,unknown,cyclotide,,,,"{""header"": ""vitri_44"", ""sequence"": ""GLNCGETCWGFSCDRDDCSCGFTWPYCSKN""}"
GLNCGETCWGFTCNRADCSCGFTYPYCSKN,GLNCGETCWGFTCNRADCSCGFTYPYCSKN,yes,30,CyBase,CyBase\Cyclotide.fa,713,vitri_45,vitri_45,unclassified,unknown,,,,,unknown,unknown,,,,,unknown,cyclotide,,,,"{""header"": ""vitri_45"", ""sequence"": ""GLNCGETCWGFTCNRADCSCGFTYPYCSKN""}"
GVYCGETCKYTACRTIGCSCNSNQMCYK,GVYCGETCKYTACRTIGCSCNSNQMCYK,yes,28,CyBase,CyBase\Cyclotide.fa,714,vitri_46,vitri_46,unclassified,unknown,,,,,unknown,unknown,,,,,unknown,cyclotide,,,,"{""header"": ""vitri_46"", ""sequence"": ""GVYCGETCKYTACRTIGCSCNSNQMCYK""}"
GKFCFETCRSSGCASGTFGCSCEGTMCRGN,GKFCFETCRSSGCASGTFGCSCEGTMCRGN,yes,30,CyBase,CyBase\Cyclotide.fa,715,vitri_47,vitri_47,unclassified,unknown,,,,,unknown,unknown,,,,,unknown,cyclotide,,,,"{""header"": ""vitri_47"", ""sequence"": ""GKFCFETCRSSGCASGTFGCSCEGTMCRGN""}"
GYSGGCGETCFHKPCASMAYGCSCKDGACST,GYSGGCGETCFHKPCASMAYGCSCKDGACST,yes,31,CyBase,CyBase\Cyclotide.fa,716,vitri_48,vitri_48,unclassified,unknown,,,,,unknown,unknown,,,,,unknown,cyclotide,,,,"{""header"": ""vitri_48"", ""sequence"": ""GYSGGCGETCFHKPCASMAYGCSCKDGACST""}"
GDACGDTCVFFGCDDPGCTCGVLSICYRN,GDACGDTCVFFGCDDPGCTCGVLSICYRN,yes,29,CyBase,CyBase\Cyclotide.fa,717,vitri_49,vitri_49,unclassified,unknown,,,,,unknown,unknown,,,,,unknown,cyclotide,,,,"{""header"": ""vitri_49"", ""sequence"": ""GDACGDTCVFFGCDDPGCTCGVLSICYRN""}"
GYSGGCGETCVTVRCFTFPLCTCKNGKCTK,GYSGGCGETCVTVRCFTFPLCTCKNGKCTK,yes,30,CyBase,CyBase\Cyclotide.fa,718,vitri_51,vitri_51,unclassified,unknown,,,,,unknown,unknown,,,,,unknown,cyclotide,,,,"{""header"": ""vitri_51"", ""sequence"": ""GYSGGCGETCVTVRCFTFPLCTCKNGKCTK""}"
GLIPCGESCAWFPFCFTETIGCSCQNKICYFM,GLIPCGESCAWFPFCFTETIGCSCQNKICYFM,yes,32,CyBase,CyBase\Cyclotide.fa,719,vitri_52,vitri_52,unclassified,unknown,,,,,unknown,unknown,,,,,unknown,cyclotide,,,,"{""header"": ""vitri_52"", ""sequence"": ""GLIPCGESCAWFPFCFTETIGCSCQNKICYFM""}"
GLPVCGESCVGGTCNTPGCSCTWPLCTRN,GLPVCGESCVGGTCNTPGCSCTWPLCTRN,yes,29,CyBase,CyBase\Cyclotide.fa,720,vitri_94a,vitri_94a,unclassified,unknown,,,,,unknown,unknown,,,,,unknown,cyclotide,,,,"{""header"": ""vitri_94a"", ""sequence"": ""GLPVCGESCVGGTCNTPGCSCTWPLCTRN""}"
GEICGRVQWCNSKSPCPAGCYCSYSGHCVKN,GEICGRVQWCNSKSPCPAGCYCSYSGHCVKN,yes,31,CyBase,CyBase\Cyclotide.fa,721,vitri_96,vitri_96,unclassified,unknown,,,,,unknown,unknown,,,,,unknown,cyclotide,,,,"{""header"": ""vitri_96"", ""sequence"": ""GEICGRVQWCNSKSPCPAGCYCSYSGHCVKN""}"
GIPCGETCVFSGCYSVTFGCACEKRVCYKN,GIPCGETCVFSGCYSVTFGCACEKRVCYKN,yes,30,CyBase,CyBase\Cyclotide.fa,722,vitri_98,vitri_98,unclassified,unknown,,,,,unknown,unknown,,,,,unknown,cyclotide,,,,"{""header"": ""vitri_98"", ""sequence"": ""GIPCGETCVFSGCYSVTFGCACEKRVCYKN""}"
GFVHDPNFLNCGETCWGGTCNSVGCSCGFSWPYCTKN,GFVHDPNFLNCGETCWGGTCNSVGCSCGFSWPYCTKN,yes,37,CyBase,CyBase\Cyclotide.fa,723,vitri_99,vitri_99,unclassified,unknown,,,,,unknown,unknown,,,,,unknown,cyclotide,,,,"{""header"": ""vitri_99"", ""sequence"": ""GFVHDPNFLNCGETCWGGTCNSVGCSCGFSWPYCTKN""}"
GKSGSCGESCYKTTCSSSFYGCSCNPVNSWCWQN,GKSGSCGESCYKTTCSSSFYGCSCNPVNSWCWQN,yes,34,CyBase,CyBase\Cyclotide.fa,724,vitri_11,vitri_11,unclassified,unknown,,,,,unknown,unknown,,,,,unknown,cyclotide,,,,"{""header"": ""vitri_11"", ""sequence"": ""GKSGSCGESCYKTTCSSSFYGCSCNPVNSWCWQN""}"
GLPVCGETCVGGTCNTPGCTCSWPVCSRN,GLPVCGETCVGGTCNTPGCTCSWPVCSRN,yes,29,CyBase,CyBase\Cyclotide.fa,725,vian_1,vian_1,unclassified,unknown,,,,,unknown,unknown,,,,,unknown,cyclotide,,,,"{""header"": ""vian_1"", ""sequence"": ""GLPVCGETCVGGTCNTPGCTCSWPVCSRN""}"
GSIFNCGETCIMGTCYTPGCSCVYGACSKN,GSIFNCGETCIMGTCYTPGCSCVYGACSKN,yes,30,CyBase,CyBase\Cyclotide.fa,726,vian_3,vian_3,unclassified,unknown,,,,,unknown,unknown,,,,,unknown,cyclotide,,,,"{""header"": ""vian_3"", ""sequence"": ""GSIFNCGETCIMGTCYTPGCSCVYGACSKN""}"
ALPVCGESCFQGACYTPGCVCSWPVCVQN,ALPVCGESCFQGACYTPGCVCSWPVCVQN,yes,29,CyBase,CyBase\Cyclotide.fa,727,vian_4,vian_4,unclassified,unknown,,,,,unknown,unknown,,,,,unknown,cyclotide,,,,"{""header"": ""vian_4"", ""sequence"": ""ALPVCGESCFQGACYTPGCVCSWPVCVQN""}"
GIPCGESCVYIPCISAVIGCSCSSKVCYRN,GIPCGESCVYIPCISAVIGCSCSSKVCYRN,yes,30,CyBase,CyBase\Cyclotide.fa,728,vian_5,vian_5,unclassified,unknown,,,,,unknown,unknown,,,,,unknown,cyclotide,,,,"{""header"": ""vian_5"", ""sequence"": ""GIPCGESCVYIPCISAVIGCSCSSKVCYRN""}"
GAFPCGESCVYIGCITSIAGCSCSDNVCYKN,GAFPCGESCVYIGCITSIAGCSCSDNVCYKN,yes,31,CyBase,CyBase\Cyclotide.fa,729,vian_6,vian_6,unclassified,unknown,,,,,unknown,unknown,,,,,unknown,cyclotide,,,,"{""header"": ""vian_6"", ""sequence"": ""GAFPCGESCVYIGCITSIAGCSCSDNVCYKN""}"
LPLCGGETCTFGTCDTPGCTCGYWPFCTKD,LPLCGGETCTFGTCDTPGCTCGYWPFCTKD,yes,30,CyBase,CyBase\Cyclotide.fa,730,vian_7,vian_7,unclassified,unknown,,,,,unknown,unknown,,,,,unknown,cyclotide,,,,"{""header"": ""vian_7"", ""sequence"": ""LPLCGGETCTFGTCDTPGCTCGYWPFCTKD""}"
GSIGPCGESCFKGKCYTPGCTCDWPICKKN,GSIGPCGESCFKGKCYTPGCTCDWPICKKN,yes,30,CyBase,CyBase\Cyclotide.fa,731,vian_8,vian_8,unclassified,unknown,,,,,unknown,unknown,,,,,unknown,cyclotide,,,,"{""header"": ""vian_8"", ""sequence"": ""GSIGPCGESCFKGKCYTPGCTCDWPICKKN""}"
SDTGYCNESCGTNECTTLGCICRKKVCVID,SDTGYCNESCGTNECTTLGCICRKKVCVID,yes,30,CyBase,CyBase\Cyclotide.fa,732,vian_9,vian_9,unclassified,unknown,,,,,unknown,unknown,,,,,unknown,cyclotide,,,,"{""header"": ""vian_9"", ""sequence"": ""SDTGYCNESCGTNECTTLGCICRKKVCVID""}"
SLPCGESCVYIPCISGLLGCSCKNKVCYYN,SLPCGESCVYIPCISGLLGCSCKNKVCYYN,yes,30,CyBase,CyBase\Cyclotide.fa,733,vian_10,vian_10,unclassified,unknown,,,,,unknown,unknown,,,,,unknown,cyclotide,,,,"{""header"": ""vian_10"", ""sequence"": ""SLPCGESCVYIPCISGLLGCSCKNKVCYYN""}"
GLNCGETCWGFHCDSPGCSCGLTWPYCSKN,GLNCGETCWGFHCDSPGCSCGLTWPYCSKN,yes,30,CyBase,CyBase\Cyclotide.fa,734,vian_11,vian_11,unclassified,unknown,,,,,unknown,unknown,,,,,unknown,cyclotide,,,,"{""header"": ""vian_11"", ""sequence"": ""GLNCGETCWGFHCDSPGCSCGLTWPYCSKN""}"
IFDCGESCIMGKCYTPGCSCGSWKMCYGTN,IFDCGESCIMGKCYTPGCSCGSWKMCYGTN,yes,30,CyBase,CyBase\Cyclotide.fa,735,vian_12,vian_12,unclassified,unknown,,,,,unknown,unknown,,,,,unknown,cyclotide,,,,"{""header"": ""vian_12"", ""sequence"": ""IFDCGESCIMGKCYTPGCSCGSWKMCYGTN""}"
GRAVCGETCFTGICYTPVCVCGKWDLCRMN,GRAVCGETCFTGICYTPVCVCGKWDLCRMN,yes,30,CyBase,CyBase\Cyclotide.fa,736,vian_13,vian_13,unclassified,unknown,,,,,unknown,unknown,,,,,unknown,cyclotide,,,,"{""header"": ""vian_13"", ""sequence"": ""GRAVCGETCFTGICYTPVCVCGKWDLCRMN""}"
GFTEPCGETCRILACGIPGCQCYARICYWN,GFTEPCGETCRILACGIPGCQCYARICYWN,yes,30,CyBase,CyBase\Cyclotide.fa,737,vian_14,vian_14,unclassified,unknown,,,,,unknown,unknown,,,,,unknown,cyclotide,,,,"{""header"": ""vian_14"", ""sequence"": ""GFTEPCGETCRILACGIPGCQCYARICYWN""}"
GKFCSETCMSFPCFTKAIGCSCESKRCYKN,GKFCSETCMSFPCFTKAIGCSCESKRCYKN,yes,30,CyBase,CyBase\Cyclotide.fa,738,vian_15,vian_15,unclassified,unknown,,,,,unknown,unknown,,,,,unknown,cyclotide,,,,"{""header"": ""vian_15"", ""sequence"": ""GKFCSETCMSFPCFTKAIGCSCESKRCYKN""}"
LDLCFESCIYLGCISSAFGCYCYNLLCVKD,LDLCFESCIYLGCISSAFGCYCYNLLCVKD,yes,30,CyBase,CyBase\Cyclotide.fa,739,vian_16,vian_16,unclassified,unknown,,,,,unknown,unknown,,,,,unknown,cyclotide,,,,"{""header"": ""vian_16"", ""sequence"": ""LDLCFESCIYLGCISSAFGCYCYNLLCVKD""}"
GIPCAETCLWRPCHTAIIGCSCEYNFCHKN,GIPCAETCLWRPCHTAIIGCSCEYNFCHKN,yes,30,CyBase,CyBase\Cyclotide.fa,740,vian_17,vian_17,unclassified,unknown,,,,,unknown,unknown,,,,,unknown,cyclotide,,,,"{""header"": ""vian_17"", ""sequence"": ""GIPCAETCLWRPCHTAIIGCSCEYNFCHKN""}"
GIHCAETCLWRPCHTAIIGCSCEHNICYKN,GIHCAETCLWRPCHTAIIGCSCEHNICYKN,yes,30,CyBase,CyBase\Cyclotide.fa,741,vian_18,vian_18,unclassified,unknown,,,,,unknown,unknown,,,,,unknown,cyclotide,,,,"{""header"": ""vian_18"", ""sequence"": ""GIHCAETCLWRPCHTAIIGCSCEHNICYKN""}"
RDLCFETCITFGCISASFGCYCYNLLCVKD,RDLCFETCITFGCISASFGCYCYNLLCVKD,yes,30,CyBase,CyBase\Cyclotide.fa,742,vian_20,vian_20,unclassified,unknown,,,,,unknown,unknown,,,,,unknown,cyclotide,,,,"{""header"": ""vian_20"", ""sequence"": ""RDLCFETCITFGCISASFGCYCYNLLCVKD""}"
GVIPCGESCVFIPCISAAIGCSCKNKVCYRD,GVIPCGESCVFIPCISAAIGCSCKNKVCYRD,yes,31,CyBase,CyBase\Cyclotide.fa,743,alca_1,alca_1,unclassified,unknown,,,,,unknown,unknown,,,,,unknown,cyclotide,,,,"{""header"": ""alca_1"", ""sequence"": ""GVIPCGESCVFIPCISAAIGCSCKNKVCYRD""}"
GIPCGESCVFIPCISGVLGCSCSNKVCYRN,GIPCGESCVFIPCISGVLGCSCSNKVCYRN,yes,30,CyBase,CyBase\Cyclotide.fa,744,alca_2,alca_2,unclassified,unknown,,,,,unknown,unknown,,,,,unknown,cyclotide,,,,"{""header"": ""alca_2"", ""sequence"": ""GIPCGESCVFIPCISGVLGCSCSNKVCYRN""}"
GSVPCGESCVWIPCISGILGCSCSNKVCYYN,GSVPCGESCVWIPCISGILGCSCSNKVCYYN,yes,31,CyBase,CyBase\Cyclotide.fa,745,anpy_A,anpy_A,unclassified,unknown,,,,,unknown,unknown,,,,,unknown,cyclotide,,,,"{""header"": ""anpy_A"", ""sequence"": ""GSVPCGESCVWIPCISGILGCSCSNKVCYYN""}"
SIPCGESCVWIPCTVTALAGCSCKNKVCYKN,SIPCGESCVWIPCTVTALAGCSCKNKVCYKN,yes,31,CyBase,CyBase\Cyclotide.fa,746,anpy_B,anpy_B,unclassified,unknown,,,,,unknown,unknown,,,,,unknown,cyclotide,,,,"{""header"": ""anpy_B"", ""sequence"": ""SIPCGESCVWIPCTVTALAGCSCKNKVCYKN""}"
GLPCGESCVFLPCTVTAIIGCSCKSKVCYKN,GLPCGESCVFLPCTVTAIIGCSCKSKVCYKN,yes,31,CyBase,CyBase\Cyclotide.fa,747,anpy_C,anpy_C,unclassified,unknown,,,,,unknown,unknown,,,,,unknown,cyclotide,,,,"{""header"": ""anpy_C"", ""sequence"": ""GLPCGESCVFLPCTVTAIIGCSCKSKVCYKN""}"
GIPCGESCVWIPCISSAIGCSCKNKVCYKN,GIPCGESCVWIPCISSAIGCSCKNKVCYKN,yes,30,CyBase,CyBase\Cyclotide.fa,748,gere_1,gere_1,unclassified,unknown,,,,,unknown,unknown,,,,,unknown,cyclotide,,,,"{""header"": ""gere_1"", ""sequence"": ""GIPCGESCVWIPCISSAIGCSCKNKVCYKN""}"
GIACGESCAYFGCWIPGCSCKDKVCYIN,GIACGESCAYFGCWIPGCSCKDKVCYIN,yes,28,CyBase,CyBase\Cyclotide.fa,749,gere_2,gere_2,unclassified,unknown,,,,,unknown,unknown,,,,,unknown,cyclotide,,,,"{""header"": ""gere_2"", ""sequence"": ""GIACGESCAYFGCWIPGCSCKDKVCYIN""}"
GVPCGESCVFIPCITTVIGCSCKDKVCTYN,GVPCGESCVFIPCITTVIGCSCKDKVCTYN,yes,30,CyBase,CyBase\Cyclotide.fa,750,gere_3,gere_3,unclassified,unknown,,,,,unknown,unknown,,,,,unknown,cyclotide,,,,"{""header"": ""gere_3"", ""sequence"": ""GVPCGESCVFIPCITTVIGCSCKDKVCTYN""}"
GVPCGESCVFIPCFTTVVGCSCKDKVCYNN,GVPCGESCVFIPCFTTVVGCSCKDKVCYNN,yes,30,CyBase,CyBase\Cyclotide.fa,751,gere_4,gere_4,unclassified,unknown,,,,,unknown,unknown,,,,,unknown,cyclotide,,,,"{""header"": ""gere_4"", ""sequence"": ""GVPCGESCVFIPCFTTVVGCSCKDKVCYNN""}"
GVACGESCAYFGCWIPGCSCKDKVCYFN,GVACGESCAYFGCWIPGCSCKDKVCYFN,yes,28,CyBase,CyBase\Cyclotide.fa,752,gere_5,gere_5,unclassified,unknown,,,,,unknown,unknown,,,,,unknown,cyclotide,,,,"{""header"": ""gere_5"", ""sequence"": ""GVACGESCAYFGCWIPGCSCKDKVCYFN""}"
GVPCGESCVFIPCLTSVVGCSCKDKVCYNN,GVPCGESCVFIPCLTSVVGCSCKDKVCYNN,yes,30,CyBase,CyBase\Cyclotide.fa,753,gere_6,gere_6,unclassified,unknown,,,,,unknown,unknown,,,,,unknown,cyclotide,,,,"{""header"": ""gere_6"", ""sequence"": ""GVPCGESCVFIPCLTSVVGCSCKDKVCYNN""}"
GLPTCGETCFTGKCYTPGCTCGAYFVCLKN,GLPTCGETCFTGKCYTPGCTCGAYFVCLKN,yes,30,CyBase,CyBase\Cyclotide.fa,754,gere_7,gere_7,unclassified,unknown,,,,,unknown,unknown,,,,,unknown,cyclotide,,,,"{""header"": ""gere_7"", ""sequence"": ""GLPTCGETCFTGKCYTPGCTCGAYFVCLKN""}"
GMPCGESCVWIPCLSAIAGCSCKNKVCYNN,GMPCGESCVWIPCLSAIAGCSCKNKVCYNN,yes,30,CyBase,CyBase\Cyclotide.fa,755,gere_8,gere_8,unclassified,unknown,,,,,unknown,unknown,,,,,unknown,cyclotide,,,,"{""header"": ""gere_8"", ""sequence"": ""GMPCGESCVWIPCLSAIAGCSCKNKVCYNN""}"
GYELCGETCALSGGCNTGGCQCAWPVCIKN,GYELCGETCALSGGCNTGGCQCAWPVCIKN,yes,30,CyBase,CyBase\Cyclotide.fa,756,Vodo_P1,Vodo_P1,unclassified,unknown,,,,,unknown,unknown,,,,,unknown,cyclotide,,,,"{""header"": ""Vodo_P1"", ""sequence"": ""GYELCGETCALSGGCNTGGCQCAWPVCIKN""}"
GIPCGESCVFIPCLTSAIGCSCKSKVCYKN,GIPCGESCVFIPCLTSAIGCSCKSKVCYKN,yes,30,CyBase,CyBase\Cyclotide.fa,757,Vodo_P2,Vodo_P2,unclassified,unknown,,,,,unknown,unknown,,,,,unknown,cyclotide,,,,"{""header"": ""Vodo_P2"", ""sequence"": ""GIPCGESCVFIPCLTSAIGCSCKSKVCYKN""}"
GIPCGESCVFIPCLTSAIGCSCSKV,GIPCGESCVFIPCLTSAIGCSCSKV,yes,25,CyBase,CyBase\Cyclotide.fa,758,Vodo_P5,Vodo_P5,unclassified,unknown,,,,,unknown,unknown,,,,,unknown,cyclotide,,,,"{""header"": ""Vodo_P5"", ""sequence"": ""GIPCGESCVFIPCLTSAIGCSCSKV""}"
GIPCGESCVWIPCITSAIGCSCKAPLSNIM,GIPCGESCVWIPCITSAIGCSCKAPLSNIM,yes,30,CyBase,CyBase\Cyclotide.fa,759,Vodo_P6,Vodo_P6,unclassified,unknown,,,,,unknown,unknown,,,,,unknown,cyclotide,,,,"{""header"": ""Vodo_P6"", ""sequence"": ""GIPCGESCVWIPCITSAIGCSCKAPLSNIM""}"
GIPCGESCVFIPCTVTALLGCSCKLALIFF,GIPCGESCVFIPCTVTALLGCSCKLALIFF,yes,30,CyBase,CyBase\Cyclotide.fa,760,Vodo_P7,Vodo_P7,unclassified,unknown,,,,,unknown,unknown,,,,,unknown,cyclotide,,,,"{""header"": ""Vodo_P7"", ""sequence"": ""GIPCGESCVFIPCTVTALLGCSCKLALIFF""}"
GIPCGESCVFIPCLTAAIGCSCKSKVCYRN,GIPCGESCVFIPCLTAAIGCSCKSKVCYRN,yes,30,CyBase,CyBase\Cyclotide.fa,761,viul_M,viul_M,unclassified,unknown,,,,,unknown,unknown,,,,,unknown,cyclotide,,,,"{""header"": ""viul_M"", ""sequence"": ""GIPCGESCVFIPCLTAAIGCSCKSKVCYRN""}"
AAVPCGESCVWIPCFSSVIGCSCKNKVCYN,AAVPCGESCVWIPCFSSVIGCSCKNKVCYN,yes,30,CyBase,CyBase\Cyclotide.fa,762,Vcom1,Vcom1,unclassified,unknown,,,,,unknown,unknown,,,,,unknown,cyclotide,,,,"{""header"": ""Vcom1"", ""sequence"": ""AAVPCGESCVWIPCFSSVIGCSCKNKVCYN""}"
GAPVCGETCFGGTCNTPGCTCDPWPVCSKN,GAPVCGETCFGGTCNTPGCTCDPWPVCSKN,yes,30,CyBase,CyBase\Cyclotide.fa,763,Vcom2,Vcom2,unclassified,unknown,,,,,unknown,unknown,,,,,unknown,cyclotide,,,,"{""header"": ""Vcom2"", ""sequence"": ""GAPVCGETCFGGTCNTPGCTCDPWPVCSKN""}"
GLPVCGETCVTGSCYTPGCSCSWPVCTRN,GLPVCGETCVTGSCYTPGCSCSWPVCTRN,yes,29,CyBase,CyBase\Cyclotide.fa,764,Vcom3,Vcom3,unclassified,unknown,,,,,unknown,unknown,,,,,unknown,cyclotide,,,,"{""header"": ""Vcom3"", ""sequence"": ""GLPVCGETCVTGSCYTPGCSCSWPVCTRN""}"
GIPCGESCVWIPCFSSAIGCSCKNKVCYRN,GIPCGESCVWIPCFSSAIGCSCKNKVCYRN,yes,30,CyBase,CyBase\Cyclotide.fa,765,Vcom4,Vcom4,unclassified,unknown,,,,,unknown,unknown,,,,,unknown,cyclotide,,,,"{""header"": ""Vcom4"", ""sequence"": ""GIPCGESCVWIPCFSSAIGCSCKNKVCYRN""}"
GVPCGESCVIIPCVTGIVGCSCRSNVCYLN,GVPCGESCVIIPCVTGIVGCSCRSNVCYLN,yes,30,CyBase,CyBase\Cyclotide.fa,766,Vcom5,Vcom5,unclassified,unknown,,,,,unknown,unknown,,,,,unknown,cyclotide,,,,"{""header"": ""Vcom5"", ""sequence"": ""GVPCGESCVIIPCVTGIVGCSCRSNVCYLN""}"
GVIPCGESCVFIPCITSVVGCSCKSKVCYKN,GVIPCGESCVFIPCITSVVGCSCKSKVCYKN,yes,31,CyBase,CyBase\Cyclotide.fa,767,Vcom6,Vcom6,unclassified,unknown,,,,,unknown,unknown,,,,,unknown,cyclotide,,,,"{""header"": ""Vcom6"", ""sequence"": ""GVIPCGESCVFIPCITSVVGCSCKSKVCYKN""}"
GLPCGESCVFIPCLTSAIGCSCKSKVCYKN,GLPCGESCVFIPCLTSAIGCSCKSKVCYKN,yes,30,CyBase,CyBase\Cyclotide.fa,768,Vcom7,Vcom7,unclassified,unknown,,,,,unknown,unknown,,,,,unknown,cyclotide,,,,"{""header"": ""Vcom7"", ""sequence"": ""GLPCGESCVFIPCLTSAIGCSCKSKVCYKN""}"
GTLPCGESCVWIPCISSVVGCSCKSKVCYRN,GTLPCGESCVWIPCISSVVGCSCKSKVCYRN,yes,31,CyBase,CyBase\Cyclotide.fa,769,Vcom8,Vcom8,unclassified,unknown,,,,,unknown,unknown,,,,,unknown,cyclotide,,,,"{""header"": ""Vcom8"", ""sequence"": ""GTLPCGESCVWIPCISSVVGCSCKSKVCYRN""}"
GLPVCGETCVGGTCNTPGCSCTWPVCSRN,GLPVCGETCVGGTCNTPGCSCTWPVCSRN,yes,29,CyBase,CyBase\Cyclotide.fa,770,Vcom9,Vcom9,unclassified,unknown,,,,,unknown,unknown,,,,,unknown,cyclotide,,,,"{""header"": ""Vcom9"", ""sequence"": ""GLPVCGETCVGGTCNTPGCSCTWPVCSRN""}"
GTIFDCGETCFLGKCYTPHCLCGKYKFCYGQD,GTIFDCGETCFLGKCYTPHCLCGKYKFCYGQD,yes,32,CyBase,CyBase\Cyclotide.fa,771,Vija_1,Vija_1,unclassified,unknown,,,,,unknown,unknown,,,,,unknown,cyclotide,,,,"{""header"": ""Vija_1"", ""sequence"": ""GTIFDCGETCFLGKCYTPHCLCGKYKFCYGQD""}"
GNYIPCAESCVYIPCTVTAYVFGCSCKDKVCWN,GNYIPCAESCVYIPCTVTAYVFGCSCKDKVCWN,yes,33,CyBase,CyBase\Cyclotide.fa,772,Vija_2,Vija_2,unclassified,unknown,,,,,unknown,unknown,,,,,unknown,cyclotide,,,,"{""header"": ""Vija_2"", ""sequence"": ""GNYIPCAESCVYIPCTVTAYVFGCSCKDKVCWN""}"
GRAVCGETCFTGICYTPICVCGKWDLCRMN,GRAVCGETCFTGICYTPICVCGKWDLCRMN,yes,30,CyBase,CyBase\Cyclotide.fa,773,Vija_3,Vija_3,unclassified,unknown,,,,,unknown,unknown,,,,,unknown,cyclotide,,,,"{""header"": ""Vija_3"", ""sequence"": ""GRAVCGETCFTGICYTPICVCGKWDLCRMN""}"
GLNCGETCWGFTCDRPDCSCGLTYPFCAKN,GLNCGETCWGFTCDRPDCSCGLTYPFCAKN,yes,30,CyBase,CyBase\Cyclotide.fa,774,Vija_4,Vija_4,unclassified,unknown,,,,,unknown,unknown,,,,,unknown,cyclotide,,,,"{""header"": ""Vija_4"", ""sequence"": ""GLNCGETCWGFTCDRPDCSCGLTYPFCAKN""}"
GIPCAESCVFLPCVTVVLGCSCKDKVCYN,GIPCAESCVFLPCVTVVLGCSCKDKVCYN,yes,29,CyBase,CyBase\Cyclotide.fa,775,Vija_5,Vija_5,unclassified,unknown,,,,,unknown,unknown,,,,,unknown,cyclotide,,,,"{""header"": ""Vija_5"", ""sequence"": ""GIPCAESCVFLPCVTVVLGCSCKDKVCYN""}"
GTIFDCGESCFLGKCYTPHCSCGEYFFCYGTD,GTIFDCGESCFLGKCYTPHCSCGEYFFCYGTD,yes,32,CyBase,CyBase\Cyclotide.fa,776,Vija_6,Vija_6,unclassified,unknown,,,,,unknown,unknown,,,,,unknown,cyclotide,,,,"{""header"": ""Vija_6"", ""sequence"": ""GTIFDCGESCFLGKCYTPHCSCGEYFFCYGTD""}"
GPIDCRETCVWTPCKSVLMNCRCRQGICFRN,GPIDCRETCVWTPCKSVLMNCRCRQGICFRN,yes,31,CyBase,CyBase\Cyclotide.fa,777,Vija_7,Vija_7,unclassified,unknown,,,,,unknown,unknown,,,,,unknown,cyclotide,,,,"{""header"": ""Vija_7"", ""sequence"": ""GPIDCRETCVWTPCKSVLMNCRCRQGICFRN""}"
GEFCGETCVAFPCFSTAHGCGCYQMGCVKN,GEFCGETCVAFPCFSTAHGCGCYQMGCVKN,yes,30,CyBase,CyBase\Cyclotide.fa,778,Vija_8,Vija_8,unclassified,unknown,,,,,unknown,unknown,,,,,unknown,cyclotide,,,,"{""header"": ""Vija_8"", ""sequence"": ""GEFCGETCVAFPCFSTAHGCGCYQMGCVKN""}"
GLPVCGETCTLGTCYTAGCSCSWPVCTRN,GLPVCGETCTLGTCYTAGCSCSWPVCTRN,yes,29,CyBase,CyBase\Cyclotide.fa,779,Vija_9,Vija_9,unclassified,unknown,,,,,unknown,unknown,,,,,unknown,cyclotide,,,,"{""header"": ""Vija_9"", ""sequence"": ""GLPVCGETCTLGTCYTAGCSCSWPVCTRN""}"
GSIPCGESCVFIPCISALLGCSCSSKVCYKN,GSIPCGESCVFIPCISALLGCSCSSKVCYKN,yes,31,CyBase,CyBase\Cyclotide.fa,780,Vija_10,Vija_10,unclassified,unknown,,,,,unknown,unknown,,,,,unknown,cyclotide,,,,"{""header"": ""Vija_10"", ""sequence"": ""GSIPCGESCVFIPCISALLGCSCSSKVCYKN""}"
GIHCAETCFWGTCRTAYIGCSCENKICYKN,GIHCAETCFWGTCRTAYIGCSCENKICYKN,yes,30,CyBase,CyBase\Cyclotide.fa,781,Vija_11,Vija_11,unclassified,unknown,,,,,unknown,unknown,,,,,unknown,cyclotide,,,,"{""header"": ""Vija_11"", ""sequence"": ""GIHCAETCFWGTCRTAYIGCSCENKICYKN""}"
GSYISCGETCVKLKCYTPGCTCTWPACKKN,GSYISCGETCVKLKCYTPGCTCTWPACKKN,yes,30,CyBase,CyBase\Cyclotide.fa,782,Vija_12,Vija_12,unclassified,unknown,,,,,unknown,unknown,,,,,unknown,cyclotide,,,,"{""header"": ""Vija_12"", ""sequence"": ""GSYISCGETCVKLKCYTPGCTCTWPACKKN""}"
GSVPCGESCVWIPCISSLAGCSCSNKVCYLN,GSVPCGESCVWIPCISSLAGCSCSNKVCYLN,yes,31,CyBase,CyBase\Cyclotide.fa,783,Vija_13_,Vija_13_,unclassified,unknown,,,,,unknown,unknown,,,,,unknown,cyclotide,,,,"{""header"": ""Vija_13_"", ""sequence"": ""GSVPCGESCVWIPCISSLAGCSCSNKVCYLN""}"
GKSCGESCVFIPCITSAIGCYCSSNVCSRN,GKSCGESCVFIPCITSAIGCYCSSNVCSRN,yes,30,CyBase,CyBase\Cyclotide.fa,784,Vija_14,Vija_14,unclassified,unknown,,,,,unknown,unknown,,,,,unknown,cyclotide,,,,"{""header"": ""Vija_14"", ""sequence"": ""GKSCGESCVFIPCITSAIGCYCSSNVCSRN""}"
GLPTCGETCFTGVCYTPGCQCDWPMCTKN,GLPTCGETCFTGVCYTPGCQCDWPMCTKN,yes,29,CyBase,CyBase\Cyclotide.fa,785,Vija_15,Vija_15,unclassified,unknown,,,,,unknown,unknown,,,,,unknown,cyclotide,,,,"{""header"": ""Vija_15"", ""sequence"": ""GLPTCGETCFTGVCYTPGCQCDWPMCTKN""}"
GSFPCGESCVWIPCLTGPLGCSCKNKVCYYN,GSFPCGESCVWIPCLTGPLGCSCKNKVCYYN,yes,31,CyBase,CyBase\Cyclotide.fa,786,Vija_16,Vija_16,unclassified,unknown,,,,,unknown,unknown,,,,,unknown,cyclotide,,,,"{""header"": ""Vija_16"", ""sequence"": ""GSFPCGESCVWIPCLTGPLGCSCKNKVCYYN""}"
GIPCAESCVFIPCTVTALLGCSCSSKVCYN,GIPCAESCVFIPCTVTALLGCSCSSKVCYN,yes,30,CyBase,CyBase\Cyclotide.fa,787,Vija_17,Vija_17,unclassified,unknown,,,,,unknown,unknown,,,,,unknown,cyclotide,,,,"{""header"": ""Vija_17"", ""sequence"": ""GIPCAESCVFIPCTVTALLGCSCSSKVCYN""}"
GMPVCGETCVTGSCYTPGCSCSWPVCTQN,GMPVCGETCVTGSCYTPGCSCSWPVCTQN,yes,29,CyBase,CyBase\Cyclotide.fa,788,Vija_18,Vija_18,unclassified,unknown,,,,,unknown,unknown,,,,,unknown,cyclotide,,,,"{""header"": ""Vija_18"", ""sequence"": ""GMPVCGETCVTGSCYTPGCSCSWPVCTQN""}"
GWPCVETCIFANWCATSVIGCSCHRGECENN,GWPCVETCIFANWCATSVIGCSCHRGECENN,yes,31,CyBase,CyBase\Cyclotide.fa,789,Vija_19,Vija_19,unclassified,unknown,,,,,unknown,unknown,,,,,unknown,cyclotide,,,,"{""header"": ""Vija_19"", ""sequence"": ""GWPCVETCIFANWCATSVIGCSCHRGECENN""}"
GIPCAESCVWIPCTVTALLGCSCSSKVCYN,GIPCAESCVWIPCTVTALLGCSCSSKVCYN,yes,30,CyBase,CyBase\Cyclotide.fa,790,Vija_20,Vija_20,unclassified,unknown,,,,,unknown,unknown,,,,,unknown,cyclotide,,,,"{""header"": ""Vija_20"", ""sequence"": ""GIPCAESCVWIPCTVTALLGCSCSSKVCYN""}"
GVPCGESCVFIPCLTGVIGCSCSSNVCYLN,GVPCGESCVFIPCLTGVIGCSCSSNVCYLN,yes,30,CyBase,CyBase\Cyclotide.fa,791,Vija_21,Vija_21,unclassified,unknown,,,,,unknown,unknown,,,,,unknown,cyclotide,,,,"{""header"": ""Vija_21"", ""sequence"": ""GVPCGESCVFIPCLTGVIGCSCSSNVCYLN""}"
GLPTCGETCFTGVCYTPGCQCDWPICTRN,GLPTCGETCFTGVCYTPGCQCDWPICTRN,yes,29,CyBase,CyBase\Cyclotide.fa,792,Vija_22,Vija_22,unclassified,unknown,,,,,unknown,unknown,,,,,unknown,cyclotide,,,,"{""header"": ""Vija_22"", ""sequence"": ""GLPTCGETCFTGVCYTPGCQCDWPICTRN""}"
GSIFNCGETCILGTCYTPGCSCVYGACSKN,GSIFNCGETCILGTCYTPGCSCVYGACSKN,yes,30,CyBase,CyBase\Cyclotide.fa,793,Vija_23,Vija_23,unclassified,unknown,,,,,unknown,unknown,,,,,unknown,cyclotide,,,,"{""header"": ""Vija_23"", ""sequence"": ""GSIFNCGETCILGTCYTPGCSCVYGACSKN""}"
GEPCGETCTENFCATKFFGCFCSNGVCIN,GEPCGETCTENFCATKFFGCFCSNGVCIN,yes,29,CyBase,CyBase\Cyclotide.fa,794,Vija_24,Vija_24,unclassified,unknown,,,,,unknown,unknown,,,,,unknown,cyclotide,,,,"{""header"": ""Vija_24"", ""sequence"": ""GEPCGETCTENFCATKFFGCFCSNGVCIN""}"
GVVPCGESCVFIPCLTTVIGCSCKSNVCYKN,GVVPCGESCVFIPCLTTVIGCSCKSNVCYKN,yes,31,CyBase,CyBase\Cyclotide.fa,795,Vija_25,Vija_25,unclassified,unknown,,,,,unknown,unknown,,,,,unknown,cyclotide,,,,"{""header"": ""Vija_25"", ""sequence"": ""GVVPCGESCVFIPCLTTVIGCSCKSNVCYKN""}"
GLPTCGETCFTGVCYTPGCQCDWPICTKN,GLPTCGETCFTGVCYTPGCQCDWPICTKN,yes,29,CyBase,CyBase\Cyclotide.fa,796,Vija_26,Vija_26,unclassified,unknown,,,,,unknown,unknown,,,,,unknown,cyclotide,,,,"{""header"": ""Vija_26"", ""sequence"": ""GLPTCGETCFTGVCYTPGCQCDWPICTKN""}"
GMPVCGETCVGGTCNTPGCSCSWPVCTRN,GMPVCGETCVGGTCNTPGCSCSWPVCTRN,yes,29,CyBase,CyBase\Cyclotide.fa,797,Vija_27,Vija_27,unclassified,unknown,,,,,unknown,unknown,,,,,unknown,cyclotide,,,,"{""header"": ""Vija_27"", ""sequence"": ""GMPVCGETCVGGTCNTPGCSCSWPVCTRN""}"
GVPVCGETCVTGSCYTPGCSCSWPVCTQN,GVPVCGETCVTGSCYTPGCSCSWPVCTQN,yes,29,CyBase,CyBase\Cyclotide.fa,798,Viba_28,Viba_28,unclassified,unknown,,,,,unknown,unknown,,,,,unknown,cyclotide,,,,"{""header"": ""Viba_28"", ""sequence"": ""GVPVCGETCVTGSCYTPGCSCSWPVCTQN""}"
GVPVCGETCVTGSCYTPGCSCSWPVCTQN,GVPVCGETCVTGSCYTPGCSCSWPVCTQN,yes,29,CyBase,CyBase\Cyclotide.fa,799,Vija_28,Vija_28,unclassified,unknown,,,,,unknown,unknown,,,,,unknown,cyclotide,,,,"{""header"": ""Vija_28"", ""sequence"": ""GVPVCGETCVTGSCYTPGCSCSWPVCTQN""}"
GSTPCGESCVWIPCISSVVGCSCSNKVCYMN,GSTPCGESCVWIPCISSVVGCSCSNKVCYMN,yes,31,CyBase,CyBase\Cyclotide.fa,800,Vija_29,Vija_29,unclassified,unknown,,,,,unknown,unknown,,,,,unknown,cyclotide,,,,"{""header"": ""Vija_29"", ""sequence"": ""GSTPCGESCVWIPCISSVVGCSCSNKVCYMN""}"
GVPICGESCIQGTCYTPGCTCNWPVCERN,GVPICGESCIQGTCYTPGCTCNWPVCERN,yes,29,CyBase,CyBase\Cyclotide.fa,801,Vija_30,Vija_30,unclassified,unknown,,,,,unknown,unknown,,,,,unknown,cyclotide,,,,"{""header"": ""Vija_30"", ""sequence"": ""GVPICGESCIQGTCYTPGCTCNWPVCERN""}"
GSVTGCGETCFKFKCFTPGCKCAKYPLCSKN,GSVTGCGETCFKFKCFTPGCKCAKYPLCSKN,yes,31,CyBase,CyBase\Cyclotide.fa,802,Vija_31,Vija_31,unclassified,unknown,,,,,unknown,unknown,,,,,unknown,cyclotide,,,,"{""header"": ""Vija_31"", ""sequence"": ""GSVTGCGETCFKFKCFTPGCKCAKYPLCSKN""}"
GAPICGETCFQGACYTPGCTCDWPVCKRN,GAPICGETCFQGACYTPGCTCDWPVCKRN,yes,29,CyBase,CyBase\Cyclotide.fa,803,Vija_32,Vija_32,unclassified,unknown,,,,,unknown,unknown,,,,,unknown,cyclotide,,,,"{""header"": ""Vija_32"", ""sequence"": ""GAPICGETCFQGACYTPGCTCDWPVCKRN""}"
GTIFDCGETCLLGTCYTPGCSCGDYKLCYGTN,GTIFDCGETCLLGTCYTPGCSCGDYKLCYGTN,yes,32,CyBase,CyBase\Cyclotide.fa,804,Vija_33,Vija_33,unclassified,unknown,,,,,unknown,unknown,,,,,unknown,cyclotide,,,,"{""header"": ""Vija_33"", ""sequence"": ""GTIFDCGETCLLGTCYTPGCSCGDYKLCYGTN""}"
GSIFNCGESCIFGTCYTPECSCVYGACSKN,GSIFNCGESCIFGTCYTPECSCVYGACSKN,yes,30,CyBase,CyBase\Cyclotide.fa,805,Vija_34,Vija_34,unclassified,unknown,,,,,unknown,unknown,,,,,unknown,cyclotide,,,,"{""header"": ""Vija_34"", ""sequence"": ""GSIFNCGESCIFGTCYTPECSCVYGACSKN""}"
GIHCAETCLWGTCRTAIIGCSCENRICYKN,GIHCAETCLWGTCRTAIIGCSCENRICYKN,yes,30,CyBase,CyBase\Cyclotide.fa,806,Vija_35,Vija_35,unclassified,unknown,,,,,unknown,unknown,,,,,unknown,cyclotide,,,,"{""header"": ""Vija_35"", ""sequence"": ""GIHCAETCLWGTCRTAIIGCSCENRICYKN""}"
GTIFDCGETCAWGKCYTPHCSCGKYFFCYGTD,GTIFDCGETCAWGKCYTPHCSCGKYFFCYGTD,yes,32,CyBase,CyBase\Cyclotide.fa,807,Vija_36,Vija_36,unclassified,unknown,,,,,unknown,unknown,,,,,unknown,cyclotide,,,,"{""header"": ""Vija_36"", ""sequence"": ""GTIFDCGETCAWGKCYTPHCSCGKYFFCYGTD""}"
TFEKDFITPEAIQAILKRSAPLSNIMLEEDVISALIKSKTVISNPVIEEALLKSSNGLNGIPCGESCVWIPCFSSAIGCSCKNKVCYRNSLDI,TFEKDFITPEAIQAILKRSAPLSNIMLEEDVISALIKSKTVISNPVIEEALLKSSNGLNGIPCGESCVWIPCFSSAIGCSCKNKVCYRNSLDI,yes,93,CyBase,CyBase\Cyclotide.fa,808,Vcom_4_precursor_[partial],Vcom_4_precursor_[partial],unclassified,unknown,,,,,unknown,unknown,,,,,unknown,cyclotide,,,,"{""header"": ""Vcom_4_precursor_[partial]"", ""sequence"": ""TFEKDFITPEAIQAILKRSAPLSNIMLEEDVISALIKSKTVISNPVIEEALLKSSNGLNGIPCGESCVWIPCFSSAIGCSCKNKVCYRNSLDI""}"
TNFEKDFITHETVQAILKKVGPSSNGMLDEQAISALTGKTIISNPLLEEALFKHSNSINALGGTLPCGESCVWIPCISSVVGCSCKSKVCYRNSLDM,TNFEKDFITHETVQAILKKVGPSSNGMLDEQAISALTGKTIISNPLLEEALFKHSNSINALGGTLPCGESCVWIPCISSVVGCSCKSKVCYRNSLDM,yes,97,CyBase,CyBase\Cyclotide.fa,809,Vcom_8_precursor_[partial],Vcom_8_precursor_[partial],unclassified,unknown,,,,,unknown,unknown,,,,,unknown,cyclotide,,,,"{""header"": ""Vcom_8_precursor_[partial]"", ""sequence"": ""TNFEKDFITHETVQAILKKVGPSSNGMLDEQAISALTGKTIISNPLLEEALFKHSNSINALGGTLPCGESCVWIPCISSVVGCSCKSKVCYRNSLDM""}"
KNKLGGLPVCGETCVGGTCNTPGCTCSWPVCTRNSLESTKSANSLLEEALTAFAKKGLGGLPVCGETCVTGSCYTPGCSCSWPVCTRNSLESTKSANPLLEEALTAFAKKGLGGLPVCGETCVGGTCNTPGCSCTWPVCSRNALETQKPIHLLEEALIAFAKKGNLGGLPVCGETCVGGTCNTPGCSCTWPVCSRNALETQKPIHLLEEALIAFAKKGNLGGLPVCGETCVGGTCNTPGCSCTWPVCSRNSLAI,KNKLGGLPVCGETCVGGTCNTPGCTCSWPVCTRNSLESTKSANSLLEEALTAFAKKGLGGLPVCGETCVTGSCYTPGCSCSWPVCTRNSLESTKSANPLLEEALTAFAKKGLGGLPVCGETCVGGTCNTPGCSCTWPVCSRNALETQKPIHLLEEALIAFAKKGNLGGLPVCGETCVGGTCNTPGCSCTWPVCSRNALETQKPIHLLEEALIAFAKKGNLGGLPVCGETCVGGTCNTPGCSCTWPVCSRNSLAI,yes,254,CyBase,CyBase\Cyclotide.fa,810,Vcom_cyclotide_precursor_2_[partial],Vcom_cyclotide_precursor_2_[partial],unclassified,unknown,,,,,unknown,unknown,,,,,unknown,cyclotide,,,,"{""header"": ""Vcom_cyclotide_precursor_2_[partial]"", ""sequence"": ""KNKLGGLPVCGETCVGGTCNTPGCTCSWPVCTRNSLESTKSANSLLEEALTAFAKKGLGGLPVCGETCVTGSCYTPGCSCSWPVCTRNSLESTKSANPLLEEALTAFAKKGLGGLPVCGETCVGGTCNTPGCSCTWPVCSRNALETQKPIHLLEEALIAFAKKGNLGGLPVCGETCVGGTCNTPGCSCTWPVCSRNALETQKPIHLLEEALIAFAKKGNLGGLPVCGETCVGGTCNTPGCSCTWPVCSRNSLAI""}"
AQQDVITLQAYEELLKNGAANGMTKTVISNPVLEEALVSYSKDKLESTKSANPLLEEALDGAANGMTKTVISNPVLEEALVSYAKNKLGGLPVCGETCVGGTCNTPGCSCSWPVCTRNSLESTKSANPLLEEALDGAANGMTKTVISNPVLEEALVSYSKNKLGGLPVCGETCVGGTCNTPGCSCSWPVCTRNSLESTKSAN,AQQDVITLQAYEELLKNGAANGMTKTVISNPVLEEALVSYSKDKLESTKSANPLLEEALDGAANGMTKTVISNPVLEEALVSYAKNKLGGLPVCGETCVGGTCNTPGCSCSWPVCTRNSLESTKSANPLLEEALDGAANGMTKTVISNPVLEEALVSYSKNKLGGLPVCGETCVGGTCNTPGCSCSWPVCTRNSLESTKSAN,yes,202,CyBase,CyBase\Cyclotide.fa,811,Vcom_cyclotide_precursor_6_[partial],Vcom_cyclotide_precursor_6_[partial],unclassified,unknown,,,,,unknown,unknown,,,,,unknown,cyclotide,,,,"{""header"": ""Vcom_cyclotide_precursor_6_[partial]"", ""sequence"": ""AQQDVITLQAYEELLKNGAANGMTKTVISNPVLEEALVSYSKDKLESTKSANPLLEEALDGAANGMTKTVISNPVLEEALVSYAKNKLGGLPVCGETCVGGTCNTPGCSCSWPVCTRNSLESTKSANPLLEEALDGAANGMTKTVISNPVLEEALVSYSKNKLGGLPVCGETCVGGTCNTPGCSCSWPVCTRNSLESTKSAN""}"
AQQDVITLQAYEELLKNGAANGMTKTVISNPVLEEALVSYSKDKLESTKSANPLLEEALDGAANGMTKTVISNPVLEEALVSYAKNKLGGLPVCGETCVGGTCNTPGCSCSWPVCTRNSLESTKSANPLLEEALDGAANGMTKTVISNPVLEEALVSYSKNKLGGLPVCGETCVGGTCNTPGCSCSWPVCTRNSLESTKSAN,AQQDVITLQAYEELLKNGAANGMTKTVISNPVLEEALVSYSKDKLESTKSANPLLEEALDGAANGMTKTVISNPVLEEALVSYAKNKLGGLPVCGETCVGGTCNTPGCSCSWPVCTRNSLESTKSANPLLEEALDGAANGMTKTVISNPVLEEALVSYSKNKLGGLPVCGETCVGGTCNTPGCSCSWPVCTRNSLESTKSAN,yes,202,CyBase,CyBase\Cyclotide.fa,812,Vcom_cyclotide_precursor_4_[partial],Vcom_cyclotide_precursor_4_[partial],unclassified,unknown,,,,,unknown,unknown,,,,,unknown,cyclotide,,,,"{""header"": ""Vcom_cyclotide_precursor_4_[partial]"", ""sequence"": ""AQQDVITLQAYEELLKNGAANGMTKTVISNPVLEEALVSYSKDKLESTKSANPLLEEALDGAANGMTKTVISNPVLEEALVSYAKNKLGGLPVCGETCVGGTCNTPGCSCSWPVCTRNSLESTKSANPLLEEALDGAANGMTKTVISNPVLEEALVSYSKNKLGGLPVCGETCVGGTCNTPGCSCSWPVCTRNSLESTKSAN""}"
SALARTKTIISNPVIEEALLNGANLKASNGIPCAESCVFIPCTVTALLGCSCSSKVCYNSLQTKY,SALARTKTIISNPVIEEALLNGANLKASNGIPCAESCVFIPCTVTALLGCSCSSKVCYNSLQTKY,yes,65,CyBase,CyBase\Cyclotide.fa,813,Vija_17_precursor_[partial],Vija_17_precursor_[partial],unclassified,unknown,,,,,unknown,unknown,,,,,unknown,cyclotide,,,,"{""header"": ""Vija_17_precursor_[partial]"", ""sequence"": ""SALARTKTIISNPVIEEALLNGANLKASNGIPCAESCVFIPCTVTALLGCSCSSKVCYNSLQTKY""}"
LPAAFAAEQDLITLQAYEELLKNGAANGMTKTVISSPVLEEALVSYSKNKLGGMPVCGETCVTGSCYTPGCSCSWPVCTQNSLESTKSANPLLEEALTAFAKKGLGGLPVCGETCVGGTCNTPGC,LPAAFAAEQDLITLQAYEELLKNGAANGMTKTVISSPVLEEALVSYSKNKLGGMPVCGETCVTGSCYTPGCSCSWPVCTQNSLESTKSANPLLEEALTAFAKKGLGGLPVCGETCVGGTCNTPGC,yes,125,CyBase,CyBase\Cyclotide.fa,814,Vija_18_precursor_[partial],Vija_18_precursor_[partial],unclassified,unknown,,,,,unknown,unknown,,,,,unknown,cyclotide,,,,"{""header"": ""Vija_18_precursor_[partial]"", ""sequence"": ""LPAAFAAEQDLITLQAYEELLKNGAANGMTKTVISSPVLEEALVSYSKNKLGGMPVCGETCVTGSCYTPGCSCSWPVCTQNSLESTKSANPLLEEALTAFAKKGLGGLPVCGETCVGGTCNTPGC""}"
DVISAAALQAVLNRKAPLSNTMMDNDAIVNYITSVKTVISDPALEEALFKTNHGGNGWPCVETCIFANWCATSVIGCSCHRGECENNSIDN,DVISAAALQAVLNRKAPLSNTMMDNDAIVNYITSVKTVISDPALEEALFKTNHGGNGWPCVETCIFANWCATSVIGCSCHRGECENNSIDN,yes,91,CyBase,CyBase\Cyclotide.fa,815,Vija_19_precursor_[partial],Vija_19_precursor_[partial],unclassified,unknown,,,,,unknown,unknown,,,,,unknown,cyclotide,,,,"{""header"": ""Vija_19_precursor_[partial]"", ""sequence"": ""DVISAAALQAVLNRKAPLSNTMMDNDAIVNYITSVKTVISDPALEEALFKTNHGGNGWPCVETCIFANWCATSVIGCSCHRGECENNSIDN""}"
SALARTKTIISNPVIEEALLNGANLKAGNGIPCAESCVWIPCTVTALLGCSCSSKVCYNSLQTKY,SALARTKTIISNPVIEEALLNGANLKAGNGIPCAESCVWIPCTVTALLGCSCSSKVCYNSLQTKY,yes,65,CyBase,CyBase\Cyclotide.fa,816,Vija_20_precursor_[partial],Vija_20_precursor_[partial],unclassified,unknown,,,,,unknown,unknown,,,,,unknown,cyclotide,,,,"{""header"": ""Vija_20_precursor_[partial]"", ""sequence"": ""SALARTKTIISNPVIEEALLNGANLKAGNGIPCAESCVWIPCTVTALLGCSCSSKVCYNSLQTKY""}"
NTKHSSISKSKNQFSESMAGTKKMLVGILLLIAAALPAAMAYSSSFEKDFITPEAVESVLKRKAPLSNMMMEDEDVVLKIISTTKTIISNPVLEAAMLNNFNSANGIPCGESCVWIPCFSAAIGCSCSSKVCYRNSLDHKY,NTKHSSISKSKNQFSESMAGTKKMLVGILLLIAAALPAAMAYSSSFEKDFITPEAVESVLKRKAPLSNMMMEDEDVVLKIISTTKTIISNPVLEAAMLNNFNSANGIPCGESCVWIPCFSAAIGCSCSSKVCYRNSLDHKY,yes,141,CyBase,CyBase\Cyclotide.fa,817,Viba_23_precursor,Viba_23_precursor,unclassified,unknown,,,,,unknown,unknown,,,,,unknown,cyclotide,,,,"{""header"": ""Viba_23_precursor"", ""sequence"": ""NTKHSSISKSKNQFSESMAGTKKMLVGILLLIAAALPAAMAYSSSFEKDFITPEAVESVLKRKAPLSNMMMEDEDVVLKIISTTKTIISNPVLEAAMLNNFNSANGIPCGESCVWIPCFSAAIGCSCSSKVCYRNSLDHKY""}"
MEMKNVVVGLLLIAAFALPALATSYEKDFITHETVQEILKKVGSSSNGMLNEQTISALTSKTIISNPLLEEALFKHSNSINALGGTLPCGESCVWIPCISSVVGCSCKSKVCYKNSLA,MEMKNVVVGLLLIAAFALPALATSYEKDFITHETVQEILKKVGSSSNGMLNEQTISALTSKTIISNPLLEEALFKHSNSINALGGTLPCGESCVWIPCISSVVGCSCKSKVCYKNSLA,yes,118,CyBase,CyBase\Cyclotide.fa,818,Cycloviolacin_O8_precursor,Cycloviolacin_O8_precursor,unclassified,unknown,,,,,unknown,unknown,,,,,unknown,cyclotide,,,,"{""header"": ""Cycloviolacin_O8_precursor"", ""sequence"": ""MEMKNVVVGLLLIAAFALPALATSYEKDFITHETVQEILKKVGSSSNGMLNEQTISALTSKTIISNPLLEEALFKHSNSINALGGTLPCGESCVWIPCISSVVGCSCKSKVCYKNSLA""}"
LSNIMLEEDAMSALIKSKTVISNPVIEEALLKNSNSLHGIPCAESCVYLPCVTIVIGCSCKDKVCYNSLDI,LSNIMLEEDAMSALIKSKTVISNPVIEEALLKNSNSLHGIPCAESCVYLPCVTIVIGCSCKDKVCYNSLDI,yes,71,CyBase,CyBase\Cyclotide.fa,819,Viba_10_precursor_[partial],Viba_10_precursor_[partial],unclassified,unknown,,,,,unknown,unknown,,,,,unknown,cyclotide,,,,"{""header"": ""Viba_10_precursor_[partial]"", ""sequence"": ""LSNIMLEEDAMSALIKSKTVISNPVIEEALLKNSNSLHGIPCAESCVYLPCVTIVIGCSCKDKVCYNSLDI""}"
ITNQSINIIMESNKKMQLVGFVLLAAFALPALASSFEKDVISPRAIQAVLEKKGLSKLEDDPVLSALAHTKTIISNPIIEEALFNSASLNAGNGVACGESCIIRPCIFTAILGCRCRFTVCVNALETNY,ITNQSINIIMESNKKMQLVGFVLLAAFALPALASSFEKDVISPRAIQAVLEKKGLSKLEDDPVLSALAHTKTIISNPIIEEALFNSASLNAGNGVACGESCIIRPCIFTAILGCRCRFTVCVNALETNY,yes,129,CyBase,CyBase\Cyclotide.fa,820,vibe_12_precursor,vibe_12_precursor,unclassified,unknown,,,,,unknown,unknown,,,,,unknown,cyclotide,,,,"{""header"": ""vibe_12_precursor"", ""sequence"": ""ITNQSINIIMESNKKMQLVGFVLLAAFALPALASSFEKDVISPRAIQAVLEKKGLSKLEDDPVLSALAHTKTIISNPIIEEALFNSASLNAGNGVACGESCIIRPCIFTAILGCRCRFTVCVNALETNY""}"
MDAKKMLVALVLIAIFAAIPSLATFEKDVITPEAIQAVLKKTNYPNSNVKLSEDAINALSSKTVISNKVLEEALFKINTINNGISDVVNGFPCGESCVYIPCLTAAIGCSCKNKVCYKNSLSN,MDAKKMLVALVLIAIFAAIPSLATFEKDVITPEAIQAVLKKTNYPNSNVKLSEDAINALSSKTVISNKVLEEALFKINTINNGISDVVNGFPCGESCVYIPCLTAAIGCSCKNKVCYKNSLSN,yes,123,CyBase,CyBase\Cyclotide.fa,821,vibe_4_precursor,vibe_4_precursor,unclassified,unknown,,,,,unknown,unknown,,,,,unknown,cyclotide,,,,"{""header"": ""vibe_4_precursor"", ""sequence"": ""MDAKKMLVALVLIAIFAAIPSLATFEKDVITPEAIQAVLKKTNYPNSNVKLSEDAINALSSKTVISNKVLEEALFKINTINNGISDVVNGFPCGESCVYIPCLTAAIGCSCKNKVCYKNSLSN""}"
MEMKKMIVGFLVIAAFALPAFATVEKDFITPEAIKMISGKANLNLDEKVISALTGKILISNPVIEEALLQHSNFNALGGKIPCGESCVWIPCITTVVGCSCSNKVCYKNSLAN,MEMKKMIVGFLVIAAFALPAFATVEKDFITPEAIKMISGKANLNLDEKVISALTGKILISNPVIEEALLQHSNFNALGGKIPCGESCVWIPCITTVVGCSCSNKVCYKNSLAN,yes,113,CyBase,CyBase\Cyclotide.fa,822,Viba_24_precursor,Viba_24_precursor,unclassified,unknown,,,,,unknown,unknown,,,,,unknown,cyclotide,,,,"{""header"": ""Viba_24_precursor"", ""sequence"": ""MEMKKMIVGFLVIAAFALPAFATVEKDFITPEAIKMISGKANLNLDEKVISALTGKILISNPVIEEALLQHSNFNALGGKIPCGESCVWIPCITTVVGCSCSNKVCYKNSLAN""}"
AYENLVKSGAIEGSITMTKTIVSNPILEEALVAYSNHKLGGGTIFDCGETCFLGKCYTPGCSCGEYKVCYGTNSLEQNSNEAKEEAQLERALVTFAKKGLGGVPICGESC,AYENLVKSGAIEGSITMTKTIVSNPILEEALVAYSNHKLGGGTIFDCGETCFLGKCYTPGCSCGEYKVCYGTNSLEQNSNEAKEEAQLERALVTFAKKGLGGVPICGESC,yes,110,CyBase,CyBase\Cyclotide.fa,823,vibe_24_precursor_[partial],vibe_24_precursor_[partial],unclassified,unknown,,,,,unknown,unknown,,,,,unknown,cyclotide,,,,"{""header"": ""vibe_24_precursor_[partial]"", ""sequence"": ""AYENLVKSGAIEGSITMTKTIVSNPILEEALVAYSNHKLGGGTIFDCGETCFLGKCYTPGCSCGEYKVCYGTNSLEQNSNEAKEEAQLERALVTFAKKGLGGVPICGESC""}"
MKMVAGNVLVVAAAAFALIPASFTVEDVITHDPNGNLVTSRAIDGIIMTKTVISNPIFEEALLTYSINKLGDRAVCGETCFTGICYTPICVCGKWDLCRMNSIQQV,MKMVAGNVLVVAAAAFALIPASFTVEDVITHDPNGNLVTSRAIDGIIMTKTVISNPIFEEALLTYSINKLGDRAVCGETCFTGICYTPICVCGKWDLCRMNSIQQV,yes,106,CyBase,CyBase\Cyclotide.fa,824,vibe_19_precursor,vibe_19_precursor,unclassified,unknown,,,,,unknown,unknown,,,,,unknown,cyclotide,,,,"{""header"": ""vibe_19_precursor"", ""sequence"": ""MKMVAGNVLVVAAAAFALIPASFTVEDVITHDPNGNLVTSRAIDGIIMTKTVISNPIFEEALLTYSINKLGDRAVCGETCFTGICYTPICVCGKWDLCRMNSIQQV""}"
MEMKRMIVGLVLIATFALPALNATFEKDFITRQAINMVLKKASPNSNAMLDEQAIITLTGKILVSNPIIEEALLKHSNLNGLGRVPCGESCVYIPCFTSIAGCSCSDKVCWHNSLAAN,MEMKRMIVGLVLIATFALPALNATFEKDFITRQAINMVLKKASPNSNAMLDEQAIITLTGKILVSNPIIEEALLKHSNLNGLGRVPCGESCVYIPCFTSIAGCSCSDKVCWHNSLAAN,yes,118,CyBase,CyBase\Cyclotide.fa,825,Viba_25_precursor,Viba_25_precursor,unclassified,unknown,,,,,unknown,unknown,,,,,unknown,cyclotide,,,,"{""header"": ""Viba_25_precursor"", ""sequence"": ""MEMKRMIVGLVLIATFALPALNATFEKDFITRQAINMVLKKASPNSNAMLDEQAIITLTGKILVSNPIIEEALLKHSNLNGLGRVPCGESCVYIPCFTSIAGCSCSDKVCWHNSLAAN""}"
VAAFALPTAFASLDIKDVITREAYENLVKSGAIQGNAMTKTIISNPILEEALSTYAKKKLGGSIFNCGETCVFGTCYTPGCSCVYGACSKDSLPDSNNNKAVVSSNSRSNPILEEALVSLAI,VAAFALPTAFASLDIKDVITREAYENLVKSGAIQGNAMTKTIISNPILEEALSTYAKKKLGGSIFNCGETCVFGTCYTPGCSCVYGACSKDSLPDSNNNKAVVSSNSRSNPILEEALVSLAI,yes,122,CyBase,CyBase\Cyclotide.fa,826,vibe_18_precusor_[partial],vibe_18_precusor_[partial],unclassified,unknown,,,,,unknown,unknown,,,,,unknown,cyclotide,,,,"{""header"": ""vibe_18_precusor_[partial]"", ""sequence"": ""VAAFALPTAFASLDIKDVITREAYENLVKSGAIQGNAMTKTIISNPILEEALSTYAKKKLGGSIFNCGETCVFGTCYTPGCSCVYGACSKDSLPDSNNNKAVVSSNSRSNPILEEALVSLAI""}"
MDAKKMFLALVLIATFAVIPSLATFEKDFITREAVQAILKKSAPLSNIMLEEDIMSALIKSKTVISNPVIEEALSRNSNGLKAAVPCGESCVWIPCVTSVVGCSCSNKVCYNSLI,MDAKKMFLALVLIATFAVIPSLATFEKDFITREAVQAILKKSAPLSNIMLEEDIMSALIKSKTVISNPVIEEALSRNSNGLKAAVPCGESCVWIPCVTSVVGCSCSNKVCYNSLI,yes,115,CyBase,CyBase\Cyclotide.fa,827,vibe_7_precursor,vibe_7_precursor,unclassified,unknown,,,,,unknown,unknown,,,,,unknown,cyclotide,,,,"{""header"": ""vibe_7_precursor"", ""sequence"": ""MDAKKMFLALVLIATFAVIPSLATFEKDFITREAVQAILKKSAPLSNIMLEEDIMSALIKSKTVISNPVIEEALSRNSNGLKAAVPCGESCVWIPCVTSVVGCSCSNKVCYNSLI""}"
MFVALVLVATFVLPSLATFEKDFITPETIQAILKKSAPLSNIMLEEDVINALLKSKTVISNPIIEEAFLKNSNGLNGIPCGESCVWIPCISGAIGCSCKSKVCYRNSLDN,MFVALVLVATFVLPSLATFEKDFITPETIQAILKKSAPLSNIMLEEDVINALLKSKTVISNPIIEEAFLKNSNGLNGIPCGESCVWIPCISGAIGCSCKSKVCYRNSLDN,yes,110,CyBase,CyBase\Cyclotide.fa,828,Viba_11_precursor,Viba_11_precursor,unclassified,unknown,,,,,unknown,unknown,,,,,unknown,cyclotide,,,,"{""header"": ""Viba_11_precursor"", ""sequence"": ""MFVALVLVATFVLPSLATFEKDFITPETIQAILKKSAPLSNIMLEEDVINALLKSKTVISNPIIEEAFLKNSNGLNGIPCGESCVWIPCISGAIGCSCKSKVCYRNSLDN""}"
MDAKKMFLALVLIATFAVIPSLATFEKDFITREAVQAILKKSAPLSNIMLEEDVMNALIKSKTVISNPVIEEALLRNSNGLNGIPCGESCVWIPCLTSAVGCSCKSKVCYRNSLDI,MDAKKMFLALVLIATFAVIPSLATFEKDFITREAVQAILKKSAPLSNIMLEEDVMNALIKSKTVISNPVIEEALLRNSNGLNGIPCGESCVWIPCLTSAVGCSCKSKVCYRNSLDI,yes,116,CyBase,CyBase\Cyclotide.fa,829,cycloviolacin_O9_precursor,cycloviolacin_O9_precursor,unclassified,unknown,,,,,unknown,unknown,,,,,unknown,cyclotide,,,,"{""header"": ""cycloviolacin_O9_precursor"", ""sequence"": ""MDAKKMFLALVLIATFAVIPSLATFEKDFITREAVQAILKKSAPLSNIMLEEDVMNALIKSKTVISNPVIEEALLRNSNGLNGIPCGESCVWIPCLTSAVGCSCKSKVCYRNSLDI""}"
MKMFVALVLFAAFALPAAFAAEQDLITLQAYEELLKNGAANGMTKTVISSPVLEEALVSYSKNKLGGLPVCGETCTLGTCYTAGCSCSWPVCTRNSLESTKSANPLLEEALTTFAKKGLGGLPVCGETCVGGTCNTPGCTCSWPVCTRNSLENTKSANPLLEEALIAFAKKGNLGGLPICGETCVGGTCNTPGCSCSWPVCTRNSLAM,MKMFVALVLFAAFALPAAFAAEQDLITLQAYEELLKNGAANGMTKTVISSPVLEEALVSYSKNKLGGLPVCGETCTLGTCYTAGCSCSWPVCTRNSLESTKSANPLLEEALTTFAKKGLGGLPVCGETCVGGTCNTPGCTCSWPVCTRNSLENTKSANPLLEEALIAFAKKGNLGGLPICGETCVGGTCNTPGCSCSWPVCTRNSLAM,yes,208,CyBase,CyBase\Cyclotide.fa,830,cycloviolacin_O12_precursor,cycloviolacin_O12_precursor,unclassified,unknown,,,,,unknown,unknown,,,,,unknown,cyclotide,,,,"{""header"": ""cycloviolacin_O12_precursor"", ""sequence"": ""MKMFVALVLFAAFALPAAFAAEQDLITLQAYEELLKNGAANGMTKTVISSPVLEEALVSYSKNKLGGLPVCGETCTLGTCYTAGCSCSWPVCTRNSLESTKSANPLLEEALTTFAKKGLGGLPVCGETCVGGTCNTPGCTCSWPVCTRNSLENTKSANPLLEEALIAFAKKGNLGGLPICGETCVGGTCNTPGCSCSWPVCTRNSLAM""}"
MMKMFVAIVLFAAFALPAASASAYQDVITLKAYEELLKSGASTDGMTKTVISNPLLEEALVSYSKNKLGGIVYCGETCGGTRCYTPGCSCRYPYCSKNSLAM,MMKMFVAIVLFAAFALPAASASAYQDVITLKAYEELLKSGASTDGMTKTVISNPLLEEALVSYSKNKLGGIVYCGETCGGTRCYTPGCSCRYPYCSKNSLAM,yes,102,CyBase,CyBase\Cyclotide.fa,831,Vibe_17_precursor,Vibe_17_precursor,unclassified,unknown,,,,,unknown,unknown,,,,,unknown,cyclotide,,,,"{""header"": ""Vibe_17_precursor"", ""sequence"": ""MMKMFVAIVLFAAFALPAASASAYQDVITLKAYEELLKSGASTDGMTKTVISNPLLEEALVSYSKNKLGGIVYCGETCGGTRCYTPGCSCRYPYCSKNSLAM""}"
LIRATAKSITNQSINIIMESNKKMQLVGFVLLAAFALPALASSFEKDVISPHAIQAVLEKRGFSKLEDDPVVSALARTKTIISNPVIEEALLNGANLKAGNGIPCAESCVWIPCTVTALVGCSCSDKVCYNSLQTKY,LIRATAKSITNQSINIIMESNKKMQLVGFVLLAAFALPALASSFEKDVISPHAIQAVLEKRGFSKLEDDPVVSALARTKTIISNPVIEEALLNGANLKAGNGIPCAESCVWIPCTVTALVGCSCSDKVCYNSLQTKY,yes,137,CyBase,CyBase\Cyclotide.fa,832,cycloviolacin_Y5_precursor,cycloviolacin_Y5_precursor,unclassified,unknown,,,,,unknown,unknown,,,,,unknown,cyclotide,,,,"{""header"": ""cycloviolacin_Y5_precursor"", ""sequence"": ""LIRATAKSITNQSINIIMESNKKMQLVGFVLLAAFALPALASSFEKDVISPHAIQAVLEKRGFSKLEDDPVVSALARTKTIISNPVIEEALLNGANLKAGNGIPCAESCVWIPCTVTALVGCSCSDKVCYNSLQTKY""}"
GCSWPVCTRNSLESTKSANPLLEEALTAFAKKGLGGLPICGETCVGGTCNTPGCTCSWPVCTRNSLENTKSANPL,GCSWPVCTRNSLESTKSANPLLEEALTAFAKKGLGGLPICGETCVGGTCNTPGCTCSWPVCTRNSLENTKSANPL,yes,75,CyBase,CyBase\Cyclotide.fa,833,cycloviolacin_O22_precursor_[partial],cycloviolacin_O22_precursor_[partial],unclassified,unknown,,,,,unknown,unknown,,,,,unknown,cyclotide,,,,"{""header"": ""cycloviolacin_O22_precursor_[partial]"", ""sequence"": ""GCSWPVCTRNSLESTKSANPLLEEALTAFAKKGLGGLPICGETCVGGTCNTPGCTCSWPVCTRNSLENTKSANPL""}"
MKMFVALVLFAAFALPAAFAAEQDLITLQAYEELLKNGAANGMTKTVISSPVLEEALVSYSKNKLGGLPVCGETCTLGTCYTAGCSCSWPVCTRNSLESTKSANPLLEEALTTFAKKGLGGLPVCGETCVGGTCNTPGCTCSWPVCTRNSLENTKSANPLLEEALIAFAKKGNLGGLPICGETCVGGTCNTPGCSCSWPVCTRNSLAM,MKMFVALVLFAAFALPAAFAAEQDLITLQAYEELLKNGAANGMTKTVISSPVLEEALVSYSKNKLGGLPVCGETCTLGTCYTAGCSCSWPVCTRNSLESTKSANPLLEEALTTFAKKGLGGLPVCGETCVGGTCNTPGCTCSWPVCTRNSLENTKSANPLLEEALIAFAKKGNLGGLPICGETCVGGTCNTPGCSCSWPVCTRNSLAM,yes,208,CyBase,CyBase\Cyclotide.fa,834,kalata_B1_precursor,kalata_B1_precursor,unclassified,unknown,,,,,unknown,unknown,,,,,unknown,cyclotide,,,,"{""header"": ""kalata_B1_precursor"", ""sequence"": ""MKMFVALVLFAAFALPAAFAAEQDLITLQAYEELLKNGAANGMTKTVISSPVLEEALVSYSKNKLGGLPVCGETCTLGTCYTAGCSCSWPVCTRNSLESTKSANPLLEEALTTFAKKGLGGLPVCGETCVGGTCNTPGCTCSWPVCTRNSLENTKSANPLLEEALIAFAKKGNLGGLPICGETCVGGTCNTPGCSCSWPVCTRNSLAM""}"
QKPNHLLEEALVAFAKKGNLGGLPVCGETCVGGTCNTPGCSCSWPVCTRNALEIQKPNHLLEEALVAFAKKGNLGGLPVCGETC,QKPNHLLEEALVAFAKKGNLGGLPVCGETCVGGTCNTPGCSCSWPVCTRNALEIQKPNHLLEEALVAFAKKGNLGGLPVCGETC,yes,84,CyBase,CyBase\Cyclotide.fa,835,kalata_S_precursor,kalata_S_precursor,unclassified,unknown,,,,,unknown,unknown,,,,,unknown,cyclotide,,,,"{""header"": ""kalata_S_precursor"", ""sequence"": ""QKPNHLLEEALVAFAKKGNLGGLPVCGETCVGGTCNTPGCSCSWPVCTRNALEIQKPNHLLEEALVAFAKKGNLGGLPVCGETC""}"
MWRPMGYKLRLNFHINLTQRLQSQLKKRHMHIIMASQKIVVAFLLIAAFALPAFASFQKDVITPAAMEAVLNRKAPLSNIMMENDAIMNVIANVKTVISNPVLEEALLKTNHGVNGIPCGESCVFIPCLTSAIGCSCKSKVCYRNSLDN,MWRPMGYKLRLNFHINLTQRLQSQLKKRHMHIIMASQKIVVAFLLIAAFALPAFASFQKDVITPAAMEAVLNRKAPLSNIMMENDAIMNVIANVKTVISNPVLEEALLKTNHGVNGIPCGESCVFIPCLTSAIGCSCKSKVCYRNSLDN,yes,149,CyBase,CyBase\Cyclotide.fa,836,Mra_30_precursor_[partial],Mra_30_precursor_[partial],unclassified,unknown,,,,,unknown,unknown,,,,,unknown,cyclotide,,,,"{""header"": ""Mra_30_precursor_[partial]"", ""sequence"": ""MWRPMGYKLRLNFHINLTQRLQSQLKKRHMHIIMASQKIVVAFLLIAAFALPAFASFQKDVITPAAMEAVLNRKAPLSNIMMENDAIMNVIANVKTVISNPVLEEALLKTNHGVNGIPCGESCVFIPCLTSAIGCSCKSKVCYRNSLDN""}"
FEKDFITPEAIQAILKKRAPLSNIMLEEDIMSALIKSKTVISNPVIEEALLRNSNGLNGIPCGESCVWIPCISSAIGCSCKSKVCYRNSLDI,FEKDFITPEAIQAILKKRAPLSNIMLEEDIMSALIKSKTVISNPVIEEALLRNSNGLNGIPCGESCVWIPCISSAIGCSCKSKVCYRNSLDI,yes,92,CyBase,CyBase\Cyclotide.fa,837,cycloviolacin_O2_precursor_[partial],cycloviolacin_O2_precursor_[partial],unclassified,unknown,,,,,unknown,unknown,,,,,unknown,cyclotide,,,,"{""header"": ""cycloviolacin_O2_precursor_[partial]"", ""sequence"": ""FEKDFITPEAIQAILKKRAPLSNIMLEEDIMSALIKSKTVISNPVIEEALLRNSNGLNGIPCGESCVWIPCISSAIGCSCKSKVCYRNSLDI""}"
MEMKNMVVGLLLIAAFALPALATSFEKDFITPQTVQEILKKVGSNSNGMLDEQTISALTSKTIISNPLLEEALFKHSNSINALGGSLPCGESCVFIPCISSVIGCACKSKVCYKNSLA,MEMKNMVVGLLLIAAFALPALATSFEKDFITPQTVQEILKKVGSNSNGMLDEQTISALTSKTIISNPLLEEALFKHSNSINALGGSLPCGESCVFIPCISSVIGCACKSKVCYKNSLA,yes,118,CyBase,CyBase\Cyclotide.fa,838,Viba_43_precursor_,Viba_43_precursor_,unclassified,unknown,,,,,unknown,unknown,,,,,unknown,cyclotide,,,,"{""header"": ""Viba_43_precursor_"", ""sequence"": ""MEMKNMVVGLLLIAAFALPALATSFEKDFITPQTVQEILKKVGSNSNGMLDEQTISALTSKTIISNPLLEEALFKHSNSINALGGSLPCGESCVFIPCISSVIGCACKSKVCYKNSLA""}"
SKNKLGGLPVCGETCVGGTCNTPGCGCSWPVCTRNSLESTKSANPLLEEALTTFAKKGLGGLPVCGE,SKNKLGGLPVCGETCVGGTCNTPGCGCSWPVCTRNSLESTKSANPLLEEALTTFAKKGLGGLPVCGE,yes,67,CyBase,CyBase\Cyclotide.fa,839,Viba_17_precursor_[partial],Viba_17_precursor_[partial],unclassified,unknown,,,,,unknown,unknown,,,,,unknown,cyclotide,,,,"{""header"": ""Viba_17_precursor_[partial]"", ""sequence"": ""SKNKLGGLPVCGETCVGGTCNTPGCGCSWPVCTRNSLESTKSANPLLEEALTTFAKKGLGGLPVCGE""}"
HHLIRATAKSITNQSINIIMESNKKMQLIGFVLLAAFALPALASSFEKDVISASAIQAVLAKRGFSKLEDDPVVSALARTKTIISNPVIEEALLNGANLKAGNGIPCAESCVWIPCTVTALLGCSCKDKVCYNSLQTKY,HHLIRATAKSITNQSINIIMESNKKMQLIGFVLLAAFALPALASSFEKDVISASAIQAVLAKRGFSKLEDDPVVSALARTKTIISNPVIEEALLNGANLKAGNGIPCAESCVWIPCTVTALLGCSCKDKVCYNSLQTKY,yes,139,CyBase,CyBase\Cyclotide.fa,840,Viba_12_precursor,Viba_12_precursor,unclassified,unknown,,,,,unknown,unknown,,,,,unknown,cyclotide,,,,"{""header"": ""Viba_12_precursor"", ""sequence"": ""HHLIRATAKSITNQSINIIMESNKKMQLIGFVLLAAFALPALASSFEKDVISASAIQAVLAKRGFSKLEDDPVVSALARTKTIISNPVIEEALLNGANLKAGNGIPCAESCVWIPCTVTALLGCSCKDKVCYNSLQTKY""}"
MEMKNVVVGLLLIAAFALPALATSFEKDFITPETVQEILKKVGSSSNGMLNEQTISALTSKTIISNPLLEEALFKHSNSINALGGTFPCGESCVFIPCISSVVGCSCKSKVCYKNSLA,MEMKNVVVGLLLIAAFALPALATSFEKDFITPETVQEILKKVGSSSNGMLNEQTISALTSKTIISNPLLEEALFKHSNSINALGGTFPCGESCVFIPCISSVVGCSCKSKVCYKNSLA,yes,118,CyBase,CyBase\Cyclotide.fa,841,Vibe_3_precursor_,Vibe_3_precursor_,unclassified,unknown,,,,,unknown,unknown,,,,,unknown,cyclotide,,,,"{""header"": ""Vibe_3_precursor_"", ""sequence"": ""MEMKNVVVGLLLIAAFALPALATSFEKDFITPETVQEILKKVGSSSNGMLNEQTISALTSKTIISNPLLEEALFKHSNSINALGGTFPCGESCVFIPCISSVVGCSCKSKVCYKNSLA""}"
GSIPCGESCVYIPCISAVLGCSCSSKVCYKN,GSIPCGESCVYIPCISAVLGCSCSSKVCYKN,yes,31,CyBase,CyBase\Cyclotide.fa,842,vinc_1,vinc_1,unclassified,unknown,,,,,unknown,unknown,,,,,unknown,cyclotide,,,,"{""header"": ""vinc_1"", ""sequence"": ""GSIPCGESCVYIPCISAVLGCSCSSKVCYKN""}"
GTPCGESCVWIPCISSLIGCSCSNKVCYMN,GTPCGESCVWIPCISSLIGCSCSNKVCYMN,yes,30,CyBase,CyBase\Cyclotide.fa,843,vinc_2,vinc_2,unclassified,unknown,,,,,unknown,unknown,,,,,unknown,cyclotide,,,,"{""header"": ""vinc_2"", ""sequence"": ""GTPCGESCVWIPCISSLIGCSCSNKVCYMN""}"
GSIPCGESCVFIPCISAVLGCSCSSKVCYKN,GSIPCGESCVFIPCISAVLGCSCSSKVCYKN,yes,31,CyBase,CyBase\Cyclotide.fa,844,vinc_3,vinc_3,unclassified,unknown,,,,,unknown,unknown,,,,,unknown,cyclotide,,,,"{""header"": ""vinc_3"", ""sequence"": ""GSIPCGESCVFIPCISAVLGCSCSSKVCYKN""}"
GSVPCGESCVWIPCITSIAGCSCSNKVCYLN,GSVPCGESCVWIPCITSIAGCSCSNKVCYLN,yes,31,CyBase,CyBase\Cyclotide.fa,845,vinc_4,vinc_4,unclassified,unknown,,,,,unknown,unknown,,,,,unknown,cyclotide,,,,"{""header"": ""vinc_4"", ""sequence"": ""GSVPCGESCVWIPCITSIAGCSCSNKVCYLN""}"
GYYCRETCYYHTCISEAIGCSCRQRLCYSN,GYYCRETCYYHTCISEAIGCSCRQRLCYSN,yes,30,CyBase,CyBase\Cyclotide.fa,846,vinc_5,vinc_5,unclassified,unknown,,,,,unknown,unknown,,,,,unknown,cyclotide,,,,"{""header"": ""vinc_5"", ""sequence"": ""GYYCRETCYYHTCISEAIGCSCRQRLCYSN""}"
GKIPCGESCVWIPCITTVVGCSCSNKVCYLN,GKIPCGESCVWIPCITTVVGCSCSNKVCYLN,yes,31,CyBase,CyBase\Cyclotide.fa,847,vinc_6,vinc_6,unclassified,unknown,,,,,unknown,unknown,,,,,unknown,cyclotide,,,,"{""header"": ""vinc_6"", ""sequence"": ""GKIPCGESCVWIPCITTVVGCSCSNKVCYLN""}"
GSIPCGESCVFIPCISSVIGCSCKSKVCYRN,GSIPCGESCVFIPCISSVIGCSCKSKVCYRN,yes,31,CyBase,CyBase\Cyclotide.fa,848,vinc_7,vinc_7,unclassified,unknown,,,,,unknown,unknown,,,,,unknown,cyclotide,,,,"{""header"": ""vinc_7"", ""sequence"": ""GSIPCGESCVFIPCISSVIGCSCKSKVCYRN""}"
GIPCAESCVWIPCTVTAIFGCSCKDKVCYN,GIPCAESCVWIPCTVTAIFGCSCKDKVCYN,yes,30,CyBase,CyBase\Cyclotide.fa,849,vinc_8,vinc_8,unclassified,unknown,,,,,unknown,unknown,,,,,unknown,cyclotide,,,,"{""header"": ""vinc_8"", ""sequence"": ""GIPCAESCVWIPCTVTAIFGCSCKDKVCYN""}"
GTIFDCGETCLLGTCYTPGCSCGDYKLCYGTN,GTIFDCGETCLLGTCYTPGCSCGDYKLCYGTN,yes,32,CyBase,CyBase\Cyclotide.fa,850,vinc_9,vinc_9,unclassified,unknown,,,,,unknown,unknown,,,,,unknown,cyclotide,,,,"{""header"": ""vinc_9"", ""sequence"": ""GTIFDCGETCLLGTCYTPGCSCGDYKLCYGTN""}"
GVPICGESCIQGTCYTPGCTCNWPVCERN,GVPICGESCIQGTCYTPGCTCNWPVCERN,yes,29,CyBase,CyBase\Cyclotide.fa,851,vinc_10,vinc_10,unclassified,unknown,,,,,unknown,unknown,,,,,unknown,cyclotide,,,,"{""header"": ""vinc_10"", ""sequence"": ""GVPICGESCIQGTCYTPGCTCNWPVCERN""}"
GLPICGETCVGGTCNTPGCACSWPVCTRN,GLPICGETCVGGTCNTPGCACSWPVCTRN,yes,29,CyBase,CyBase\Cyclotide.fa,852,vinc_11,vinc_11,unclassified,unknown,,,,,unknown,unknown,,,,,unknown,cyclotide,,,,"{""header"": ""vinc_11"", ""sequence"": ""GLPICGETCVGGTCNTPGCACSWPVCTRN""}"
GIPCGESCVFIPCLTSAIGCSCSSKVCYKN,GIPCGESCVFIPCLTSAIGCSCSSKVCYKN,yes,30,CyBase,CyBase\Cyclotide.fa,853,vinc_12,vinc_12,unclassified,unknown,,,,,unknown,unknown,,,,,unknown,cyclotide,,,,"{""header"": ""vinc_12"", ""sequence"": ""GIPCGESCVFIPCLTSAIGCSCSSKVCYKN""}"
GIPCGESCVWIPCISGAIGCSCMRKVCYRN,GIPCGESCVWIPCISGAIGCSCMRKVCYRN,yes,30,CyBase,CyBase\Cyclotide.fa,854,vinc_13,vinc_13,unclassified,unknown,,,,,unknown,unknown,,,,,unknown,cyclotide,,,,"{""header"": ""vinc_13"", ""sequence"": ""GIPCGESCVWIPCISGAIGCSCMRKVCYRN""}"
GTQPCYETCYALACSWCECWNHKCYKN,GTQPCYETCYALACSWCECWNHKCYKN,yes,27,CyBase,CyBase\Cyclotide.fa,855,vinc_14,vinc_14,unclassified,unknown,,,,,unknown,unknown,,,,,unknown,cyclotide,,,,"{""header"": ""vinc_14"", ""sequence"": ""GTQPCYETCYALACSWCECWNHKCYKN""}"
GLPVCGETCTLGTCYTAGCSCSWPVCTRN,GLPVCGETCTLGTCYTAGCSCSWPVCTRN,yes,29,CyBase,CyBase\Cyclotide.fa,856,vinc_15,vinc_15,unclassified,unknown,,,,,unknown,unknown,,,,,unknown,cyclotide,,,,"{""header"": ""vinc_15"", ""sequence"": ""GLPVCGETCTLGTCYTAGCSCSWPVCTRN""}"
GNLHFCGESCFGGTCDTAGCWCAWPVCRQN,GNLHFCGESCFGGTCDTAGCWCAWPVCRQN,yes,30,CyBase,CyBase\Cyclotide.fa,857,vinc_16,vinc_16,unclassified,unknown,,,,,unknown,unknown,,,,,unknown,cyclotide,,,,"{""header"": ""vinc_16"", ""sequence"": ""GNLHFCGESCFGGTCDTAGCWCAWPVCRQN""}"
GHFCSESCFFIPCISAVIGCYCGSNHACYQN,GHFCSESCFFIPCISAVIGCYCGSNHACYQN,yes,31,CyBase,CyBase\Cyclotide.fa,858,vinc_17,vinc_17,unclassified,unknown,,,,,unknown,unknown,,,,,unknown,cyclotide,,,,"{""header"": ""vinc_17"", ""sequence"": ""GHFCSESCFFIPCISAVIGCYCGSNHACYQN""}"
GHFCSESCFFIPCISAVIGCYCSNHACYRN,GHFCSESCFFIPCISAVIGCYCSNHACYRN,yes,30,CyBase,CyBase\Cyclotide.fa,859,vinc_18,vinc_18,unclassified,unknown,,,,,unknown,unknown,,,,,unknown,cyclotide,,,,"{""header"": ""vinc_18"", ""sequence"": ""GHFCSESCFFIPCISAVIGCYCSNHACYRN""}"
GIPCGESCVWIPCISAAIGCSCKSKVCYKN,GIPCGESCVWIPCISAAIGCSCKSKVCYKN,yes,30,CyBase,CyBase\Cyclotide.fa,860,vinc_19,vinc_19,unclassified,unknown,,,,,unknown,unknown,,,,,unknown,cyclotide,,,,"{""header"": ""vinc_19"", ""sequence"": ""GIPCGESCVWIPCISAAIGCSCKSKVCYKN""}"
GIPCAETCIWRPCATAIIGCSCEKYMCYKN,GIPCAETCIWRPCATAIIGCSCEKYMCYKN,yes,30,CyBase,CyBase\Cyclotide.fa,861,vinc_20,vinc_20,unclassified,unknown,,,,,unknown,unknown,,,,,unknown,cyclotide,,,,"{""header"": ""vinc_20"", ""sequence"": ""GIPCAETCIWRPCATAIIGCSCEKYMCYKN""}"
GTMPCGESCVWIPCIITKPFGCSCKNNVCYN,GTMPCGESCVWIPCIITKPFGCSCKNNVCYN,yes,31,CyBase,CyBase\Cyclotide.fa,862,vinc_21,vinc_21,unclassified,unknown,,,,,unknown,unknown,,,,,unknown,cyclotide,,,,"{""header"": ""vinc_21"", ""sequence"": ""GTMPCGESCVWIPCIITKPFGCSCKNNVCYN""}"
GPILPCGESCAWIPCYKTVVPCFCRDRVCYTN,GPILPCGESCAWIPCYKTVVPCFCRDRVCYTN,yes,32,CyBase,CyBase\Cyclotide.fa,863,vinc_22,vinc_22,unclassified,unknown,,,,,unknown,unknown,,,,,unknown,cyclotide,,,,"{""header"": ""vinc_22"", ""sequence"": ""GPILPCGESCAWIPCYKTVVPCFCRDRVCYTN""}"
GVIPCAESCVFLPCVTVVLGCSCKDKVCYRN,GVIPCAESCVFLPCVTVVLGCSCKDKVCYRN,yes,31,CyBase,CyBase\Cyclotide.fa,864,vinc_23,vinc_23,unclassified,unknown,,,,,unknown,unknown,,,,,unknown,cyclotide,,,,"{""header"": ""vinc_23"", ""sequence"": ""GVIPCAESCVFLPCVTVVLGCSCKDKVCYRN""}"
GAPICGETCFQGACYTPGCTCDWPVCKRN,GAPICGETCFQGACYTPGCTCDWPVCKRN,yes,29,CyBase,CyBase\Cyclotide.fa,865,vinc_68,vinc_68,unclassified,unknown,,,,,unknown,unknown,,,,,unknown,cyclotide,,,,"{""header"": ""vinc_68"", ""sequence"": ""GAPICGETCFQGACYTPGCTCDWPVCKRN""}"
GISCFETCVFIPCVTTVVGCSCKDKKCYREN,GISCFETCVFIPCVTTVVGCSCKDKKCYREN,yes,31,CyBase,CyBase\Cyclotide.fa,866,vinc_67,vinc_67,unclassified,unknown,,,,,unknown,unknown,,,,,unknown,cyclotide,,,,"{""header"": ""vinc_67"", ""sequence"": ""GISCFETCVFIPCVTTVVGCSCKDKKCYREN""}"
GDFCRETCVITGCNTAKIGCVCFQNVCRKN,GDFCRETCVITGCNTAKIGCVCFQNVCRKN,yes,30,CyBase,CyBase\Cyclotide.fa,867,vinc_66,vinc_66,unclassified,unknown,,,,,unknown,unknown,,,,,unknown,cyclotide,,,,"{""header"": ""vinc_66"", ""sequence"": ""GDFCRETCVITGCNTAKIGCVCFQNVCRKN""}"
GIPCAESCVWIPCTVTALVGCSCSDKVCWN,GIPCAESCVWIPCTVTALVGCSCSDKVCWN,yes,30,CyBase,CyBase\Cyclotide.fa,868,vinc_65,vinc_65,unclassified,unknown,,,,,unknown,unknown,,,,,unknown,cyclotide,,,,"{""header"": ""vinc_65"", ""sequence"": ""GIPCAESCVWIPCTVTALVGCSCSDKVCWN""}"
GKPSCGETCLRLKCYTPGCTCNPLSKWWPLCLKN,GKPSCGETCLRLKCYTPGCTCNPLSKWWPLCLKN,yes,34,CyBase,CyBase\Cyclotide.fa,869,vinc_64,vinc_64,unclassified,unknown,,,,,unknown,unknown,,,,,unknown,cyclotide,,,,"{""header"": ""vinc_64"", ""sequence"": ""GKPSCGETCLRLKCYTPGCTCNPLSKWWPLCLKN""}"
GSIPACGETCFKGKCYTPGCSCSKYPLCSKN,GSIPACGETCFKGKCYTPGCSCSKYPLCSKN,yes,31,CyBase,CyBase\Cyclotide.fa,870,vinc_63,vinc_63,unclassified,unknown,,,,,unknown,unknown,,,,,unknown,cyclotide,,,,"{""header"": ""vinc_63"", ""sequence"": ""GSIPACGETCFKGKCYTPGCSCSKYPLCSKN""}"
GRLCGESCVIEATRAWCRTVGCTCSLQTLECFRN,GRLCGESCVIEATRAWCRTVGCTCSLQTLECFRN,yes,34,CyBase,CyBase\Cyclotide.fa,871,vinc_61,vinc_61,unclassified,unknown,,,,,unknown,unknown,,,,,unknown,cyclotide,,,,"{""header"": ""vinc_61"", ""sequence"": ""GRLCGESCVIEATRAWCRTVGCTCSLQTLECFRN""}"
GIVYCGETCGGTRCYTPGCSCRYPFCSKN,GIVYCGETCGGTRCYTPGCSCRYPFCSKN,yes,29,CyBase,CyBase\Cyclotide.fa,872,vinc_60,vinc_60,unclassified,unknown,,,,,unknown,unknown,,,,,unknown,cyclotide,,,,"{""header"": ""vinc_60"", ""sequence"": ""GIVYCGETCGGTRCYTPGCSCRYPFCSKN""}"
GVPCGESCVFIPCLTGVIGCSCSSNVCYLN,GVPCGESCVFIPCLTGVIGCSCSSNVCYLN,yes,30,CyBase,CyBase\Cyclotide.fa,873,vinc_24,vinc_24,unclassified,unknown,,,,,unknown,unknown,,,,,unknown,cyclotide,,,,"{""header"": ""vinc_24"", ""sequence"": ""GVPCGESCVFIPCLTGVIGCSCSSNVCYLN""}"
GKEVYCDETCVFIDCSGSCYCKFPGGCYHWDAD,GKEVYCDETCVFIDCSGSCYCKFPGGCYHWDAD,yes,33,CyBase,CyBase\Cyclotide.fa,874,vinc_25,vinc_25,unclassified,unknown,,,,,unknown,unknown,,,,,unknown,cyclotide,,,,"{""header"": ""vinc_25"", ""sequence"": ""GKEVYCDETCVFIDCSGSCYCKFPGGCYHWDAD""}"
GKEVYCGDTCVFSDCRSGCYCTFSGCYHWERD,GKEVYCGDTCVFSDCRSGCYCTFSGCYHWERD,yes,32,CyBase,CyBase\Cyclotide.fa,875,vinc_26,vinc_26,unclassified,unknown,,,,,unknown,unknown,,,,,unknown,cyclotide,,,,"{""header"": ""vinc_26"", ""sequence"": ""GKEVYCGDTCVFSDCRSGCYCTFSGCYHWERD""}"
GDYYACRESCHKTKCHTPGCICGWPGLCSKN,GDYYACRESCHKTKCHTPGCICGWPGLCSKN,yes,31,CyBase,CyBase\Cyclotide.fa,876,vinc_27,vinc_27,unclassified,unknown,,,,,unknown,unknown,,,,,unknown,cyclotide,,,,"{""header"": ""vinc_27"", ""sequence"": ""GDYYACRESCHKTKCHTPGCICGWPGLCSKN""}"
VIPCAESCVWIPCTVTALVGCSCSDKVCWN,VIPCAESCVWIPCTVTALVGCSCSDKVCWN,yes,30,CyBase,CyBase\Cyclotide.fa,877,vinc_28,vinc_28,unclassified,unknown,,,,,unknown,unknown,,,,,unknown,cyclotide,,,,"{""header"": ""vinc_28"", ""sequence"": ""VIPCAESCVWIPCTVTALVGCSCSDKVCWN""}"
GIPCAESCVWIPCTVTTIFGCKCKDKVCYN,GIPCAESCVWIPCTVTTIFGCKCKDKVCYN,yes,30,CyBase,CyBase\Cyclotide.fa,878,vinc_29,vinc_29,unclassified,unknown,,,,,unknown,unknown,,,,,unknown,cyclotide,,,,"{""header"": ""vinc_29"", ""sequence"": ""GIPCAESCVWIPCTVTTIFGCKCKDKVCYN""}"
GSTPCGESCVWIPCISSVVGCSCSNKVCYMN,GSTPCGESCVWIPCISSVVGCSCSNKVCYMN,yes,31,CyBase,CyBase\Cyclotide.fa,879,vinc_30,vinc_30,unclassified,unknown,,,,,unknown,unknown,,,,,unknown,cyclotide,,,,"{""header"": ""vinc_30"", ""sequence"": ""GSTPCGESCVWIPCISSVVGCSCSNKVCYMN""}"
GVPCGESCFYIRPCFFTAILACRCRAGVCFN,GVPCGESCFYIRPCFFTAILACRCRAGVCFN,yes,31,CyBase,CyBase\Cyclotide.fa,880,vinc_31,vinc_31,unclassified,unknown,,,,,unknown,unknown,,,,,unknown,cyclotide,,,,"{""header"": ""vinc_31"", ""sequence"": ""GVPCGESCFYIRPCFFTAILACRCRAGVCFN""}"
GVPVCGETCVTGSCYTPGCSCSWPVCTQN,GVPVCGETCVTGSCYTPGCSCSWPVCTQN,yes,29,CyBase,CyBase\Cyclotide.fa,881,vinc_58,vinc_58,unclassified,unknown,,,,,unknown,unknown,,,,,unknown,cyclotide,,,,"{""header"": ""vinc_58"", ""sequence"": ""GVPVCGETCVTGSCYTPGCSCSWPVCTQN""}"
GTIFDCGETCFLGKCYTPHCLCGKYKFCYGQD,GTIFDCGETCFLGKCYTPHCLCGKYKFCYGQD,yes,32,CyBase,CyBase\Cyclotide.fa,882,vinc_56,vinc_56,unclassified,unknown,,,,,unknown,unknown,,,,,unknown,cyclotide,,,,"{""header"": ""vinc_56"", ""sequence"": ""GTIFDCGETCFLGKCYTPHCLCGKYKFCYGQD""}"
GIPCGESCVFIPCITTIIGCSCSNKVCYTN,GIPCGESCVFIPCITTIIGCSCSNKVCYTN,yes,30,CyBase,CyBase\Cyclotide.fa,883,vinc_55,vinc_55,unclassified,unknown,,,,,unknown,unknown,,,,,unknown,cyclotide,,,,"{""header"": ""vinc_55"", ""sequence"": ""GIPCGESCVFIPCITTIIGCSCSNKVCYTN""}"
GSVPCGESCVWIPCISSLAGCSCSNKVCYLN,GSVPCGESCVWIPCISSLAGCSCSNKVCYLN,yes,31,CyBase,CyBase\Cyclotide.fa,884,vinc_54,vinc_54,unclassified,unknown,,,,,unknown,unknown,,,,,unknown,cyclotide,,,,"{""header"": ""vinc_54"", ""sequence"": ""GSVPCGESCVWIPCISSLAGCSCSNKVCYLN""}"
GISCGESCIFNPCISGAIGCSCMRKVCYRN,GISCGESCIFNPCISGAIGCSCMRKVCYRN,yes,30,CyBase,CyBase\Cyclotide.fa,885,vinc_53,vinc_53,unclassified,unknown,,,,,unknown,unknown,,,,,unknown,cyclotide,,,,"{""header"": ""vinc_53"", ""sequence"": ""GISCGESCIFNPCISGAIGCSCMRKVCYRN""}"
GIPCAESCVFLPCVTVVLGCSCKDKVCYN,GIPCAESCVFLPCVTVVLGCSCKDKVCYN,yes,29,CyBase,CyBase\Cyclotide.fa,886,vinc_52,vinc_52,unclassified,unknown,,,,,unknown,unknown,,,,,unknown,cyclotide,,,,"{""header"": ""vinc_52"", ""sequence"": ""GIPCAESCVFLPCVTVVLGCSCKDKVCYN""}"
GSIPCGESCVFIPCITTVLGCSCSNKVCYMN,GSIPCGESCVFIPCITTVLGCSCSNKVCYMN,yes,31,CyBase,CyBase\Cyclotide.fa,887,vinc_51,vinc_51,unclassified,unknown,,,,,unknown,unknown,,,,,unknown,cyclotide,,,,"{""header"": ""vinc_51"", ""sequence"": ""GSIPCGESCVFIPCITTVLGCSCSNKVCYMN""}"
GFTEPCGENCRILACGIPGCQCYKRVCYWN,GFTEPCGENCRILACGIPGCQCYKRVCYWN,yes,30,CyBase,CyBase\Cyclotide.fa,888,vinc_50,vinc_50,unclassified,unknown,,,,,unknown,unknown,,,,,unknown,cyclotide,,,,"{""header"": ""vinc_50"", ""sequence"": ""GFTEPCGENCRILACGIPGCQCYKRVCYWN""}"
GTVFDCGGESCFVFPCYSPDCLCGEYKFCYGKD,GTVFDCGGESCFVFPCYSPDCLCGEYKFCYGKD,yes,33,CyBase,CyBase\Cyclotide.fa,889,vinc_32,vinc_32,unclassified,unknown,,,,,unknown,unknown,,,,,unknown,cyclotide,,,,"{""header"": ""vinc_32"", ""sequence"": ""GTVFDCGGESCFVFPCYSPDCLCGEYKFCYGKD""}"
GTIFDCGETCLLGTCYTPGCSCGEYKVCYGTN,GTIFDCGETCLLGTCYTPGCSCGEYKVCYGTN,yes,32,CyBase,CyBase\Cyclotide.fa,890,vinc_33,vinc_33,unclassified,unknown,,,,,unknown,unknown,,,,,unknown,cyclotide,,,,"{""header"": ""vinc_33"", ""sequence"": ""GTIFDCGETCLLGTCYTPGCSCGEYKVCYGTN""}"
GTFPCGESCVFIPCISSVIGCACKSKVCYKN,GTFPCGESCVFIPCISSVIGCACKSKVCYKN,yes,31,CyBase,CyBase\Cyclotide.fa,891,vinc_34,vinc_34,unclassified,unknown,,,,,unknown,unknown,,,,,unknown,cyclotide,,,,"{""header"": ""vinc_34"", ""sequence"": ""GTFPCGESCVFIPCISSVIGCACKSKVCYKN""}"
GIPCGESCVWIPCLTSAIGCACKSKVCYRN,GIPCGESCVWIPCLTSAIGCACKSKVCYRN,yes,30,CyBase,CyBase\Cyclotide.fa,892,vinc_35,vinc_35,unclassified,unknown,,,,,unknown,unknown,,,,,unknown,cyclotide,,,,"{""header"": ""vinc_35"", ""sequence"": ""GIPCGESCVWIPCLTSAIGCACKSKVCYRN""}"
GTFPCGESCVFIPCISSVVGCSCKSKVCYRN,GTFPCGESCVFIPCISSVVGCSCKSKVCYRN,yes,31,CyBase,CyBase\Cyclotide.fa,893,vinc_36,vinc_36,unclassified,unknown,,,,,unknown,unknown,,,,,unknown,cyclotide,,,,"{""header"": ""vinc_36"", ""sequence"": ""GTFPCGESCVFIPCISSVVGCSCKSKVCYRN""}"
GRFCGEACSIFPCTGYGCVCDKSKRMCFRN,GRFCGEACSIFPCTGYGCVCDKSKRMCFRN,yes,30,CyBase,CyBase\Cyclotide.fa,894,vinc_37,vinc_37,unclassified,unknown,,,,,unknown,unknown,,,,,unknown,cyclotide,,,,"{""header"": ""vinc_37"", ""sequence"": ""GRFCGEACSIFPCTGYGCVCDKSKRMCFRN""}"
GLPICGETCVGGTCNTPGCGCSWPFCTRN,GLPICGETCVGGTCNTPGCGCSWPFCTRN,yes,29,CyBase,CyBase\Cyclotide.fa,895,vinc_38,vinc_38,unclassified,unknown,,,,,unknown,unknown,,,,,unknown,cyclotide,,,,"{""header"": ""vinc_38"", ""sequence"": ""GLPICGETCVGGTCNTPGCGCSWPFCTRN""}"
GLPVCGETCTLGTCYTAGCGCSWPVCTRN,GLPVCGETCTLGTCYTAGCGCSWPVCTRN,yes,29,CyBase,CyBase\Cyclotide.fa,896,vinc_39,vinc_39,unclassified,unknown,,,,,unknown,unknown,,,,,unknown,cyclotide,,,,"{""header"": ""vinc_39"", ""sequence"": ""GLPVCGETCTLGTCYTAGCGCSWPVCTRN""}"
GMPVCGETCVGGTCNTPGCGCSWPVCTRN,GMPVCGETCVGGTCNTPGCGCSWPVCTRN,yes,29,CyBase,CyBase\Cyclotide.fa,897,vinc_40,vinc_40,unclassified,unknown,,,,,unknown,unknown,,,,,unknown,cyclotide,,,,"{""header"": ""vinc_40"", ""sequence"": ""GMPVCGETCVGGTCNTPGCGCSWPVCTRN""}"
GRAVCGETCFTGICYTPICVCGKWDLCRMN,GRAVCGETCFTGICYTPICVCGKWDLCRMN,yes,30,CyBase,CyBase\Cyclotide.fa,898,vinc_41,vinc_41,unclassified,unknown,,,,,unknown,unknown,,,,,unknown,cyclotide,,,,"{""header"": ""vinc_41"", ""sequence"": ""GRAVCGETCFTGICYTPICVCGKWDLCRMN""}"
GSIFNCGDSCVLGTCYTPGCSCVYVLCSKN,GSIFNCGDSCVLGTCYTPGCSCVYVLCSKN,yes,30,CyBase,CyBase\Cyclotide.fa,899,vinc_42,vinc_42,unclassified,unknown,,,,,unknown,unknown,,,,,unknown,cyclotide,,,,"{""header"": ""vinc_42"", ""sequence"": ""GSIFNCGDSCVLGTCYTPGCSCVYVLCSKN""}"
GSISNCGESCVLGTCYTPGCSCVYGLCSKN,GSISNCGESCVLGTCYTPGCSCVYGLCSKN,yes,30,CyBase,CyBase\Cyclotide.fa,900,vinc_43,vinc_43,unclassified,unknown,,,,,unknown,unknown,,,,,unknown,cyclotide,,,,"{""header"": ""vinc_43"", ""sequence"": ""GSISNCGESCVLGTCYTPGCSCVYGLCSKN""}"
GIPCGESCVFIPCLTSAIGCSCSSKVCYRN,GIPCGESCVFIPCLTSAIGCSCSSKVCYRN,yes,30,CyBase,CyBase\Cyclotide.fa,901,vinc_44,vinc_44,unclassified,unknown,,,,,unknown,unknown,,,,,unknown,cyclotide,,,,"{""header"": ""vinc_44"", ""sequence"": ""GIPCGESCVFIPCLTSAIGCSCSSKVCYRN""}"
GIHCAETCIWGTCRTAIIGCSCENKICYKN,GIHCAETCIWGTCRTAIIGCSCENKICYKN,yes,30,CyBase,CyBase\Cyclotide.fa,902,vinc_45,vinc_45,unclassified,unknown,,,,,unknown,unknown,,,,,unknown,cyclotide,,,,"{""header"": ""vinc_45"", ""sequence"": ""GIHCAETCIWGTCRTAIIGCSCENKICYKN""}"
GLPICGETCAGGTCNTAGCTCSWPVCTRD,GLPICGETCAGGTCNTAGCTCSWPVCTRD,yes,29,CyBase,CyBase\Cyclotide.fa,903,vinc_46,vinc_46,unclassified,unknown,,,,,unknown,unknown,,,,,unknown,cyclotide,,,,"{""header"": ""vinc_46"", ""sequence"": ""GLPICGETCAGGTCNTAGCTCSWPVCTRD""}"
GIPCGESCVYIPCFTSMAGCSCSDKVCWHN,GIPCGESCVYIPCFTSMAGCSCSDKVCWHN,yes,30,CyBase,CyBase\Cyclotide.fa,904,vinc_47,vinc_47,unclassified,unknown,,,,,unknown,unknown,,,,,unknown,cyclotide,,,,"{""header"": ""vinc_47"", ""sequence"": ""GIPCGESCVYIPCFTSMAGCSCSDKVCWHN""}"
GLPVCGETCVGGTCDTPGCTCSWPVCTRN,GLPVCGETCVGGTCDTPGCTCSWPVCTRN,yes,29,CyBase,CyBase\Cyclotide.fa,905,vinc_48,vinc_48,unclassified,unknown,,,,,unknown,unknown,,,,,unknown,cyclotide,,,,"{""header"": ""vinc_48"", ""sequence"": ""GLPVCGETCVGGTCDTPGCTCSWPVCTRN""}"
KEICTLPLRDDPRLCGTCNPPGCTCSWPVCTRN,KEICTLPLRDDPRLCGTCNPPGCTCSWPVCTRN,yes,33,CyBase,CyBase\Cyclotide.fa,906,vinc_49,vinc_49,unclassified,unknown,,,,,unknown,unknown,,,,,unknown,cyclotide,,,,"{""header"": ""vinc_49"", ""sequence"": ""KEICTLPLRDDPRLCGTCNPPGCTCSWPVCTRN""}"
GKEVYCDETCVFTDCASGTGCYCKFTGCYYWD,GKEVYCDETCVFTDCASGTGCYCKFTGCYYWD,yes,32,CyBase,CyBase\Cyclotide.fa,907,vinc_62,vinc_62,unclassified,unknown,,,,,unknown,unknown,,,,,unknown,cyclotide,,,,"{""header"": ""vinc_62"", ""sequence"": ""GKEVYCDETCVFTDCASGTGCYCKFTGCYYWD""}"
GKFCLETCMTIPCHSRAGGCGCNSKWGVCVRL,GKFCLETCMTIPCHSRAGGCGCNSKWGVCVRL,yes,32,CyBase,CyBase\Cyclotide.fa,908,vinc_69,vinc_69,unclassified,unknown,,,,,unknown,unknown,,,,,unknown,cyclotide,,,,"{""header"": ""vinc_69"", ""sequence"": ""GKFCLETCMTIPCHSRAGGCGCNSKWGVCVRL""}"
GDCLDGVCLRKMTSTCANGEAGCQCASDGSC,GDCLDGVCLRKMTSTCANGEAGCQCASDGSC,yes,31,CyBase,CyBase\Cyclotide.fa,909,vinc_70,vinc_70,unclassified,unknown,,,,,unknown,unknown,,,,,unknown,cyclotide,,,,"{""header"": ""vinc_70"", ""sequence"": ""GDCLDGVCLRKMTSTCANGEAGCQCASDGSC""}"
GASCDDRSGMCLFKVCTAGLKGCSCLANGIKKCED,GASCDDRSGMCLFKVCTAGLKGCSCLANGIKKCED,yes,35,CyBase,CyBase\Cyclotide.fa,910,vinc_71,vinc_71,unclassified,unknown,,,,,unknown,unknown,,,,,unknown,cyclotide,,,,"{""header"": ""vinc_71"", ""sequence"": ""GASCDDRSGMCLFKVCTAGLKGCSCLANGIKKCED""}"
GFSCVGGSCVQTTCDVGSPGCSCLPGKKC,GFSCVGGSCVQTTCDVGSPGCSCLPGKKC,yes,29,CyBase,CyBase\Cyclotide.fa,911,vinc_72,vinc_72,unclassified,unknown,,,,,unknown,unknown,,,,,unknown,cyclotide,,,,"{""header"": ""vinc_72"", ""sequence"": ""GFSCVGGSCVQTTCDVGSPGCSCLPGKKC""}"
GLNGIPCGESCVFVSCISAVLGCSCTNKVCYIIR,GLNGIPCGESCVFVSCISAVLGCSCTNKVCYIIR,yes,34,CyBase,CyBase\Cyclotide.fa,912,vinc_73,vinc_73,unclassified,unknown,,,,,unknown,unknown,,,,,unknown,cyclotide,,,,"{""header"": ""vinc_73"", ""sequence"": ""GLNGIPCGESCVFVSCISAVLGCSCTNKVCYIIR""}"
GEQHNIEVSSCWETCLMKVCLSEFLNIGCRCVRGVCAKY,GEQHNIEVSSCWETCLMKVCLSEFLNIGCRCVRGVCAKY,yes,39,CyBase,CyBase\Cyclotide.fa,913,vinc_74,vinc_74,unclassified,unknown,,,,,unknown,unknown,,,,,unknown,cyclotide,,,,"{""header"": ""vinc_74"", ""sequence"": ""GEQHNIEVSSCWETCLMKVCLSEFLNIGCRCVRGVCAKY""}"
DHHIEEKCDETCFFGSCFNPNCRCQWPFACV,DHHIEEKCDETCFFGSCFNPNCRCQWPFACV,yes,31,CyBase,CyBase\Cyclotide.fa,914,vinc_75,vinc_75,unclassified,unknown,,,,,unknown,unknown,,,,,unknown,cyclotide,,,,"{""header"": ""vinc_75"", ""sequence"": ""DHHIEEKCDETCFFGSCFNPNCRCQWPFACV""}"
NTEVDCVETCFSGHCSDANCFCKWPVCAVRIY,NTEVDCVETCFSGHCSDANCFCKWPVCAVRIY,yes,32,CyBase,CyBase\Cyclotide.fa,915,vinc_76,vinc_76,unclassified,unknown,,,,,unknown,unknown,,,,,unknown,cyclotide,,,,"{""header"": ""vinc_76"", ""sequence"": ""NTEVDCVETCFSGHCSDANCFCKWPVCAVRIY""}"
GVFCGTCKYTRCIRGCRCSSNYCYRGIL,GVFCGTCKYTRCIRGCRCSSNYCYRGIL,yes,28,CyBase,CyBase\Cyclotide.fa,916,vinc_77,vinc_77,unclassified,unknown,,,,,unknown,unknown,,,,,unknown,cyclotide,,,,"{""header"": ""vinc_77"", ""sequence"": ""GVFCGTCKYTRCIRGCRCSSNYCYRGIL""}"
GSFCRETCYFIPCFSGLIGCSCKNQLCYK,GSFCRETCYFIPCFSGLIGCSCKNQLCYK,yes,29,CyBase,CyBase\Cyclotide.fa,917,vinc_78,vinc_78,unclassified,unknown,,,,,unknown,unknown,,,,,unknown,cyclotide,,,,"{""header"": ""vinc_78"", ""sequence"": ""GSFCRETCYFIPCFSGLIGCSCKNQLCYK""}"
GSQCYETCFLFPCFSGFLGCRCVNPLCKFQ,GSQCYETCFLFPCFSGFLGCRCVNPLCKFQ,yes,30,CyBase,CyBase\Cyclotide.fa,918,vinc_79,vinc_79,unclassified,unknown,,,,,unknown,unknown,,,,,unknown,cyclotide,,,,"{""header"": ""vinc_79"", ""sequence"": ""GSQCYETCFLFPCFSGFLGCRCVNPLCKFQ""}"
GSQCYETCFWFPCFSGGFGCRCINPLCKYVY,GSQCYETCFWFPCFSGGFGCRCINPLCKYVY,yes,31,CyBase,CyBase\Cyclotide.fa,919,vinc_80,vinc_80,unclassified,unknown,,,,,unknown,unknown,,,,,unknown,cyclotide,,,,"{""header"": ""vinc_80"", ""sequence"": ""GSQCYETCFWFPCFSGGFGCRCINPLCKYVY""}"
GETFICLETCFLLPCLGGFLGCRCINPLCKYVY,GETFICLETCFLLPCLGGFLGCRCINPLCKYVY,yes,33,CyBase,CyBase\Cyclotide.fa,920,vinc_81,vinc_81,unclassified,unknown,,,,,unknown,unknown,,,,,unknown,cyclotide,,,,"{""header"": ""vinc_81"", ""sequence"": ""GETFICLETCFLLPCLGGFLGCRCINPLCKYVY""}"
GAVVCGPSCGFGPFNCGINPSCKCNNNFCVMNRGG,GAVVCGPSCGFGPFNCGINPSCKCNNNFCVMNRGG,yes,35,CyBase,CyBase\Cyclotide.fa,921,vinc_82,vinc_82,unclassified,unknown,,,,,unknown,unknown,,,,,unknown,cyclotide,,,,"{""header"": ""vinc_82"", ""sequence"": ""GAVVCGPSCGFGPFNCGINPSCKCNNNFCVMNRGG""}"
GAFCWETCIFMPCVSKHIGCYCAWHYCVQD,GAFCWETCIFMPCVSKHIGCYCAWHYCVQD,yes,30,CyBase,CyBase\Cyclotide.fa,922,vinc_83,vinc_83,unclassified,unknown,,,,,unknown,unknown,,,,,unknown,cyclotide,,,,"{""header"": ""vinc_83"", ""sequence"": ""GAFCWETCIFMPCVSKHIGCYCAWHYCVQD""}"
DHHIEQFCFETCFFEWCVTNLFHCVCDWPLCKKR,DHHIEQFCFETCFFEWCVTNLFHCVCDWPLCKKR,yes,34,CyBase,CyBase\Cyclotide.fa,923,vinc_84,vinc_84,unclassified,unknown,,,,,unknown,unknown,,,,,unknown,cyclotide,,,,"{""header"": ""vinc_84"", ""sequence"": ""DHHIEQFCFETCFFEWCVTNLFHCVCDWPLCKKR""}"
DQEFYECKETCYLFPCLSQLWGCSCFTVTCGKL,DQEFYECKETCYLFPCLSQLWGCSCFTVTCGKL,yes,33,CyBase,CyBase\Cyclotide.fa,924,vinc_85,vinc_85,unclassified,unknown,,,,,unknown,unknown,,,,,unknown,cyclotide,,,,"{""header"": ""vinc_85"", ""sequence"": ""DQEFYECKETCYLFPCLSQLWGCSCFTVTCGKL""}"
DQEFYDCKETCYFFPCFSQLWGCSCLKVTCGKL,DQEFYDCKETCYFFPCFSQLWGCSCLKVTCGKL,yes,33,CyBase,CyBase\Cyclotide.fa,925,vinc_86,vinc_86,unclassified,unknown,,,,,unknown,unknown,,,,,unknown,cyclotide,,,,"{""header"": ""vinc_86"", ""sequence"": ""DQEFYDCKETCYFFPCFSQLWGCSCLKVTCGKL""}"
GSSCFESCVVFPCVTAGIGCSCVNMLCVI,GSSCFESCVVFPCVTAGIGCSCVNMLCVI,yes,29,CyBase,CyBase\Cyclotide.fa,926,vinc_87,vinc_87,unclassified,unknown,,,,,unknown,unknown,,,,,unknown,cyclotide,,,,"{""header"": ""vinc_87"", ""sequence"": ""GSSCFESCVVFPCVTAGIGCSCVNMLCVI""}"
QPISCGETCKFSSCFTRVFGCRCINKVCHT,QPISCGETCKFSSCFTRVFGCRCINKVCHT,yes,30,CyBase,CyBase\Cyclotide.fa,927,vinc_88,vinc_88,unclassified,unknown,,,,,unknown,unknown,,,,,unknown,cyclotide,,,,"{""header"": ""vinc_88"", ""sequence"": ""QPISCGETCKFSSCFTRVFGCRCINKVCHT""}"
GFATCVETCFFWPCLTQLLGCECIKVICGIRSH,GFATCVETCFFWPCLTQLLGCECIKVICGIRSH,yes,33,CyBase,CyBase\Cyclotide.fa,928,vinc_89,vinc_89,unclassified,unknown,,,,,unknown,unknown,,,,,unknown,cyclotide,,,,"{""header"": ""vinc_89"", ""sequence"": ""GFATCVETCFFWPCLTQLLGCECIKVICGIRSH""}"
KIESYECWETCLFFPCISQLYGCLCLDRICTHIGLT,KIESYECWETCLFFPCISQLYGCLCLDRICTHIGLT,yes,36,CyBase,CyBase\Cyclotide.fa,929,vinc_90,vinc_90,unclassified,unknown,,,,,unknown,unknown,,,,,unknown,cyclotide,,,,"{""header"": ""vinc_90"", ""sequence"": ""KIESYECWETCLFFPCISQLYGCLCLDRICTHIGLT""}"
GPSCAACGVANCVSYSSGCTCAACSAGYTL,GPSCAACGVANCVSYSSGCTCAACSAGYTL,yes,30,CyBase,CyBase\Cyclotide.fa,930,vinc_91,vinc_91,unclassified,unknown,,,,,unknown,unknown,,,,,unknown,cyclotide,,,,"{""header"": ""vinc_91"", ""sequence"": ""GPSCAACGVANCVSYSSGCTCAACSAGYTL""}"
EASCQDGVCLVTGCVRGKLGCACKTGNLCD,EASCQDGVCLVTGCVRGKLGCACKTGNLCD,yes,30,CyBase,CyBase\Cyclotide.fa,931,vinc_92,vinc_92,unclassified,unknown,,,,,unknown,unknown,,,,,unknown,cyclotide,,,,"{""header"": ""vinc_92"", ""sequence"": ""EASCQDGVCLVTGCVRGKLGCACKTGNLCD""}"
GVCNGGFCSMMFDGFTCSEVGGEAGCYCTPAR,GVCNGGFCSMMFDGFTCSEVGGEAGCYCTPAR,yes,32,CyBase,CyBase\Cyclotide.fa,932,vinc_93,vinc_93,unclassified,unknown,,,,,unknown,unknown,,,,,unknown,cyclotide,,,,"{""header"": ""vinc_93"", ""sequence"": ""GVCNGGFCSMMFDGFTCSEVGGEAGCYCTPAR""}"
GAKCIGGLLCGYSGACYAGDAGCRCGADDSCRD,GAKCIGGLLCGYSGACYAGDAGCRCGADDSCRD,yes,33,CyBase,CyBase\Cyclotide.fa,933,vinc_94,vinc_94,unclassified,unknown,,,,,unknown,unknown,,,,,unknown,cyclotide,,,,"{""header"": ""vinc_94"", ""sequence"": ""GAKCIGGLLCGYSGACYAGDAGCRCGADDSCRD""}"
GVAAACGETCFTSDCSDPACICIFWCAKFPH,GVAAACGETCFTSDCSDPACICIFWCAKFPH,yes,31,CyBase,CyBase\Cyclotide.fa,934,vinc_95,vinc_95,unclassified,unknown,,,,,unknown,unknown,,,,,unknown,cyclotide,,,,"{""header"": ""vinc_95"", ""sequence"": ""GVAAACGETCFTSDCSDPACICIFWCAKFPH""}"
GSRCPAILSAAACIRLCLQSSTGCRCSAFVCAAARTR,GSRCPAILSAAACIRLCLQSSTGCRCSAFVCAAARTR,yes,37,CyBase,CyBase\Cyclotide.fa,935,vinc_96,vinc_96,unclassified,unknown,,,,,unknown,unknown,,,,,unknown,cyclotide,,,,"{""header"": ""vinc_96"", ""sequence"": ""GSRCPAILSAAACIRLCLQSSTGCRCSAFVCAAARTR""}"
GLKCTEGFCAADCLAGTPGCTCRRAGTKLCLDDKA,GLKCTEGFCAADCLAGTPGCTCRRAGTKLCLDDKA,yes,35,CyBase,CyBase\Cyclotide.fa,936,vinc_97,vinc_97,unclassified,unknown,,,,,unknown,unknown,,,,,unknown,cyclotide,,,,"{""header"": ""vinc_97"", ""sequence"": ""GLKCTEGFCAADCLAGTPGCTCRRAGTKLCLDDKA""}"
GNSVCIDDVCVTEACPPATIGCPCYRDKLCDDGLT,GNSVCIDDVCVTEACPPATIGCPCYRDKLCDDGLT,yes,35,CyBase,CyBase\Cyclotide.fa,937,vinc_98,vinc_98,unclassified,unknown,,,,,unknown,unknown,,,,,unknown,cyclotide,,,,"{""header"": ""vinc_98"", ""sequence"": ""GNSVCIDDVCVTEACPPATIGCPCYRDKLCDDGLT""}"
GLKCDSNLKCMMENCLPGAPGCPCRNGACET,GLKCDSNLKCMMENCLPGAPGCPCRNGACET,yes,31,CyBase,CyBase\Cyclotide.fa,938,vinc_99,vinc_99,unclassified,unknown,,,,,unknown,unknown,,,,,unknown,cyclotide,,,,"{""header"": ""vinc_99"", ""sequence"": ""GLKCDSNLKCMMENCLPGAPGCPCRNGACET""}"
GNTCSGNVCVVKSTCEIGKAGCECDAKGACSD,GNTCSGNVCVVKSTCEIGKAGCECDAKGACSD,yes,32,CyBase,CyBase\Cyclotide.fa,939,vinc_100,vinc_100,unclassified,unknown,,,,,unknown,unknown,,,,,unknown,cyclotide,,,,"{""header"": ""vinc_100"", ""sequence"": ""GNTCSGNVCVVKSTCEIGKAGCECDAKGACSD""}"
GKSSCRDGFCVIDSTCTSGQAGCSCAVTGDACAT,GKSSCRDGFCVIDSTCTSGQAGCSCAVTGDACAT,yes,34,CyBase,CyBase\Cyclotide.fa,940,vinc_101,vinc_101,unclassified,unknown,,,,,unknown,unknown,,,,,unknown,cyclotide,,,,"{""header"": ""vinc_101"", ""sequence"": ""GKSSCRDGFCVIDSTCTSGQAGCSCAVTGDACAT""}"
GFACNPLINVCLAPRCADGTPGCRCHADNTCAQ,GFACNPLINVCLAPRCADGTPGCRCHADNTCAQ,yes,33,CyBase,CyBase\Cyclotide.fa,941,vinc_102,vinc_102,unclassified,unknown,,,,,unknown,unknown,,,,,unknown,cyclotide,,,,"{""header"": ""vinc_102"", ""sequence"": ""GFACNPLINVCLAPRCADGTPGCRCHADNTCAQ""}"
GFKCGANRICSQLSCPVGEPGCSCTDKDACLAV,GFKCGANRICSQLSCPVGEPGCSCTDKDACLAV,yes,33,CyBase,CyBase\Cyclotide.fa,942,vinc_103,vinc_103,unclassified,unknown,,,,,unknown,unknown,,,,,unknown,cyclotide,,,,"{""header"": ""vinc_103"", ""sequence"": ""GFKCGANRICSQLSCPVGEPGCSCTDKDACLAV""}"
GLTSCIETCFIIECRFPCSCISYMCHYTS,GLTSCIETCFIIECRFPCSCISYMCHYTS,yes,29,CyBase,CyBase\Cyclotide.fa,943,vinc_104,vinc_104,unclassified,unknown,,,,,unknown,unknown,,,,,unknown,cyclotide,,,,"{""header"": ""vinc_104"", ""sequence"": ""GLTSCIETCFIIECRFPCSCISYMCHYTS""}"
GNSKGLTSCIETCFIIECTYPCSCINYMCHY,GNSKGLTSCIETCFIIECTYPCSCINYMCHY,yes,31,CyBase,CyBase\Cyclotide.fa,944,vinc_105,vinc_105,unclassified,unknown,,,,,unknown,unknown,,,,,unknown,cyclotide,,,,"{""header"": ""vinc_105"", ""sequence"": ""GNSKGLTSCIETCFIIECTYPCSCINYMCHY""}"
DVVYCGESCTVSECSGFSPYCGCWDSYMNPGRFCIDMRR,DVVYCGESCTVSECSGFSPYCGCWDSYMNPGRFCIDMRR,yes,39,CyBase,CyBase\Cyclotide.fa,945,vinc_106,vinc_106,unclassified,unknown,,,,,unknown,unknown,,,,,unknown,cyclotide,,,,"{""header"": ""vinc_106"", ""sequence"": ""DVVYCGESCTVSECSGFSPYCGCWDSYMNPGRFCIDMRR""}"
GALQCVGQQCVVKSCAKGSTGCDCDTDGKCASANDV,GALQCVGQQCVVKSCAKGSTGCDCDTDGKCASANDV,yes,36,CyBase,CyBase\Cyclotide.fa,946,vinc_107,vinc_107,unclassified,unknown,,,,,unknown,unknown,,,,,unknown,cyclotide,,,,"{""header"": ""vinc_107"", ""sequence"": ""GALQCVGQQCVVKSCAKGSTGCDCDTDGKCASANDV""}"
GLVCSVSMRCATPTCAQGSIGCACNALGYCDE,GLVCSVSMRCATPTCAQGSIGCACNALGYCDE,yes,32,CyBase,CyBase\Cyclotide.fa,947,vinc_108,vinc_108,unclassified,unknown,,,,,unknown,unknown,,,,,unknown,cyclotide,,,,"{""header"": ""vinc_108"", ""sequence"": ""GLVCSVSMRCATPTCAQGSIGCACNALGYCDE""}"
GESCVWIPCISGAIGCSCKSKVCYRH,GESCVWIPCISGAIGCSCKSKVCYRH,yes,26,CyBase,CyBase\Cyclotide.fa,948,vinc_109,vinc_109,unclassified,unknown,,,,,unknown,unknown,,,,,unknown,cyclotide,,,,"{""header"": ""vinc_109"", ""sequence"": ""GESCVWIPCISGAIGCSCKSKVCYRH""}"
GIPCGESCVWIPCTVTALIGCSCSDKVCWSSLE,GIPCGESCVWIPCTVTALIGCSCSDKVCWSSLE,yes,33,CyBase,CyBase\Cyclotide.fa,949,vinc_110,vinc_110,unclassified,unknown,,,,,unknown,unknown,,,,,unknown,cyclotide,,,,"{""header"": ""vinc_110"", ""sequence"": ""GIPCGESCVWIPCTVTALIGCSCSDKVCWSSLE""}"
IELPCFETCIIFPCITGAFGCFCDFGICLFRV,IELPCFETCIIFPCITGAFGCFCDFGICLFRV,yes,32,CyBase,CyBase\Cyclotide.fa,950,vinc_111,vinc_111,unclassified,unknown,,,,,unknown,unknown,,,,,unknown,cyclotide,,,,"{""header"": ""vinc_111"", ""sequence"": ""IELPCFETCIIFPCITGAFGCFCDFGICLFRV""}"
GIPCGESCVWIPCFTSVFGCSCSNKVCYK,GIPCGESCVWIPCFTSVFGCSCSNKVCYK,yes,29,CyBase,CyBase\Cyclotide.fa,951,vinc_112,vinc_112,unclassified,unknown,,,,,unknown,unknown,,,,,unknown,cyclotide,,,,"{""header"": ""vinc_112"", ""sequence"": ""GIPCGESCVWIPCFTSVFGCSCSNKVCYK""}"
GSIPCGESCVWLPCITGFLGCVCSDKVCYYS,GSIPCGESCVWLPCITGFLGCVCSDKVCYYS,yes,31,CyBase,CyBase\Cyclotide.fa,952,vinc_113,vinc_113,unclassified,unknown,,,,,unknown,unknown,,,,,unknown,cyclotide,,,,"{""header"": ""vinc_113"", ""sequence"": ""GSIPCGESCVWLPCITGFLGCVCSDKVCYYS""}"
RCICTRGFCRCLCRRGVC,RCICTRGFCRCLCRRGVC,yes,18,CyBase,CyBase\Primate.fa,1,RTD-1,RTD-1,unclassified,unknown,,,,,unknown,unknown,,,,,unknown,peptide,,,,"{""header"": ""RTD-1"", ""sequence"": ""RCICTRGFCRCLCRRGVC""}"
GVCRCLCRRGVCRCLCRR,GVCRCLCRRGVCRCLCRR,yes,18,CyBase,CyBase\Primate.fa,2,RTD-2,RTD-2,unclassified,unknown,,,,,unknown,unknown,,,,,unknown,peptide,,,,"{""header"": ""RTD-2"", ""sequence"": ""GVCRCLCRRGVCRCLCRR""}"
GFCRCICTRGFCRCICTR,GFCRCICTRGFCRCICTR,yes,18,CyBase,CyBase\Primate.fa,3,RTD-3,RTD-3,unclassified,unknown,,,,,unknown,unknown,,,,,unknown,peptide,,,,"{""header"": ""RTD-3"", ""sequence"": ""GFCRCICTRGFCRCICTR""}"
MRTFALLTAMLLLVALHAQAEARQARADEAAAQQQPGTDDQGMAHSFTWPENAALPLSESAKGLRCICTRGFCRLL,MRTFALLTAMLLLVALHAQAEARQARADEAAAQQQPGTDDQGMAHSFTWPENAALPLSESAKGLRCICTRGFCRLL,yes,76,CyBase,CyBase\Primate.fa,4,RTD-1a,RTD-1a,unclassified,unknown,,,,,unknown,unknown,,,,,unknown,peptide,,,,"{""header"": ""RTD-1a"", ""sequence"": ""MRTFALLTAMLLLVALHAQAEARQARADEAAAQQQPGTDDQGMAHSFTWPENAALPLSESAKGLRCICTRGFCRLL""}"
MRTFALLTAMLLLVALHAQAEARQARADEAAAQQQPGADDQGMAHSFTRPENAALPLSESARGLRCLCRRGVCQLL,MRTFALLTAMLLLVALHAQAEARQARADEAAAQQQPGADDQGMAHSFTRPENAALPLSESARGLRCLCRRGVCQLL,yes,76,CyBase,CyBase\Primate.fa,5,RTD-1b,RTD-1b,unclassified,unknown,,,,,unknown,unknown,,,,,unknown,peptide,,,,"{""header"": ""RTD-1b"", ""sequence"": ""MRTFALLTAMLLLVALHAQAEARQARADEAAAQQQPGADDQGMAHSFTRPENAALPLSESARGLRCLCRRGVCQLL""}"
RCVCTRGF,RCVCTRGF,yes,8,CyBase,CyBase\Primate.fa,6,BTD-a,BTD-a,unclassified,unknown,,,,,unknown,unknown,,,,,unknown,peptide,,,,"{""header"": ""BTD-a"", ""sequence"": ""RCVCTRGF""}"
RCVCRRGVC,RCVCRRGVC,yes,9,CyBase,CyBase\Primate.fa,7,BTD-b,BTD-b,unclassified,unknown,,,,,unknown,unknown,,,,,unknown,peptide,,,,"{""header"": ""BTD-b"", ""sequence"": ""RCVCRRGVC""}"
RCICLLGIC,RCICLLGIC,yes,9,CyBase,CyBase\Primate.fa,8,BTD-c,BTD-c,unclassified,unknown,,,,,unknown,unknown,,,,,unknown,peptide,,,,"{""header"": ""BTD-c"", ""sequence"": ""RCICLLGIC""}"
RCFCRRGVC,RCFCRRGVC,yes,9,CyBase,CyBase\Primate.fa,9,BTD-d,BTD-d,unclassified,unknown,,,,,unknown,unknown,,,,,unknown,peptide,,,,"{""header"": ""BTD-d"", ""sequence"": ""RCFCRRGVC""}"
MKALLVLGFLLLSASVQAKVFKHCELARILRSSALAGYRGVSLENWMCMAQHESNFDTEAINYNSTDQSTDYGIFQINSRYWCNDGKTPRAVNACGIPCSALLQDDITQAIQCAKRVVRDPQGIRAWVAWQRHCQNRDLSGYIRNCGV,MKALLVLGFLLLSASVQAKVFKHCELARILRSSALAGYRGVSLENWMCMAQHESNFDTEAINYNSTDQSTDYGIFQINSRYWCNDGKTPRAVNACGIPCSALLQDDITQAIQCAKRVVRDPQGIRAWVAWQRHCQNRDLSGYIRNCGV,yes,148,AMPDB,AMPDB\filtered\unclassified\Antimicrobial_dataset.tsv,2,,,unclassified,positive,,,,,positive,unknown,,,,,unknown,No Target Organism Found,Rattus norvegicus (Rat),,,"{"" Acidic Amino Acid(s) Count"": ""19"", "" Aliphatic Index"": ""85.7432"", "" Antimicrobial Activity"": ""Antimicrobial;Bacteriolytic enzyme"", "" Aromaticity"": ""0.0878378"", "" BRENDA ID"": ""Not found"", "" Basic Amino Acid(s) Count"": ""12"", "" BindingDB ID"": ""Not found"", "" BioCyc ID"": ""Not found"", "" BioGRID ID"": ""Not found"", "" CCDS"": ""Not found"", "" ChEMBL ID"": ""Not found"", "" Charge (at pH 7)"": ""3.77982"", "" Counts"": ""{'A': 15, 'R': 11, 'N': 9, 'D': 8, 'C': 8, 'Q': 10, 'E': 4, 'G': 9, 'H': 3, 'I': 9, 'L': 13, 'K': 5, 'M': 3, 'F': 4, 'P': 3, 'S': 11, 'T': 5, 'W': 4, 'Y': 5, 'V': 9, 'O': 0, 'U': 0, 'B': 0, 'Z': 0, 'J': 0, 'X': 0}"", "" DIP ID"": ""Not found"", "" DrugBank ID"": ""Not found"", "" EMBL"": ""L12458;"", "" Ensembl ID"": ""Not found"", "" Enzymatic Activity"": ""Glycosidase;Hydrolase"", "" Frequencies"": ""{'A': 0.10135135135135136, 'R': 0.07432432432432433, 'N': 0.060810810810810814, 'D': 0.05405405405405406, 'C': 0.05405405405405406, 'Q': 0.06756756756756757, 'E': 0.02702702702702703, 'G': 0.060810810810810814, 'H': 0.02027027027027027, 'I': 0.060810810810810814, 'L': 0.08783783783783784, 'K': 0.033783783783783786, 'M': 0.02027027027027027, 'F': 0.02702702702702703, 'P': 0.02027027027027027, 'S': 0.07432432432432433, 'T': 0.033783783783783786, 'W': 0.02702702702702703, 'Y': 0.033783783783783786, 'V': 0.060810810810810814, 'O': 0.0, 'U': 0.0, 'B': 0.0, 'Z': 0.0, 'J': 0.0, 'X': 0.0}"", "" Gene names"": ""Lyz2"", "" GeneTree ID"": ""Not found"", "" Hydrophilic Amino Acid(s) Count"": ""79"", "" Hydrophobic Amino Acid(s) Count"": ""69"", "" Hydrophobic Moment"": ""0.844278"", "" Hydrophobicity (GRAVY)"": ""-0.177703"", "" Inhibitory Effect"": ""Not found"", "" Instability Index"": ""26.4878"", "" IntAct ID"": ""Not found"", "" InterPro ID"": ""IPR001916;IPR019799;IPR000974;IPR023346;IPR030056;"", "" Isoelectric Point"": ""8.39833"", "" KEGG ID"": ""Not found"", "" Length"": ""148"", "" Less Occurring Amino Acid(s)"": ""H; M; P"", "" MINT ID"": ""Not found"", "" Modified Amino Acid(s) Count"": ""0"", "" Modified Amino Acid(s) Frequencies"": ""0"", "" Molar Extinction Coefficient (cysteine|cystine)"": ""(29450, 29950)"", "" Molecular Mass"": ""16618"", "" Most Occurring Amino Acid(s)"": ""A"", "" Other Biological Activity"": ""Non-hemolytic;Non-ribosomal"", "" PANTHER ID"": ""PTHR11407;PTHR11407:SF28;"", "" PDB"": ""Not found"", "" PROSITE ID"": ""PS00128;PS51348;"", "" Protein existence"": ""Uncertain"", "" Protein families"": ""Glycosyl hydrolase 22 family"", "" Protein names"": ""Putative lysozyme C-2 (EC 3.2.1.17) (1;4-beta-N-acetylmuramidase C)"", "" PubMed ID"": ""8081549"", "" RNAct ID"": ""Not found"", "" RefSeq"": ""XP_006241454.1;"", "" STRING ID"": ""10116.ENSRNOP00000059657;"", "" Secondary Structure Fraction"": ""(0.2972972972972973, 0.21621621621621623, 0.2364864864864865)"", "" Sequence"": ""MKALLVLGFLLLSASVQAKVFKHCELARILRSSALAGYRGVSLENWMCMAQHESNFDTEAINYNSTDQSTDYGIFQINSRYWCNDGKTPRAVNACGIPCSALLQDDITQAIQCAKRVVRDPQGIRAWVAWQRHCQNRDLSGYIRNCGV"", "" Source organism"": ""Rattus norvegicus (Rat)"", "" UniProt ID"": ""Q05820"", "" target organism"": ""No Target Organism Found"", ""AMPDB_No_"": ""AMPDB_917""}"
MRIAVLFFTIFFFMSQVLPAKGKFKEICERPNGSCRDFCLETEIHVGRCLNSRPCCLPLGHQPRIESTTPKKD,MRIAVLFFTIFFFMSQVLPAKGKFKEICERPNGSCRDFCLETEIHVGRCLNSRPCCLPLGHQPRIESTTPKKD,yes,73,AMPDB,AMPDB\filtered\unclassified\Antimicrobial_dataset.tsv,3,,,unclassified,positive,,,,,positive,unknown,,,,,unknown,No Target Organism Found,Homo sapiens (Human),,,"{"" Acidic Amino Acid(s) Count"": ""13"", "" Aliphatic Index"": ""73.4247"", "" Antimicrobial Activity"": ""Antibiotic;Antimicrobial;Defensin"", "" Aromaticity"": ""0.0958904"", "" BRENDA ID"": ""Not found"", "" Basic Amino Acid(s) Count"": ""7"", "" BindingDB ID"": ""Not found"", "" BioCyc ID"": ""Not found"", "" BioGRID ID"": ""Not found"", "" CCDS"": ""Not found"", "" ChEMBL ID"": ""Not found"", "" Charge (at pH 7)"": ""3.81623"", "" Counts"": ""{'A': 2, 'R': 6, 'N': 2, 'D': 2, 'C': 6, 'Q': 2, 'E': 5, 'G': 4, 'H': 2, 'I': 5, 'L': 6, 'K': 5, 'M': 2, 'F': 7, 'P': 6, 'S': 4, 'T': 4, 'W': 0, 'Y': 0, 'V': 3, 'O': 0, 'U': 0, 'B': 0, 'Z': 0, 'J': 0, 'X': 0}"", "" DIP ID"": ""Not found"", "" DrugBank ID"": ""Not found"", "" EMBL"": ""AC130360;AF540980;"", "" Ensembl ID"": ""Not found"", "" Enzymatic Activity"": ""Not found"", "" Frequencies"": ""{'A': 0.0273972602739726, 'R': 0.0821917808219178, 'N': 0.0273972602739726, 'D': 0.0273972602739726, 'C': 0.0821917808219178, 'Q': 0.0273972602739726, 'E': 0.0684931506849315, 'G': 0.0547945205479452, 'H': 0.0273972602739726, 'I': 0.0684931506849315, 'L': 0.0821917808219178, 'K': 0.0684931506849315, 'M': 0.0273972602739726, 'F': 0.0958904109589041, 'P': 0.0821917808219178, 'S': 0.0547945205479452, 'T': 0.0547945205479452, 'W': 0.0, 'Y': 0.0, 'V': 0.0410958904109589, 'O': 0.0, 'U': 0.0, 'B': 0.0, 'Z': 0.0, 'J': 0.0, 'X': 0.0}"", "" Gene names"": ""DEFB108A DEFB108P1; DEFB108C DEFB108P2"", "" GeneTree ID"": ""Not found"", "" Hydrophilic Amino Acid(s) Count"": ""38"", "" Hydrophobic Amino Acid(s) Count"": ""35"", "" Hydrophobic Moment"": ""0.437753"", "" Hydrophobicity (GRAVY)"": ""-0.119178"", "" Inhibitory Effect"": ""Not found"", "" Instability Index"": ""54.8616"", "" IntAct ID"": ""Not found"", "" InterPro ID"": ""IPR025933;"", "" Isoelectric Point"": ""8.63433"", "" KEGG ID"": ""Not found"", "" Length"": ""73"", "" Less Occurring Amino Acid(s)"": ""A; D; H; M; N; Q"", "" MINT ID"": ""Not found"", "" Missing Amino Acid(s)"": ""W; Y"", "" Modified Amino Acid(s) Count"": ""0"", "" Modified Amino Acid(s) Frequencies"": ""0"", "" Molar Extinction Coefficient (cysteine|cystine)"": ""(0, 375)"", "" Molecular Mass"": ""8389.92"", "" Most Occurring Amino Acid(s)"": ""F"", "" Other Biological Activity"": ""Non-hemolytic;Non-ribosomal"", "" PANTHER ID"": ""Not found"", "" PDB"": ""Not found"", "" PROSITE ID"": ""Not found"", "" Protein existence"": ""Uncertain"", "" Protein families"": ""Beta-defensin family"", "" Protein names"": ""Putative beta-defensin 108A (Defensin; beta 108A) (Defensin; beta 108C) (Putative beta-defensin 108B pseudogene 1 2)"", "" PubMed ID"": ""16421571; 12734011"", "" RNAct ID"": ""A8MXU0;"", "" RefSeq"": ""Not found"", "" STRING ID"": ""Not found"", "" Secondary Structure Fraction"": ""(0.2876712328767123, 0.2191780821917808, 0.2054794520547945)"", "" Sequence"": ""MRIAVLFFTIFFFMSQVLPAKGKFKEICERPNGSCRDFCLETEIHVGRCLNSRPCCLPLGHQPRIESTTPKKD"", "" Source organism"": ""Homo sapiens (Human)"", "" UniProt ID"": ""A8MXU0"", "" target organism"": ""No Target Organism Found"", ""AMPDB_No_"": ""AMPDB_2983""}"
MRLHLLLLILLLFSILLSPVRGGLGPAEGHCLNLFGVCRTDVCNIVEDQIGACRRRMKCCRAWWILMPIPTPLIMSDYQEPLKPNLK,MRLHLLLLILLLFSILLSPVRGGLGPAEGHCLNLFGVCRTDVCNIVEDQIGACRRRMKCCRAWWILMPIPTPLIMSDYQEPLKPNLK,yes,87,AMPDB,AMPDB\filtered\unclassified\Antimicrobial_dataset.tsv,4,,,unclassified,positive,,,,,positive,unknown,,,,,unknown,No Target Organism Found,Homo sapiens (Human),,,"{"" Acidic Amino Acid(s) Count"": ""12"", "" Aliphatic Index"": ""124.368"", "" Antimicrobial Activity"": ""Antibiotic;Antimicrobial;Defensin"", "" Aromaticity"": ""0.0574713"", "" BRENDA ID"": ""Not found"", "" Basic Amino Acid(s) Count"": ""6"", "" BindingDB ID"": ""Not found"", "" BioCyc ID"": ""Not found"", "" BioGRID ID"": ""Not found"", "" CCDS"": ""Not found"", "" ChEMBL ID"": ""Not found"", "" Charge (at pH 7)"": ""3.81286"", "" Counts"": ""{'A': 3, 'R': 7, 'N': 3, 'D': 3, 'C': 6, 'Q': 2, 'E': 3, 'G': 6, 'H': 2, 'I': 7, 'L': 17, 'K': 3, 'M': 4, 'F': 2, 'P': 7, 'S': 3, 'T': 2, 'W': 2, 'Y': 1, 'V': 4, 'O': 0, 'U': 0, 'B': 0, 'Z': 0, 'J': 0, 'X': 0}"", "" DIP ID"": ""Not found"", "" DrugBank ID"": ""Not found"", "" EMBL"": ""DQ012013;"", "" Ensembl ID"": ""Not found"", "" Enzymatic Activity"": ""Not found"", "" Frequencies"": ""{'A': 0.034482758620689655, 'R': 0.08045977011494253, 'N': 0.034482758620689655, 'D': 0.034482758620689655, 'C': 0.06896551724137931, 'Q': 0.022988505747126436, 'E': 0.034482758620689655, 'G': 0.06896551724137931, 'H': 0.022988505747126436, 'I': 0.08045977011494253, 'L': 0.19540229885057472, 'K': 0.034482758620689655, 'M': 0.04597701149425287, 'F': 0.022988505747126436, 'P': 0.08045977011494253, 'S': 0.034482758620689655, 'T': 0.022988505747126436, 'W': 0.022988505747126436, 'Y': 0.011494252873563218, 'V': 0.04597701149425287, 'O': 0.0, 'U': 0.0, 'B': 0.0, 'Z': 0.0, 'J': 0.0, 'X': 0.0}"", "" Gene names"": ""DEFB109B DEFB109P1B"", "" GeneTree ID"": ""Not found"", "" Hydrophilic Amino Acid(s) Count"": ""35"", "" Hydrophobic Amino Acid(s) Count"": ""52"", "" Hydrophobic Moment"": ""0.469577"", "" Hydrophobicity (GRAVY)"": ""0.435632"", "" Inhibitory Effect"": ""Not found"", "" Instability Index"": ""62.7046"", "" IntAct ID"": ""Not found"", "" InterPro ID"": ""Not found"", "" Isoelectric Point"": ""8.62953"", "" KEGG ID"": ""Not found"", "" Length"": ""87"", "" Less Occurring Amino Acid(s)"": ""Y"", "" MINT ID"": ""Not found"", "" Modified Amino Acid(s) Count"": ""0"", "" Modified Amino Acid(s) Frequencies"": ""0"", "" Molar Extinction Coefficient (cysteine|cystine)"": ""(12490, 12865)"", "" Molecular Mass"": ""9886.04"", "" Most Occurring Amino Acid(s)"": ""L"", "" Other Biological Activity"": ""Non-hemolytic;Non-ribosomal"", "" PANTHER ID"": ""Not found"", "" PDB"": ""Not found"", "" PROSITE ID"": ""Not found"", "" Protein existence"": ""Uncertain"", "" Protein families"": ""Beta-defensin family"", "" Protein names"": ""Putative beta-defensin 109B (Defensin; beta 109; pseudogene 1B) (Defensin; beta 109B)"", "" PubMed ID"": ""16033865"", "" RNAct ID"": ""Q30KR1;"", "" RefSeq"": ""Not found"", "" STRING ID"": ""Not found"", "" Secondary Structure Fraction"": ""(0.3793103448275862, 0.21839080459770116, 0.3103448275862069)"", "" Sequence"": ""MRLHLLLLILLLFSILLSPVRGGLGPAEGHCLNLFGVCRTDVCNIVEDQIGACRRRMKCCRAWWILMPIPTPLIMSDYQEPLKPNLK"", "" Source organism"": ""Homo sapiens (Human)"", "" UniProt ID"": ""Q30KR1"", "" target organism"": ""No Target Organism Found"", ""AMPDB_No_"": ""AMPDB_4376""}"
MLRANVVVSLVIFAALMQCMNGKENITPWIYSMKQPVSCNREHSEIGICLSGIDDDIQNDGKCWKFCLMVAKSGGYNADK,MLRANVVVSLVIFAALMQCMNGKENITPWIYSMKQPVSCNREHSEIGICLSGIDDDIQNDGKCWKFCLMVAKSGGYNADK,yes,80,AMPDB,AMPDB\filtered\unclassified\Antimicrobial_dataset.tsv,5,,,unclassified,positive,,,,,positive,unknown,,,,,unknown,No Target Organism Found,Arabidopsis thaliana (Mouse-ear cress),,,"{"" Acidic Amino Acid(s) Count"": ""9"", "" Aliphatic Index"": ""86.5"", "" Antimicrobial Activity"": ""Antimicrobial;Fungicide;Plant defense"", "" Aromaticity"": ""0.075"", "" BRENDA ID"": ""Not found"", "" Basic Amino Acid(s) Count"": ""8"", "" BindingDB ID"": ""Not found"", "" BioCyc ID"": ""Not found"", "" BioGRID ID"": ""Not found"", "" CCDS"": ""Not found"", "" ChEMBL ID"": ""Not found"", "" Charge (at pH 7)"": ""-0.2169"", "" Counts"": ""{'A': 5, 'R': 2, 'N': 6, 'D': 5, 'C': 5, 'Q': 3, 'E': 3, 'G': 6, 'H': 1, 'I': 7, 'L': 5, 'K': 6, 'M': 5, 'F': 2, 'P': 2, 'S': 6, 'T': 1, 'W': 2, 'Y': 2, 'V': 6, 'O': 0, 'U': 0, 'B': 0, 'Z': 0, 'J': 0, 'X': 0}"", "" DIP ID"": ""Not found"", "" DrugBank ID"": ""Not found"", "" EMBL"": ""Z97335;AL161538;CP002687;"", "" Ensembl ID"": ""Not found"", "" Enzymatic Activity"": ""Not found"", "" Frequencies"": ""{'A': 0.0625, 'R': 0.025, 'N': 0.075, 'D': 0.0625, 'C': 0.0625, 'Q': 0.0375, 'E': 0.0375, 'G': 0.075, 'H': 0.0125, 'I': 0.0875, 'L': 0.0625, 'K': 0.075, 'M': 0.0625, 'F': 0.025, 'P': 0.025, 'S': 0.075, 'T': 0.0125, 'W': 0.025, 'Y': 0.025, 'V': 0.075, 'O': 0.0, 'U': 0.0, 'B': 0.0, 'Z': 0.0, 'J': 0.0, 'X': 0.0}"", "" Gene names"": ""At4g14272 dl3175w"", "" GeneTree ID"": ""Not found"", "" Hydrophilic Amino Acid(s) Count"": ""40"", "" Hydrophobic Amino Acid(s) Count"": ""40"", "" Hydrophobic Moment"": ""0.464854"", "" Hydrophobicity (GRAVY)"": ""0.02125"", "" Inhibitory Effect"": ""Not found"", "" Instability Index"": ""35.3375"", "" IntAct ID"": ""Not found"", "" InterPro ID"": ""Not found"", "" Isoelectric Point"": ""7.07945"", "" KEGG ID"": ""ath:AT4G14272;"", "" Length"": ""80"", "" Less Occurring Amino Acid(s)"": ""H; T"", "" MINT ID"": ""Not found"", "" Modified Amino Acid(s) Count"": ""0"", "" Modified Amino Acid(s) Frequencies"": ""0"", "" Molar Extinction Coefficient (cysteine|cystine)"": ""(13980, 14230)"", "" Molecular Mass"": ""8901.39"", "" Most Occurring Amino Acid(s)"": ""I"", "" Other Biological Activity"": ""Non-hemolytic;Non-ribosomal"", "" PANTHER ID"": ""Not found"", "" PDB"": ""Not found"", "" PROSITE ID"": ""Not found"", "" Protein existence"": ""Uncertain"", "" Protein families"": ""DEFL family"", "" Protein names"": ""Putative defensin-like protein 28"", "" PubMed ID"": ""9461215; 10617198; 27862469; 15955924"", "" RNAct ID"": ""Not found"", "" RefSeq"": ""NP_001031635.5;"", "" STRING ID"": ""Not found"", "" Secondary Structure Fraction"": ""(0.29999999999999993, 0.25, 0.225)"", "" Sequence"": ""MLRANVVVSLVIFAALMQCMNGKENITPWIYSMKQPVSCNREHSEIGICLSGIDDDIQNDGKCWKFCLMVAKSGGYNADK"", "" Source organism"": ""Arabidopsis thaliana (Mouse-ear cress)"", "" UniProt ID"": ""P0CAY0"", "" target organism"": ""No Target Organism Found"", ""AMPDB_No_"": ""AMPDB_34740""}"
MNWELCDDYPSKAPPETCNKVDGARRCRTSCNNEGYGGANCNLKGKVKVCECTILRVCLPHHKRPPHVPKPPK,MNWELCDDYPSKAPPETCNKVDGARRCRTSCNNEGYGGANCNLKGKVKVCECTILRVCLPHHKRPPHVPKPPK,yes,73,AMPDB,AMPDB\filtered\unclassified\Antimicrobial_dataset.tsv,6,,,unclassified,positive,,,,,positive,unknown,,,,,unknown,No Target Organism Found,Arabidopsis thaliana (Mouse-ear cress),,,"{"" Acidic Amino Acid(s) Count"": ""16"", "" Aliphatic Index"": ""50.6849"", "" Antimicrobial Activity"": ""Antimicrobial;Fungicide;Plant defense"", "" Aromaticity"": ""0.0410959"", "" BRENDA ID"": ""Not found"", "" Basic Amino Acid(s) Count"": ""7"", "" BindingDB ID"": ""Not found"", "" BioCyc ID"": ""Not found"", "" BioGRID ID"": ""Not found"", "" CCDS"": ""Not found"", "" ChEMBL ID"": ""Not found"", "" Charge (at pH 7)"": ""5.77928"", "" Counts"": ""{'A': 3, 'R': 5, 'N': 6, 'D': 3, 'C': 8, 'Q': 0, 'E': 4, 'G': 5, 'H': 3, 'I': 1, 'L': 4, 'K': 8, 'M': 1, 'F': 0, 'P': 9, 'S': 2, 'T': 3, 'W': 1, 'Y': 2, 'V': 5, 'O': 0, 'U': 0, 'B': 0, 'Z': 0, 'J': 0, 'X': 0}"", "" DIP ID"": ""Not found"", "" DrugBank ID"": ""Not found"", "" EMBL"": ""AP000381;CP002686;"", "" Ensembl ID"": ""Not found"", "" Enzymatic Activity"": ""Not found"", "" Frequencies"": ""{'A': 0.0410958904109589, 'R': 0.0684931506849315, 'N': 0.0821917808219178, 'D': 0.0410958904109589, 'C': 0.1095890410958904, 'Q': 0.0, 'E': 0.0547945205479452, 'G': 0.0684931506849315, 'H': 0.0410958904109589, 'I': 0.0136986301369863, 'L': 0.0547945205479452, 'K': 0.1095890410958904, 'M': 0.0136986301369863, 'F': 0.0, 'P': 0.1232876712328767, 'S': 0.0273972602739726, 'T': 0.0410958904109589, 'W': 0.0136986301369863, 'Y': 0.0273972602739726, 'V': 0.0684931506849315, 'O': 0.0, 'U': 0.0, 'B': 0.0, 'Z': 0.0, 'J': 0.0, 'X': 0.0}"", "" Gene names"": ""At3g27283 K17E12"", "" GeneTree ID"": ""Not found"", "" Hydrophilic Amino Acid(s) Count"": ""44"", "" Hydrophobic Amino Acid(s) Count"": ""29"", "" Hydrophobic Moment"": ""0.517585"", "" Hydrophobicity (GRAVY)"": ""-0.882192"", "" Inhibitory Effect"": ""Not found"", "" Instability Index"": ""64.1041"", "" IntAct ID"": ""Not found"", "" InterPro ID"": ""Not found"", "" Isoelectric Point"": ""8.77982"", "" KEGG ID"": ""Not found"", "" Length"": ""73"", "" Less Occurring Amino Acid(s)"": ""I; M; W"", "" MINT ID"": ""Not found"", "" Missing Amino Acid(s)"": ""F; Q"", "" Modified Amino Acid(s) Count"": ""0"", "" Modified Amino Acid(s) Frequencies"": ""0"", "" Molar Extinction Coefficient (cysteine|cystine)"": ""(8480, 8980)"", "" Molecular Mass"": ""8162.47"", "" Most Occurring Amino Acid(s)"": ""P"", "" Other Biological Activity"": ""Non-hemolytic;Non-ribosomal"", "" PANTHER ID"": ""Not found"", "" PDB"": ""Not found"", "" PROSITE ID"": ""Not found"", "" Protein existence"": ""Uncertain"", "" Protein families"": ""DEFL family"", "" Protein names"": ""Putative defensin-like protein 42"", "" PubMed ID"": ""10907853; 27862469; 15955924"", "" RNAct ID"": ""Not found"", "" RefSeq"": ""Not found"", "" STRING ID"": ""Not found"", "" Secondary Structure Fraction"": ""(0.1780821917808219, 0.3013698630136986, 0.1643835616438356)"", "" Sequence"": ""MNWELCDDYPSKAPPETCNKVDGARRCRTSCNNEGYGGANCNLKGKVKVCECTILRVCLPHHKRPPHVPKPPK"", "" Source organism"": ""Arabidopsis thaliana (Mouse-ear cress)"", "" UniProt ID"": ""P0CAY1"", "" target organism"": ""No Target Organism Found"", ""AMPDB_No_"": ""AMPDB_34741""}"
MFSQNICMWRDCFARCSPGYYERFECFHDCITKGYDDGNCVPGPKTGRCCCTR,MFSQNICMWRDCFARCSPGYYERFECFHDCITKGYDDGNCVPGPKTGRCCCTR,yes,53,AMPDB,AMPDB\filtered\unclassified\Antimicrobial_dataset.tsv,7,,,unclassified,positive,,,,,positive,unknown,,,,,unknown,No Target Organism Found,Arabidopsis thaliana (Mouse-ear cress),,,"{"" Acidic Amino Acid(s) Count"": ""8"", "" Aliphatic Index"": ""22.0755"", "" Antimicrobial Activity"": ""Antimicrobial;Fungicide;Plant defense"", "" Aromaticity"": ""0.150943"", "" BRENDA ID"": ""Not found"", "" Basic Amino Acid(s) Count"": ""6"", "" BindingDB ID"": ""Not found"", "" BioCyc ID"": ""Not found"", "" BioGRID ID"": ""Not found"", "" CCDS"": ""Not found"", "" ChEMBL ID"": ""Not found"", "" Charge (at pH 7)"": ""0.533299"", "" Counts"": ""{'A': 1, 'R': 5, 'N': 2, 'D': 4, 'C': 9, 'Q': 1, 'E': 2, 'G': 5, 'H': 1, 'I': 2, 'L': 0, 'K': 2, 'M': 2, 'F': 4, 'P': 3, 'S': 2, 'T': 3, 'W': 1, 'Y': 3, 'V': 1, 'O': 0, 'U': 0, 'B': 0, 'Z': 0, 'J': 0, 'X': 0}"", "" DIP ID"": ""Not found"", "" DrugBank ID"": ""Not found"", "" EMBL"": ""AC002341;CP002685;"", "" Ensembl ID"": ""Not found"", "" Enzymatic Activity"": ""Not found"", "" Frequencies"": ""{'A': 0.018867924528301886, 'R': 0.09433962264150944, 'N': 0.03773584905660377, 'D': 0.07547169811320754, 'C': 0.16981132075471697, 'Q': 0.018867924528301886, 'E': 0.03773584905660377, 'G': 0.09433962264150944, 'H': 0.018867924528301886, 'I': 0.03773584905660377, 'L': 0.0, 'K': 0.03773584905660377, 'M': 0.03773584905660377, 'F': 0.07547169811320754, 'P': 0.05660377358490566, 'S': 0.03773584905660377, 'T': 0.05660377358490566, 'W': 0.018867924528301886, 'Y': 0.05660377358490566, 'V': 0.018867924528301886, 'O': 0.0, 'U': 0.0, 'B': 0.0, 'Z': 0.0, 'J': 0.0, 'X': 0.0}"", "" Gene names"": ""At2g34135 T14G11"", "" GeneTree ID"": ""Not found"", "" Hydrophilic Amino Acid(s) Count"": ""34"", "" Hydrophobic Amino Acid(s) Count"": ""19"", "" Hydrophobic Moment"": ""0.561022"", "" Hydrophobicity (GRAVY)"": ""-0.524528"", "" Inhibitory Effect"": ""Not found"", "" Instability Index"": ""49.6509"", "" IntAct ID"": ""Not found"", "" InterPro ID"": ""Not found"", "" Isoelectric Point"": ""7.58633"", "" KEGG ID"": ""Not found"", "" Length"": ""53"", "" Less Occurring Amino Acid(s)"": ""A; H; Q; V; W"", "" MINT ID"": ""Not found"", "" Missing Amino Acid(s)"": ""L"", "" Modified Amino Acid(s) Count"": ""0"", "" Modified Amino Acid(s) Frequencies"": ""0"", "" Molar Extinction Coefficient (cysteine|cystine)"": ""(9970, 10470)"", "" Molecular Mass"": ""6173.06"", "" Most Occurring Amino Acid(s)"": ""C"", "" Other Biological Activity"": ""Non-hemolytic;Non-ribosomal"", "" PANTHER ID"": ""Not found"", "" PDB"": ""Not found"", "" PROSITE ID"": ""Not found"", "" Protein existence"": ""Uncertain"", "" Protein families"": ""DEFL family"", "" Protein names"": ""Putative defensin-like protein 53"", "" PubMed ID"": ""10617197; 27862469; 15955924"", "" RNAct ID"": ""Not found"", "" RefSeq"": ""Not found"", "" STRING ID"": ""Not found"", "" Secondary Structure Fraction"": ""(0.20754716981132076, 0.22641509433962265, 0.09433962264150943)"", "" Sequence"": ""MFSQNICMWRDCFARCSPGYYERFECFHDCITKGYDDGNCVPGPKTGRCCCTR"", "" Source organism"": ""Arabidopsis thaliana (Mouse-ear cress)"", "" UniProt ID"": ""P0CAY2"", "" target organism"": ""No Target Organism Found"", ""AMPDB_No_"": ""AMPDB_34742""}"
MLMACYSAGQLGCLVFCNEAEYSYGKCIGRGRCCCYDL,MLMACYSAGQLGCLVFCNEAEYSYGKCIGRGRCCCYDL,yes,38,AMPDB,AMPDB\filtered\unclassified\Antimicrobial_dataset.tsv,8,,,unclassified,positive,,,,,positive,unknown,,,,,unknown,No Target Organism Found,Arabidopsis thaliana (Mouse-ear cress),,,"{"" Acidic Amino Acid(s) Count"": ""3"", "" Aliphatic Index"": ""66.8421"", "" Antimicrobial Activity"": ""Antimicrobial;Fungicide;Plant defense"", "" Aromaticity"": ""0.131579"", "" BRENDA ID"": ""Not found"", "" Basic Amino Acid(s) Count"": ""3"", "" BindingDB ID"": ""Not found"", "" BioCyc ID"": ""Not found"", "" BioGRID ID"": ""Not found"", "" CCDS"": ""Not found"", "" ChEMBL ID"": ""Not found"", "" Charge (at pH 7)"": ""-0.435545"", "" Counts"": ""{'A': 3, 'R': 2, 'N': 1, 'D': 1, 'C': 7, 'Q': 1, 'E': 2, 'G': 5, 'H': 0, 'I': 1, 'L': 4, 'K': 1, 'M': 2, 'F': 1, 'P': 0, 'S': 2, 'T': 0, 'W': 0, 'Y': 4, 'V': 1, 'O': 0, 'U': 0, 'B': 0, 'Z': 0, 'J': 0, 'X': 0}"", "" DIP ID"": ""Not found"", "" DrugBank ID"": ""Not found"", "" EMBL"": ""AC005882;CP002684;"", "" Ensembl ID"": ""Not found"", "" Enzymatic Activity"": ""Not found"", "" Frequencies"": ""{'A': 0.07894736842105263, 'R': 0.05263157894736842, 'N': 0.02631578947368421, 'D': 0.02631578947368421, 'C': 0.18421052631578946, 'Q': 0.02631578947368421, 'E': 0.05263157894736842, 'G': 0.13157894736842105, 'H': 0.0, 'I': 0.02631578947368421, 'L': 0.10526315789473684, 'K': 0.02631578947368421, 'M': 0.05263157894736842, 'F': 0.02631578947368421, 'P': 0.0, 'S': 0.05263157894736842, 'T': 0.0, 'W': 0.0, 'Y': 0.10526315789473684, 'V': 0.02631578947368421, 'O': 0.0, 'U': 0.0, 'B': 0.0, 'Z': 0.0, 'J': 0.0, 'X': 0.0}"", "" Gene names"": ""At1g61685 T13M11"", "" GeneTree ID"": ""Not found"", "" Hydrophilic Amino Acid(s) Count"": ""21"", "" Hydrophobic Amino Acid(s) Count"": ""17"", "" Hydrophobic Moment"": ""0.458723"", "" Hydrophobicity (GRAVY)"": ""0.373684"", "" Inhibitory Effect"": ""Not found"", "" Instability Index"": ""29.1447"", "" IntAct ID"": ""Not found"", "" InterPro ID"": ""Not found"", "" Isoelectric Point"": ""6.0848"", "" KEGG ID"": ""Not found"", "" Length"": ""38"", "" Less Occurring Amino Acid(s)"": ""D; F; I; K; N; Q; V"", "" MINT ID"": ""Not found"", "" Missing Amino Acid(s)"": ""H; P; T; W"", "" Modified Amino Acid(s) Count"": ""0"", "" Modified Amino Acid(s) Frequencies"": ""0"", "" Molar Extinction Coefficient (cysteine|cystine)"": ""(5960, 6335)"", "" Molecular Mass"": ""4195.94"", "" Most Occurring Amino Acid(s)"": ""C"", "" Other Biological Activity"": ""Non-hemolytic;Non-ribosomal"", "" PANTHER ID"": ""Not found"", "" PDB"": ""Not found"", "" PROSITE ID"": ""Not found"", "" Protein existence"": ""Uncertain"", "" Protein families"": ""DEFL family"", "" Protein names"": ""Putative defensin-like protein 105"", "" PubMed ID"": ""11130712; 27862469; 15955924"", "" RNAct ID"": ""Not found"", "" RefSeq"": ""Not found"", "" STRING ID"": ""Not found"", "" Secondary Structure Fraction"": ""(0.2894736842105263, 0.21052631578947367, 0.2894736842105263)"", "" Sequence"": ""MLMACYSAGQLGCLVFCNEAEYSYGKCIGRGRCCCYDL"", "" Source organism"": ""Arabidopsis thaliana (Mouse-ear cress)"", "" UniProt ID"": ""P0CAY3"", "" target organism"": ""No Target Organism Found"", ""AMPDB_No_"": ""AMPDB_34743""}"
MIIVIIFLVIYFNNQLYMCVSSTCVIQWCAIQCKRKEANGIGTCKPRPNQGKIQYRKLKEECHCVYKCS,MIIVIIFLVIYFNNQLYMCVSSTCVIQWCAIQCKRKEANGIGTCKPRPNQGKIQYRKLKEECHCVYKCS,yes,69,AMPDB,AMPDB\filtered\unclassified\Antimicrobial_dataset.tsv,9,,,unclassified,positive,,,,,positive,unknown,,,,,unknown,No Target Organism Found,Arabidopsis thaliana (Mouse-ear cress),,,"{"" Acidic Amino Acid(s) Count"": ""11"", "" Aliphatic Index"": ""91.7391"", "" Antimicrobial Activity"": ""Antimicrobial;Fungicide;Plant defense"", "" Aromaticity"": ""0.101449"", "" BRENDA ID"": ""Not found"", "" Basic Amino Acid(s) Count"": ""3"", "" BindingDB ID"": ""Not found"", "" BioCyc ID"": ""Not found"", "" BioGRID ID"": ""Not found"", "" CCDS"": ""Not found"", "" ChEMBL ID"": ""Not found"", "" Charge (at pH 7)"": ""6.59294"", "" Counts"": ""{'A': 2, 'R': 3, 'N': 4, 'D': 0, 'C': 8, 'Q': 5, 'E': 3, 'G': 3, 'H': 1, 'I': 9, 'L': 3, 'K': 7, 'M': 2, 'F': 2, 'P': 2, 'S': 3, 'T': 2, 'W': 1, 'Y': 4, 'V': 5, 'O': 0, 'U': 0, 'B': 0, 'Z': 0, 'J': 0, 'X': 0}"", "" DIP ID"": ""Not found"", "" DrugBank ID"": ""Not found"", "" EMBL"": ""AC025294;CP002684;EF182842;"", "" Ensembl ID"": ""Not found"", "" Enzymatic Activity"": ""Not found"", "" Frequencies"": ""{'A': 0.028985507246376812, 'R': 0.043478260869565216, 'N': 0.057971014492753624, 'D': 0.0, 'C': 0.11594202898550725, 'Q': 0.07246376811594203, 'E': 0.043478260869565216, 'G': 0.043478260869565216, 'H': 0.014492753623188406, 'I': 0.13043478260869565, 'L': 0.043478260869565216, 'K': 0.10144927536231885, 'M': 0.028985507246376812, 'F': 0.028985507246376812, 'P': 0.028985507246376812, 'S': 0.043478260869565216, 'T': 0.028985507246376812, 'W': 0.014492753623188406, 'Y': 0.057971014492753624, 'V': 0.07246376811594203, 'O': 0.0, 'U': 0.0, 'B': 0.0, 'Z': 0.0, 'J': 0.0, 'X': 0.0}"", "" Gene names"": ""At1g51802 F19C24"", "" GeneTree ID"": ""Not found"", "" Hydrophilic Amino Acid(s) Count"": ""40"", "" Hydrophobic Amino Acid(s) Count"": ""29"", "" Hydrophobic Moment"": ""0.529874"", "" Hydrophobicity (GRAVY)"": ""0.0811594"", "" Inhibitory Effect"": ""Not found"", "" Instability Index"": ""18.1783"", "" IntAct ID"": ""Not found"", "" InterPro ID"": ""Not found"", "" Isoelectric Point"": ""8.95923"", "" KEGG ID"": ""Not found"", "" Length"": ""69"", "" Less Occurring Amino Acid(s)"": ""H; W"", "" MINT ID"": ""Not found"", "" Missing Amino Acid(s)"": ""D"", "" Modified Amino Acid(s) Count"": ""0"", "" Modified Amino Acid(s) Frequencies"": ""0"", "" Molar Extinction Coefficient (cysteine|cystine)"": ""(11460, 11960)"", "" Molecular Mass"": ""8050.69"", "" Most Occurring Amino Acid(s)"": ""I"", "" Other Biological Activity"": ""Non-hemolytic;Non-ribosomal"", "" PANTHER ID"": ""Not found"", "" PDB"": ""Not found"", "" PROSITE ID"": ""Not found"", "" Protein existence"": ""Uncertain"", "" Protein families"": ""DEFL family"", "" Protein names"": ""Defensin-like protein 166"", "" PubMed ID"": ""11130712; 27862469; 17565583; 15955924"", "" RNAct ID"": ""Not found"", "" RefSeq"": ""Not found"", "" STRING ID"": ""Not found"", "" Secondary Structure Fraction"": ""(0.34782608695652173, 0.17391304347826086, 0.14492753623188406)"", "" Sequence"": ""MIIVIIFLVIYFNNQLYMCVSSTCVIQWCAIQCKRKEANGIGTCKPRPNQGKIQYRKLKEECHCVYKCS"", "" Source organism"": ""Arabidopsis thaliana (Mouse-ear cress)"", "" UniProt ID"": ""P0CAY5"", "" target organism"": ""No Target Organism Found"", ""AMPDB_No_"": ""AMPDB_34745""}"
MLLETDASRNKPSSYIPLCGSDNSCGGLWCPRKGGKYSCISMTCDIQEDCPKLVRCKDSPGPYCMEGFCTC,MLLETDASRNKPSSYIPLCGSDNSCGGLWCPRKGGKYSCISMTCDIQEDCPKLVRCKDSPGPYCMEGFCTC,yes,71,AMPDB,AMPDB\filtered\unclassified\Antimicrobial_dataset.tsv,10,,,unclassified,positive,,,,,positive,unknown,,,,,unknown,No Target Organism Found,Arabidopsis thaliana (Mouse-ear cress),,,"{"" Acidic Amino Acid(s) Count"": ""8"", "" Aliphatic Index"": ""49.4366"", "" Antimicrobial Activity"": ""Antimicrobial;Fungicide;Plant defense"", "" Aromaticity"": ""0.0704225"", "" BRENDA ID"": ""Not found"", "" Basic Amino Acid(s) Count"": ""8"", "" BindingDB ID"": ""Not found"", "" BioCyc ID"": ""Not found"", "" BioGRID ID"": ""Not found"", "" CCDS"": ""Not found"", "" ChEMBL ID"": ""Not found"", "" Charge (at pH 7)"": ""-0.618241"", "" Counts"": ""{'A': 1, 'R': 3, 'N': 2, 'D': 5, 'C': 10, 'Q': 1, 'E': 3, 'G': 7, 'H': 0, 'I': 3, 'L': 5, 'K': 5, 'M': 3, 'F': 1, 'P': 6, 'S': 8, 'T': 3, 'W': 1, 'Y': 3, 'V': 1, 'O': 0, 'U': 0, 'B': 0, 'Z': 0, 'J': 0, 'X': 0}"", "" DIP ID"": ""Not found"", "" DrugBank ID"": ""Not found"", "" EMBL"": ""AC007167;AC007178;CP002685;EF182803;"", "" Ensembl ID"": ""Not found"", "" Enzymatic Activity"": ""Not found"", "" Frequencies"": ""{'A': 0.014084507042253521, 'R': 0.04225352112676056, 'N': 0.028169014084507043, 'D': 0.07042253521126761, 'C': 0.14084507042253522, 'Q': 0.014084507042253521, 'E': 0.04225352112676056, 'G': 0.09859154929577464, 'H': 0.0, 'I': 0.04225352112676056, 'L': 0.07042253521126761, 'K': 0.07042253521126761, 'M': 0.04225352112676056, 'F': 0.014084507042253521, 'P': 0.08450704225352113, 'S': 0.11267605633802817, 'T': 0.04225352112676056, 'W': 0.014084507042253521, 'Y': 0.04225352112676056, 'V': 0.014084507042253521, 'O': 0.0, 'U': 0.0, 'B': 0.0, 'Z': 0.0, 'J': 0.0, 'X': 0.0}"", "" Gene names"": ""At2g04033 F3C11 F3L12"", "" GeneTree ID"": ""Not found"", "" Hydrophilic Amino Acid(s) Count"": ""43"", "" Hydrophobic Amino Acid(s) Count"": ""28"", "" Hydrophobic Moment"": ""0.666448"", "" Hydrophobicity (GRAVY)"": ""-0.35493"", "" Inhibitory Effect"": ""Not found"", "" Instability Index"": ""64.1901"", "" IntAct ID"": ""Not found"", "" InterPro ID"": ""Not found"", "" Isoelectric Point"": ""6.1865"", "" KEGG ID"": ""Not found"", "" Length"": ""71"", "" Less Occurring Amino Acid(s)"": ""A; F; Q; V; W"", "" MINT ID"": ""Not found"", "" Missing Amino Acid(s)"": ""H"", "" Modified Amino Acid(s) Count"": ""0"", "" Modified Amino Acid(s) Frequencies"": ""0"", "" Molar Extinction Coefficient (cysteine|cystine)"": ""(9970, 10595)"", "" Molecular Mass"": ""7751.95"", "" Most Occurring Amino Acid(s)"": ""C"", "" Other Biological Activity"": ""Non-hemolytic;Non-ribosomal"", "" PANTHER ID"": ""Not found"", "" PDB"": ""Not found"", "" PROSITE ID"": ""Not found"", "" Protein existence"": ""Uncertain"", "" Protein families"": ""DEFL family"", "" Protein names"": ""Defensin-like protein 292"", "" PubMed ID"": ""10617197; 27862469; 17565583; 15955924"", "" RNAct ID"": ""Not found"", "" RefSeq"": ""Not found"", "" STRING ID"": ""Not found"", "" Secondary Structure Fraction"": ""(0.1971830985915493, 0.323943661971831, 0.16901408450704225)"", "" Sequence"": ""MLLETDASRNKPSSYIPLCGSDNSCGGLWCPRKGGKYSCISMTCDIQEDCPKLVRCKDSPGPYCMEGFCTC"", "" Source organism"": ""Arabidopsis thaliana (Mouse-ear cress)"", "" UniProt ID"": ""P0CAY8"", "" target organism"": ""No Target Organism Found"", ""AMPDB_No_"": ""AMPDB_34747""}"
MRQRDVAALDAKYTKELADAKAENDALRDDVAAGRRRLHIKAVCQSVREATTASGVDNAASPRLADTAERDYFTLRERLVMMQAQLEGAQQYITEQCLK,MRQRDVAALDAKYTKELADAKAENDALRDDVAAGRRRLHIKAVCQSVREATTASGVDNAASPRLADTAERDYFTLRERLVMMQAQLEGAQQYITEQCLK,yes,99,AMPDB,AMPDB\filtered\unclassified\Antimicrobial_dataset.tsv,11,,,unclassified,positive,,,,,positive,unknown,,,,,unknown,No Target Organism Found,Escherichia coli (strain K12),,,"{"" Acidic Amino Acid(s) Count"": ""17"", "" Aliphatic Index"": ""79.0909"", "" Antimicrobial Activity"": ""Antimicrobial;Bacteriolytic enzyme"", "" Aromaticity"": ""0.040404"", "" BRENDA ID"": ""Not found"", "" Basic Amino Acid(s) Count"": ""16"", "" BindingDB ID"": ""Not found"", "" BioCyc ID"": ""Not found"", "" BioGRID ID"": ""Not found"", "" CCDS"": ""Not found"", "" ChEMBL ID"": ""Not found"", "" Charge (at pH 7)"": ""-0.0226747"", "" Counts"": ""{'A': 18, 'R': 11, 'N': 2, 'D': 9, 'C': 2, 'Q': 7, 'E': 7, 'G': 3, 'H': 1, 'I': 2, 'L': 9, 'K': 5, 'M': 3, 'F': 1, 'P': 1, 'S': 3, 'T': 6, 'W': 0, 'Y': 3, 'V': 6, 'O': 0, 'U': 0, 'B': 0, 'Z': 0, 'J': 0, 'X': 0}"", "" DIP ID"": ""Not found"", "" DrugBank ID"": ""Not found"", "" EMBL"": ""U00096;AP009048;"", "" Ensembl ID"": ""Not found"", "" Enzymatic Activity"": ""Hydrolase;Protease"", "" Frequencies"": ""{'A': 0.18181818181818182, 'R': 0.1111111111111111, 'N': 0.020202020202020204, 'D': 0.09090909090909091, 'C': 0.020202020202020204, 'Q': 0.0707070707070707, 'E': 0.0707070707070707, 'G': 0.030303030303030304, 'H': 0.010101010101010102, 'I': 0.020202020202020204, 'L': 0.09090909090909091, 'K': 0.050505050505050504, 'M': 0.030303030303030304, 'F': 0.010101010101010102, 'P': 0.010101010101010102, 'S': 0.030303030303030304, 'T': 0.06060606060606061, 'W': 0.0, 'Y': 0.030303030303030304, 'V': 0.06060606060606061, 'O': 0.0, 'U': 0.0, 'B': 0.0, 'Z': 0.0, 'J': 0.0, 'X': 0.0}"", "" Gene names"": ""rzpR ydaX b1362 JW5212"", "" GeneTree ID"": ""Not found"", "" Hydrophilic Amino Acid(s) Count"": ""56"", "" Hydrophobic Amino Acid(s) Count"": ""43"", "" Hydrophobic Moment"": ""0.677668"", "" Hydrophobicity (GRAVY)"": ""-0.592929"", "" Inhibitory Effect"": ""Not found"", "" Instability Index"": ""35.3616"", "" IntAct ID"": ""P77551;"", "" InterPro ID"": ""IPR004929;"", "" Isoelectric Point"": ""7.25797"", "" KEGG ID"": ""ecj:JW5212;"", "" Length"": ""99"", "" Less Occurring Amino Acid(s)"": ""F; H; P"", "" MINT ID"": ""Not found"", "" Missing Amino Acid(s)"": ""W"", "" Modified Amino Acid(s) Count"": ""0"", "" Modified Amino Acid(s) Frequencies"": ""0"", "" Molar Extinction Coefficient (cysteine|cystine)"": ""(4470, 4595)"", "" Molecular Mass"": ""11070.5"", "" Most Occurring Amino Acid(s)"": ""A"", "" Other Biological Activity"": ""Non-hemolytic;Non-ribosomal"", "" PANTHER ID"": ""Not found"", "" PDB"": ""Not found"", "" PROSITE ID"": ""Not found"", "" Protein existence"": ""Uncertain"", "" Protein families"": ""Not found"", "" Protein names"": ""Putative endopeptidase RzpR (EC 3.4.-.-) (Putative Rz endopeptidase from lambdoid prophage Rac)"", "" PubMed ID"": ""9097039; 9278503; 16738553"", "" RNAct ID"": ""Not found"", "" RefSeq"": ""Not found"", "" STRING ID"": ""316407.85674926;"", "" Secondary Structure Fraction"": ""(0.21212121212121213, 0.09090909090909091, 0.3737373737373737)"", "" Sequence"": ""MRQRDVAALDAKYTKELADAKAENDALRDDVAAGRRRLHIKAVCQSVREATTASGVDNAASPRLADTAERDYFTLRERLVMMQAQLEGAQQYITEQCLK"", "" Source organism"": ""Escherichia coli (strain K12)"", "" UniProt ID"": ""P77551"", "" target organism"": ""No Target Organism Found"", ""AMPDB_No_"": ""AMPDB_34916""}"
MKYGVLFMVSCGVMFLILSHVEEVEAMKKFGCNTTHPFPGKCGNNGKSSWVSDMKKLPSAPKNRDIRCECSDRPSLARGMPGERVCRCDYDC,MKYGVLFMVSCGVMFLILSHVEEVEAMKKFGCNTTHPFPGKCGNNGKSSWVSDMKKLPSAPKNRDIRCECSDRPSLARGMPGERVCRCDYDC,yes,92,AMPDB,AMPDB\filtered\unclassified\Antimicrobial_dataset.tsv,12,,,unclassified,positive,,,,,positive,unknown,,,,,unknown,No Target Organism Found,Arabidopsis thaliana (Mouse-ear cress),,,"{"" Acidic Amino Acid(s) Count"": ""16"", "" Aliphatic Index"": ""55"", "" Antimicrobial Activity"": ""Antimicrobial;Fungicide;Plant defense"", "" Aromaticity"": ""0.076087"", "" BRENDA ID"": ""Not found"", "" Basic Amino Acid(s) Count"": ""10"", "" BindingDB ID"": ""Not found"", "" BioCyc ID"": ""Not found"", "" BioGRID ID"": ""Not found"", "" CCDS"": ""Not found"", "" ChEMBL ID"": ""Not found"", "" Charge (at pH 7)"": ""3.69103"", "" Counts"": ""{'A': 3, 'R': 6, 'N': 4, 'D': 5, 'C': 8, 'Q': 0, 'E': 5, 'G': 8, 'H': 2, 'I': 2, 'L': 5, 'K': 8, 'M': 6, 'F': 4, 'P': 6, 'S': 8, 'T': 2, 'W': 1, 'Y': 2, 'V': 7, 'O': 0, 'U': 0, 'B': 0, 'Z': 0, 'J': 0, 'X': 0}"", "" DIP ID"": ""Not found"", "" DrugBank ID"": ""Not found"", "" EMBL"": ""AL049524;AL161517;CP002687;"", "" Ensembl ID"": ""Not found"", "" Enzymatic Activity"": ""Not found"", "" Frequencies"": ""{'A': 0.03260869565217391, 'R': 0.06521739130434782, 'N': 0.043478260869565216, 'D': 0.05434782608695652, 'C': 0.08695652173913043, 'Q': 0.0, 'E': 0.05434782608695652, 'G': 0.08695652173913043, 'H': 0.021739130434782608, 'I': 0.021739130434782608, 'L': 0.05434782608695652, 'K': 0.08695652173913043, 'M': 0.06521739130434782, 'F': 0.043478260869565216, 'P': 0.06521739130434782, 'S': 0.08695652173913043, 'T': 0.021739130434782608, 'W': 0.010869565217391304, 'Y': 0.021739130434782608, 'V': 0.07608695652173914, 'O': 0.0, 'U': 0.0, 'B': 0.0, 'Z': 0.0, 'J': 0.0, 'X': 0.0}"", "" Gene names"": ""SCRL1 At4g10457 F7L13"", "" GeneTree ID"": ""Not found"", "" Hydrophilic Amino Acid(s) Count"": ""50"", "" Hydrophobic Amino Acid(s) Count"": ""42"", "" Hydrophobic Moment"": ""0.555048"", "" Hydrophobicity (GRAVY)"": ""-0.351087"", "" Inhibitory Effect"": ""Not found"", "" Instability Index"": ""39.0707"", "" IntAct ID"": ""Not found"", "" InterPro ID"": ""IPR010682;"", "" Isoelectric Point"": ""8.40482"", "" KEGG ID"": ""ath:AT4G10457;"", "" Length"": ""92"", "" Less Occurring Amino Acid(s)"": ""W"", "" MINT ID"": ""Not found"", "" Missing Amino Acid(s)"": ""Q"", "" Modified Amino Acid(s) Count"": ""0"", "" Modified Amino Acid(s) Frequencies"": ""0"", "" Molar Extinction Coefficient (cysteine|cystine)"": ""(8480, 8980)"", "" Molecular Mass"": ""10283"", "" Most Occurring Amino Acid(s)"": ""C; G; K; S"", "" Other Biological Activity"": ""Non-hemolytic;Non-ribosomal"", "" PANTHER ID"": ""PTHR34450;"", "" PDB"": ""Not found"", "" PROSITE ID"": ""Not found"", "" Protein existence"": ""Uncertain"", "" Protein families"": ""DEFL family"", "" Protein names"": ""Putative defensin-like protein 225 (Putative S locus cysteine-rich-like protein 1) (Protein SCRL1) (SCR-like protein 1)"", "" PubMed ID"": ""10617198; 27862469; 11437247; 15955924"", "" RNAct ID"": ""Not found"", "" RefSeq"": ""NP_001031611.1;"", "" STRING ID"": ""3702.AT4G10457.1;"", "" Secondary Structure Fraction"": ""(0.22826086956521738, 0.2826086956521739, 0.20652173913043478)"", "" Sequence"": ""MKYGVLFMVSCGVMFLILSHVEEVEAMKKFGCNTTHPFPGKCGNNGKSSWVSDMKKLPSAPKNRDIRCECSDRPSLARGMPGERVCRCDYDC"", "" Source organism"": ""Arabidopsis thaliana (Mouse-ear cress)"", "" UniProt ID"": ""P82620"", "" target organism"": ""No Target Organism Found"", ""AMPDB_No_"": ""AMPDB_34992""}"
MKNSSIMFVLIVVFLISSSENQKMVGEAKQCKTGWACFGEDACKEKCMAKYKGVGTVTYFPFPPETIIIYCECLYDC,MKNSSIMFVLIVVFLISSSENQKMVGEAKQCKTGWACFGEDACKEKCMAKYKGVGTVTYFPFPPETIIIYCECLYDC,yes,77,AMPDB,AMPDB\filtered\unclassified\Antimicrobial_dataset.tsv,13,,,unclassified,positive,,,,,positive,unknown,,,,,unknown,No Target Organism Found,Arabidopsis thaliana (Mouse-ear cress),,,"{"" Acidic Amino Acid(s) Count"": ""8"", "" Aliphatic Index"": ""73.3766"", "" Antimicrobial Activity"": ""Antimicrobial;Fungicide;Plant defense"", "" Aromaticity"": ""0.12987"", "" BRENDA ID"": ""Not found"", "" Basic Amino Acid(s) Count"": ""8"", "" BindingDB ID"": ""Not found"", "" BioCyc ID"": ""Not found"", "" BioGRID ID"": ""Not found"", "" CCDS"": ""Not found"", "" ChEMBL ID"": ""Not found"", "" Charge (at pH 7)"": ""-0.430057"", "" Counts"": ""{'A': 4, 'R': 0, 'N': 2, 'D': 2, 'C': 7, 'Q': 2, 'E': 6, 'G': 5, 'H': 0, 'I': 6, 'L': 3, 'K': 8, 'M': 4, 'F': 5, 'P': 3, 'S': 5, 'T': 4, 'W': 1, 'Y': 4, 'V': 6, 'O': 0, 'U': 0, 'B': 0, 'Z': 0, 'J': 0, 'X': 0}"", "" DIP ID"": ""Not found"", "" DrugBank ID"": ""Not found"", "" EMBL"": ""AB025608;CP002686;"", "" Ensembl ID"": ""Not found"", "" Enzymatic Activity"": ""Not found"", "" Frequencies"": ""{'A': 0.05194805194805195, 'R': 0.0, 'N': 0.025974025974025976, 'D': 0.025974025974025976, 'C': 0.09090909090909091, 'Q': 0.025974025974025976, 'E': 0.07792207792207792, 'G': 0.06493506493506493, 'H': 0.0, 'I': 0.07792207792207792, 'L': 0.03896103896103896, 'K': 0.1038961038961039, 'M': 0.05194805194805195, 'F': 0.06493506493506493, 'P': 0.03896103896103896, 'S': 0.06493506493506493, 'T': 0.05194805194805195, 'W': 0.012987012987012988, 'Y': 0.05194805194805195, 'V': 0.07792207792207792, 'O': 0.0, 'U': 0.0, 'B': 0.0, 'Z': 0.0, 'J': 0.0, 'X': 0.0}"", "" Gene names"": ""LCR42 At3g23165 K14B15"", "" GeneTree ID"": ""Not found"", "" Hydrophilic Amino Acid(s) Count"": ""40"", "" Hydrophobic Amino Acid(s) Count"": ""37"", "" Hydrophobic Moment"": ""0.409434"", "" Hydrophobicity (GRAVY)"": ""0.220779"", "" Inhibitory Effect"": ""Not found"", "" Instability Index"": ""58.4961"", "" IntAct ID"": ""Not found"", "" InterPro ID"": ""Not found"", "" Isoelectric Point"": ""6.29002"", "" KEGG ID"": ""ath:AT3G23165;"", "" Length"": ""77"", "" Less Occurring Amino Acid(s)"": ""W"", "" MINT ID"": ""Not found"", "" Missing Amino Acid(s)"": ""H; R"", "" Modified Amino Acid(s) Count"": ""0"", "" Modified Amino Acid(s) Frequencies"": ""0"", "" Molar Extinction Coefficient (cysteine|cystine)"": ""(11460, 11835)"", "" Molecular Mass"": ""8668.26"", "" Most Occurring Amino Acid(s)"": ""K"", "" Other Biological Activity"": ""Non-hemolytic;Non-ribosomal"", "" PANTHER ID"": ""Not found"", "" PDB"": ""Not found"", "" PROSITE ID"": ""Not found"", "" Protein existence"": ""Uncertain"", "" Protein families"": ""DEFL family"", "" Protein names"": ""Putative defensin-like protein 187 (Putative low-molecular-weight cysteine-rich protein 42) (Protein LCR42)"", "" PubMed ID"": ""10819329; 27862469; 11437247; 15955924"", "" RNAct ID"": ""Not found"", "" RefSeq"": ""NP_001030745.1;"", "" STRING ID"": ""3702.AT3G23165.1;"", "" Secondary Structure Fraction"": ""(0.3246753246753247, 0.1948051948051948, 0.2207792207792208)"", "" Sequence"": ""MKNSSIMFVLIVVFLISSSENQKMVGEAKQCKTGWACFGEDACKEKCMAKYKGVGTVTYFPFPPETIIIYCECLYDC"", "" Source organism"": ""Arabidopsis thaliana (Mouse-ear cress)"", "" UniProt ID"": ""P82757"", "" target organism"": ""No Target Organism Found"", ""AMPDB_No_"": ""AMPDB_35056""}"
MRPRSRAGDKFMSQGQELCHEYFQLTAPCEKQPCIDMCSSKYKTGKGVCGPAVHQCFCTFSCTV,MRPRSRAGDKFMSQGQELCHEYFQLTAPCEKQPCIDMCSSKYKTGKGVCGPAVHQCFCTFSCTV,yes,64,AMPDB,AMPDB\filtered\unclassified\Antimicrobial_dataset.tsv,14,,,unclassified,positive,,,,,positive,unknown,,,,,unknown,No Target Organism Found,Arabidopsis thaliana (Mouse-ear cress),,,"{"" Acidic Amino Acid(s) Count"": ""10"", "" Aliphatic Index"": ""36.5625"", "" Antimicrobial Activity"": ""Antimicrobial;Fungicide;Plant defense"", "" Aromaticity"": ""0.09375"", "" BRENDA ID"": ""Not found"", "" Basic Amino Acid(s) Count"": ""5"", "" BindingDB ID"": ""Not found"", "" BioCyc ID"": ""Not found"", "" BioGRID ID"": ""Not found"", "" CCDS"": ""Not found"", "" ChEMBL ID"": ""Not found"", "" Charge (at pH 7)"": ""2.68704"", "" Counts"": ""{'A': 3, 'R': 3, 'N': 0, 'D': 2, 'C': 8, 'Q': 5, 'E': 3, 'G': 5, 'H': 2, 'I': 1, 'L': 2, 'K': 5, 'M': 3, 'F': 4, 'P': 4, 'S': 5, 'T': 4, 'W': 0, 'Y': 2, 'V': 3, 'O': 0, 'U': 0, 'B': 0, 'Z': 0, 'J': 0, 'X': 0}"", "" DIP ID"": ""Not found"", "" DrugBank ID"": ""Not found"", "" EMBL"": ""AC008075;AC011914;CP002684;AK229579;EF182848;"", "" Ensembl ID"": ""Not found"", "" Enzymatic Activity"": ""Not found"", "" Frequencies"": ""{'A': 0.046875, 'R': 0.046875, 'N': 0.0, 'D': 0.03125, 'C': 0.125, 'Q': 0.078125, 'E': 0.046875, 'G': 0.078125, 'H': 0.03125, 'I': 0.015625, 'L': 0.03125, 'K': 0.078125, 'M': 0.046875, 'F': 0.0625, 'P': 0.0625, 'S': 0.078125, 'T': 0.0625, 'W': 0.0, 'Y': 0.03125, 'V': 0.046875, 'O': 0.0, 'U': 0.0, 'B': 0.0, 'Z': 0.0, 'J': 0.0, 'X': 0.0}"", "" Gene names"": ""At1g68735 F14K14 F24J5"", "" GeneTree ID"": ""Not found"", "" Hydrophilic Amino Acid(s) Count"": ""39"", "" Hydrophobic Amino Acid(s) Count"": ""25"", "" Hydrophobic Moment"": ""0.625859"", "" Hydrophobicity (GRAVY)"": ""-0.39375"", "" Inhibitory Effect"": ""Not found"", "" Instability Index"": ""62.4562"", "" IntAct ID"": ""Not found"", "" InterPro ID"": ""IPR010851;"", "" Isoelectric Point"": ""8.20973"", "" KEGG ID"": ""Not found"", "" Length"": ""64"", "" Less Occurring Amino Acid(s)"": ""I"", "" MINT ID"": ""Not found"", "" Missing Amino Acid(s)"": ""N; W"", "" Modified Amino Acid(s) Count"": ""0"", "" Modified Amino Acid(s) Frequencies"": ""0"", "" Molar Extinction Coefficient (cysteine|cystine)"": ""(2980, 3480)"", "" Molecular Mass"": ""7157.3"", "" Most Occurring Amino Acid(s)"": ""C"", "" Other Biological Activity"": ""Non-hemolytic;Non-ribosomal"", "" PANTHER ID"": ""Not found"", "" PDB"": ""Not found"", "" PROSITE ID"": ""Not found"", "" Protein existence"": ""Uncertain"", "" Protein families"": ""DEFL family"", "" Protein names"": ""Defensin-like protein 123"", "" PubMed ID"": ""11130712; 27862469; 17565583; 15955924"", "" RNAct ID"": ""Not found"", "" RefSeq"": ""Not found"", "" STRING ID"": ""Not found"", "" Secondary Structure Fraction"": ""(0.1875, 0.21875, 0.171875)"", "" Sequence"": ""MRPRSRAGDKFMSQGQELCHEYFQLTAPCEKQPCIDMCSSKYKTGKGVCGPAVHQCFCTFSCTV"", "" Source organism"": ""Arabidopsis thaliana (Mouse-ear cress)"", "" UniProt ID"": ""Q0WN71"", "" target organism"": ""No Target Organism Found"", ""AMPDB_No_"": ""AMPDB_35243""}"
MKLSILVKAMKRNNGFRYDYCIAECSEHFLDDVCKPVCIDKGYSDGGCIGLAPNFKCCCKK,MKLSILVKAMKRNNGFRYDYCIAECSEHFLDDVCKPVCIDKGYSDGGCIGLAPNFKCCCKK,yes,61,AMPDB,AMPDB\filtered\unclassified\Antimicrobial_dataset.tsv,15,,,unclassified,positive,,,,,positive,unknown,,,,,unknown,No Target Organism Found,Arabidopsis thaliana (Mouse-ear cress),,,"{"" Acidic Amino Acid(s) Count"": ""11"", "" Aliphatic Index"": ""70.3279"", "" Antimicrobial Activity"": ""Antimicrobial;Fungicide;Plant defense"", "" Aromaticity"": ""0.0983607"", "" BRENDA ID"": ""Not found"", "" Basic Amino Acid(s) Count"": ""7"", "" BindingDB ID"": ""Not found"", "" BioCyc ID"": ""Not found"", "" BioGRID ID"": ""Not found"", "" CCDS"": ""Not found"", "" ChEMBL ID"": ""Not found"", "" Charge (at pH 7)"": ""2.59396"", "" Counts"": ""{'A': 3, 'R': 2, 'N': 3, 'D': 5, 'C': 8, 'Q': 0, 'E': 2, 'G': 5, 'H': 1, 'I': 4, 'L': 4, 'K': 8, 'M': 2, 'F': 3, 'P': 2, 'S': 3, 'T': 0, 'W': 0, 'Y': 3, 'V': 3, 'O': 0, 'U': 0, 'B': 0, 'Z': 0, 'J': 0, 'X': 0}"", "" DIP ID"": ""Not found"", "" DrugBank ID"": ""Not found"", "" EMBL"": ""AC006592;CP002685;"", "" Ensembl ID"": ""Not found"", "" Enzymatic Activity"": ""Not found"", "" Frequencies"": ""{'A': 0.04918032786885246, 'R': 0.03278688524590164, 'N': 0.04918032786885246, 'D': 0.08196721311475409, 'C': 0.13114754098360656, 'Q': 0.0, 'E': 0.03278688524590164, 'G': 0.08196721311475409, 'H': 0.01639344262295082, 'I': 0.06557377049180328, 'L': 0.06557377049180328, 'K': 0.13114754098360656, 'M': 0.03278688524590164, 'F': 0.04918032786885246, 'P': 0.03278688524590164, 'S': 0.04918032786885246, 'T': 0.0, 'W': 0.0, 'Y': 0.04918032786885246, 'V': 0.04918032786885246, 'O': 0.0, 'U': 0.0, 'B': 0.0, 'Z': 0.0, 'J': 0.0, 'X': 0.0}"", "" Gene names"": ""At2g22345 F14M13"", "" GeneTree ID"": ""Not found"", "" Hydrophilic Amino Acid(s) Count"": ""35"", "" Hydrophobic Amino Acid(s) Count"": ""26"", "" Hydrophobic Moment"": ""0.606943"", "" Hydrophobicity (GRAVY)"": ""-0.106557"", "" Inhibitory Effect"": ""Not found"", "" Instability Index"": ""24.1016"", "" IntAct ID"": ""Not found"", "" InterPro ID"": ""Not found"", "" Isoelectric Point"": ""8.20146"", "" KEGG ID"": ""ath:AT2G22345;"", "" Length"": ""61"", "" Less Occurring Amino Acid(s)"": ""H"", "" MINT ID"": ""Not found"", "" Missing Amino Acid(s)"": ""Q; T; W"", "" Modified Amino Acid(s) Count"": ""0"", "" Modified Amino Acid(s) Frequencies"": ""0"", "" Molar Extinction Coefficient (cysteine|cystine)"": ""(4470, 4970)"", "" Molecular Mass"": ""6844.1"", "" Most Occurring Amino Acid(s)"": ""C; K"", "" Other Biological Activity"": ""Non-hemolytic;Non-ribosomal"", "" PANTHER ID"": ""Not found"", "" PDB"": ""Not found"", "" PROSITE ID"": ""Not found"", "" Protein existence"": ""Uncertain"", "" Protein families"": ""DEFL family"", "" Protein names"": ""Putative defensin-like protein 72"", "" PubMed ID"": ""10617197; 27862469; 15955924"", "" RNAct ID"": ""Not found"", "" RefSeq"": ""NP_001031395.1;"", "" STRING ID"": ""3702.AT2G22345.1;"", "" Secondary Structure Fraction"": ""(0.27868852459016397, 0.21311475409836067, 0.18032786885245902)"", "" Sequence"": ""MKLSILVKAMKRNNGFRYDYCIAECSEHFLDDVCKPVCIDKGYSDGGCIGLAPNFKCCCKK"", "" Source organism"": ""Arabidopsis thaliana (Mouse-ear cress)"", "" UniProt ID"": ""Q2V2S9"", "" target organism"": ""No Target Organism Found"", ""AMPDB_No_"": ""AMPDB_35358""}"
MHNISFKLLLLCDLFLSSSSVRHNLAVGDVCATNEECRINCQCDAAYCDLSCNMCVYMLHVMDTIDANIPNQPCISEYQNCGKKTSSLQ,MHNISFKLLLLCDLFLSSSSVRHNLAVGDVCATNEECRINCQCDAAYCDLSCNMCVYMLHVMDTIDANIPNQPCISEYQNCGKKTSSLQ,yes,89,AMPDB,AMPDB\filtered\unclassified\Antimicrobial_dataset.tsv,16,,,unclassified,positive,,,,,positive,unknown,,,,,unknown,No Target Organism Found,Arabidopsis thaliana (Mouse-ear cress),,,"{"" Acidic Amino Acid(s) Count"": ""8"", "" Aliphatic Index"": ""87.6404"", "" Antimicrobial Activity"": ""Antimicrobial;Fungicide;Plant defense"", "" Aromaticity"": ""0.0561798"", "" BRENDA ID"": ""Not found"", "" Basic Amino Acid(s) Count"": ""9"", "" BindingDB ID"": ""Not found"", "" BioCyc ID"": ""Not found"", "" BioGRID ID"": ""Not found"", "" CCDS"": ""Not found"", "" ChEMBL ID"": ""Not found"", "" Charge (at pH 7)"": ""-4.34447"", "" Counts"": ""{'A': 5, 'R': 2, 'N': 8, 'D': 6, 'C': 10, 'Q': 4, 'E': 3, 'G': 2, 'H': 3, 'I': 5, 'L': 10, 'K': 3, 'M': 4, 'F': 2, 'P': 2, 'S': 9, 'T': 3, 'W': 0, 'Y': 3, 'V': 5, 'O': 0, 'U': 0, 'B': 0, 'Z': 0, 'J': 0, 'X': 0}"", "" DIP ID"": ""Not found"", "" DrugBank ID"": ""Not found"", "" EMBL"": ""AB025638;CP002688;"", "" Ensembl ID"": ""Not found"", "" Enzymatic Activity"": ""Not found"", "" Frequencies"": ""{'A': 0.056179775280898875, 'R': 0.02247191011235955, 'N': 0.0898876404494382, 'D': 0.06741573033707865, 'C': 0.11235955056179775, 'Q': 0.0449438202247191, 'E': 0.033707865168539325, 'G': 0.02247191011235955, 'H': 0.033707865168539325, 'I': 0.056179775280898875, 'L': 0.11235955056179775, 'K': 0.033707865168539325, 'M': 0.0449438202247191, 'F': 0.02247191011235955, 'P': 0.02247191011235955, 'S': 0.10112359550561797, 'T': 0.033707865168539325, 'W': 0.0, 'Y': 0.033707865168539325, 'V': 0.056179775280898875, 'O': 0.0, 'U': 0.0, 'B': 0.0, 'Z': 0.0, 'J': 0.0, 'X': 0.0}"", "" Gene names"": ""At5g43401 MWF20"", "" GeneTree ID"": ""Not found"", "" Hydrophilic Amino Acid(s) Count"": ""54"", "" Hydrophobic Amino Acid(s) Count"": ""35"", "" Hydrophobic Moment"": ""0.45383"", "" Hydrophobicity (GRAVY)"": ""0.0865169"", "" Inhibitory Effect"": ""Not found"", "" Instability Index"": ""60.0405"", "" IntAct ID"": ""Not found"", "" InterPro ID"": ""Not found"", "" Isoelectric Point"": ""4.86825"", "" KEGG ID"": ""ath:AT5G43401;"", "" Length"": ""89"", "" Less Occurring Amino Acid(s)"": ""F; G; P; R"", "" MINT ID"": ""Not found"", "" Missing Amino Acid(s)"": ""W"", "" Modified Amino Acid(s) Count"": ""0"", "" Modified Amino Acid(s) Frequencies"": ""0"", "" Molar Extinction Coefficient (cysteine|cystine)"": ""(4470, 5095)"", "" Molecular Mass"": ""9913.41"", "" Most Occurring Amino Acid(s)"": ""C; L"", "" Other Biological Activity"": ""Non-hemolytic;Non-ribosomal"", "" PANTHER ID"": ""Not found"", "" PDB"": ""Not found"", "" PROSITE ID"": ""Not found"", "" Protein existence"": ""Uncertain"", "" Protein families"": ""DEFL family"", "" Protein names"": ""Putative defensin-like protein 254"", "" PubMed ID"": ""10718197; 27862469; 15955924"", "" RNAct ID"": ""Not found"", "" RefSeq"": ""NP_001032001.1;"", "" STRING ID"": ""Not found"", "" Secondary Structure Fraction"": ""(0.2808988764044944, 0.23595505617977527, 0.24719101123595505)"", "" Sequence"": ""MHNISFKLLLLCDLFLSSSSVRHNLAVGDVCATNEECRINCQCDAAYCDLSCNMCVYMLHVMDTIDANIPNQPCISEYQNCGKKTSSLQ"", "" Source organism"": ""Arabidopsis thaliana (Mouse-ear cress)"", "" UniProt ID"": ""Q2V318"", "" target organism"": ""No Target Organism Found"", ""AMPDB_No_"": ""AMPDB_35376""}"
MTISKKMLIVFVLTIFVVSFGHCSDSFPGLGLKKQAHKQCYSPDLCTGGDSKCDICCVLISGVYYGKCIQSKCHCLNKTK,MTISKKMLIVFVLTIFVVSFGHCSDSFPGLGLKKQAHKQCYSPDLCTGGDSKCDICCVLISGVYYGKCIQSKCHCLNKTK,yes,80,AMPDB,AMPDB\filtered\unclassified\Antimicrobial_dataset.tsv,17,,,unclassified,positive,,,,,positive,unknown,,,,,unknown,No Target Organism Found,Arabidopsis thaliana (Mouse-ear cress),,,"{"" Acidic Amino Acid(s) Count"": ""13"", "" Aliphatic Index"": ""86.375"", "" Antimicrobial Activity"": ""Antimicrobial;Fungicide;Plant defense"", "" Aromaticity"": ""0.0875"", "" BRENDA ID"": ""Not found"", "" Basic Amino Acid(s) Count"": ""4"", "" BindingDB ID"": ""Not found"", "" BioCyc ID"": ""Not found"", "" BioGRID ID"": ""Not found"", "" CCDS"": ""Not found"", "" ChEMBL ID"": ""Not found"", "" Charge (at pH 7)"": ""5.70922"", "" Counts"": ""{'A': 1, 'R': 0, 'N': 1, 'D': 4, 'C': 9, 'Q': 3, 'E': 0, 'G': 7, 'H': 3, 'I': 6, 'L': 7, 'K': 10, 'M': 2, 'F': 4, 'P': 2, 'S': 8, 'T': 4, 'W': 0, 'Y': 3, 'V': 6, 'O': 0, 'U': 0, 'B': 0, 'Z': 0, 'J': 0, 'X': 0}"", "" DIP ID"": ""Not found"", "" DrugBank ID"": ""Not found"", "" EMBL"": ""AC007123;AC007478;CP002688;"", "" Ensembl ID"": ""Not found"", "" Enzymatic Activity"": ""Not found"", "" Frequencies"": ""{'A': 0.0125, 'R': 0.0, 'N': 0.0125, 'D': 0.05, 'C': 0.1125, 'Q': 0.0375, 'E': 0.0, 'G': 0.0875, 'H': 0.0375, 'I': 0.075, 'L': 0.0875, 'K': 0.125, 'M': 0.025, 'F': 0.05, 'P': 0.025, 'S': 0.1, 'T': 0.05, 'W': 0.0, 'Y': 0.0375, 'V': 0.075, 'O': 0.0, 'U': 0.0, 'B': 0.0, 'Z': 0.0, 'J': 0.0, 'X': 0.0}"", "" Gene names"": ""At5g27495 F15A18 F21A20"", "" GeneTree ID"": ""Not found"", "" Hydrophilic Amino Acid(s) Count"": ""45"", "" Hydrophobic Amino Acid(s) Count"": ""35"", "" Hydrophobic Moment"": ""0.360278"", "" Hydrophobicity (GRAVY)"": ""0.28"", "" Inhibitory Effect"": ""Not found"", "" Instability Index"": ""49.55"", "" IntAct ID"": ""Not found"", "" InterPro ID"": ""Not found"", "" Isoelectric Point"": ""8.65826"", "" KEGG ID"": ""ath:AT5G27495;"", "" Length"": ""80"", "" Less Occurring Amino Acid(s)"": ""A; N"", "" MINT ID"": ""Not found"", "" Missing Amino Acid(s)"": ""E; R; W"", "" Modified Amino Acid(s) Count"": ""0"", "" Modified Amino Acid(s) Frequencies"": ""0"", "" Molar Extinction Coefficient (cysteine|cystine)"": ""(4470, 4970)"", "" Molecular Mass"": ""8770.49"", "" Most Occurring Amino Acid(s)"": ""K"", "" Other Biological Activity"": ""Non-hemolytic;Non-ribosomal"", "" PANTHER ID"": ""Not found"", "" PDB"": ""Not found"", "" PROSITE ID"": ""PS01138;"", "" Protein existence"": ""Uncertain"", "" Protein families"": ""DEFL family"", "" Protein names"": ""Defensin-like protein 113"", "" PubMed ID"": ""11130714; 27862469; 15955924"", "" RNAct ID"": ""Not found"", "" RefSeq"": ""NP_001031952.1;"", "" STRING ID"": ""Not found"", "" Secondary Structure Fraction"": ""(0.32499999999999996, 0.225, 0.125)"", "" Sequence"": ""MTISKKMLIVFVLTIFVVSFGHCSDSFPGLGLKKQAHKQCYSPDLCTGGDSKCDICCVLISGVYYGKCIQSKCHCLNKTK"", "" Source organism"": ""Arabidopsis thaliana (Mouse-ear cress)"", "" UniProt ID"": ""Q2V342"", "" target organism"": ""No Target Organism Found"", ""AMPDB_No_"": ""AMPDB_35384""}"
MATQKFSYFLLVLLMVFALILPSIISVEVIPCIAGSKCTNDMTYNELCRFKGFSKGGFCQKYVHQTIGRCCCHPTGLESQESSISGDTNVVITN,MATQKFSYFLLVLLMVFALILPSIISVEVIPCIAGSKCTNDMTYNELCRFKGFSKGGFCQKYVHQTIGRCCCHPTGLESQESSISGDTNVVITN,yes,94,AMPDB,AMPDB\filtered\unclassified\Antimicrobial_dataset.tsv,18,,,unclassified,positive,,,,,positive,unknown,,,,,unknown,No Target Organism Found,Arabidopsis thaliana (Mouse-ear cress),,,"{"" Acidic Amino Acid(s) Count"": ""9"", "" Aliphatic Index"": ""91.1702"", "" Antimicrobial Activity"": ""Antimicrobial;Fungicide;Plant defense"", "" Aromaticity"": ""0.0957447"", "" BRENDA ID"": ""Not found"", "" Basic Amino Acid(s) Count"": ""6"", "" BindingDB ID"": ""Not found"", "" BioCyc ID"": ""Not found"", "" BioGRID ID"": ""Not found"", "" CCDS"": ""Not found"", "" ChEMBL ID"": ""Not found"", "" Charge (at pH 7)"": ""0.74994"", "" Counts"": ""{'A': 3, 'R': 2, 'N': 4, 'D': 2, 'C': 7, 'Q': 4, 'E': 4, 'G': 7, 'H': 2, 'I': 8, 'L': 8, 'K': 5, 'M': 3, 'F': 6, 'P': 3, 'S': 9, 'T': 7, 'W': 0, 'Y': 3, 'V': 7, 'O': 0, 'U': 0, 'B': 0, 'Z': 0, 'J': 0, 'X': 0}"", "" DIP ID"": ""Not found"", "" DrugBank ID"": ""Not found"", "" EMBL"": ""Z97335;AL161537;CP002687;"", "" Ensembl ID"": ""Not found"", "" Enzymatic Activity"": ""Not found"", "" Frequencies"": ""{'A': 0.031914893617021274, 'R': 0.02127659574468085, 'N': 0.0425531914893617, 'D': 0.02127659574468085, 'C': 0.07446808510638298, 'Q': 0.0425531914893617, 'E': 0.0425531914893617, 'G': 0.07446808510638298, 'H': 0.02127659574468085, 'I': 0.0851063829787234, 'L': 0.0851063829787234, 'K': 0.05319148936170213, 'M': 0.031914893617021274, 'F': 0.06382978723404255, 'P': 0.031914893617021274, 'S': 0.09574468085106383, 'T': 0.07446808510638298, 'W': 0.0, 'Y': 0.031914893617021274, 'V': 0.07446808510638298, 'O': 0.0, 'U': 0.0, 'B': 0.0, 'Z': 0.0, 'J': 0.0, 'X': 0.0}"", "" Gene names"": ""At4g13955 FCAALL"", "" GeneTree ID"": ""Not found"", "" Hydrophilic Amino Acid(s) Count"": ""49"", "" Hydrophobic Amino Acid(s) Count"": ""45"", "" Hydrophobic Moment"": ""0.564061"", "" Hydrophobicity (GRAVY)"": ""0.358511"", "" Inhibitory Effect"": ""Not found"", "" Instability Index"": ""21.817"", "" IntAct ID"": ""Not found"", "" InterPro ID"": ""Not found"", "" Isoelectric Point"": ""7.71417"", "" KEGG ID"": ""ath:AT4G13955;"", "" Length"": ""94"", "" Less Occurring Amino Acid(s)"": ""D; H; R"", "" MINT ID"": ""Not found"", "" Missing Amino Acid(s)"": ""W"", "" Modified Amino Acid(s) Count"": ""0"", "" Modified Amino Acid(s) Frequencies"": ""0"", "" Molar Extinction Coefficient (cysteine|cystine)"": ""(4470, 4845)"", "" Molecular Mass"": ""10349.1"", "" Most Occurring Amino Acid(s)"": ""S"", "" Other Biological Activity"": ""Non-hemolytic;Non-ribosomal"", "" PANTHER ID"": ""Not found"", "" PDB"": ""Not found"", "" PROSITE ID"": ""Not found"", "" Protein existence"": ""Uncertain"", "" Protein families"": ""DEFL family"", "" Protein names"": ""Putative defensin-like protein 88"", "" PubMed ID"": ""9461215; 10617198; 27862469; 15955924"", "" RNAct ID"": ""Not found"", "" RefSeq"": ""NP_001319926.1;"", "" STRING ID"": ""3702.AT4G13955.1;"", "" Secondary Structure Fraction"": ""(0.3404255319148936, 0.24468085106382978, 0.19148936170212766)"", "" Sequence"": ""MATQKFSYFLLVLLMVFALILPSIISVEVIPCIAGSKCTNDMTYNELCRFKGFSKGGFCQKYVHQTIGRCCCHPTGLESQESSISGDTNVVITN"", "" Source organism"": ""Arabidopsis thaliana (Mouse-ear cress)"", "" UniProt ID"": ""Q2V3J1"", "" target organism"": ""No Target Organism Found"", ""AMPDB_No_"": ""AMPDB_35400""}"
MSCFSFLVYFLLFIVTKMSQSPLSQSSHEFTVVSPYLSCFGIEECLFYLYFKLYDLCVILLCTWFDLSE,MSCFSFLVYFLLFIVTKMSQSPLSQSSHEFTVVSPYLSCFGIEECLFYLYFKLYDLCVILLCTWFDLSE,yes,69,AMPDB,AMPDB\filtered\unclassified\Antimicrobial_dataset.tsv,19,,,unclassified,positive,,,,,positive,unknown,,,,,unknown,No Target Organism Found,Arabidopsis thaliana (Mouse-ear cress),,,"{"" Acidic Amino Acid(s) Count"": ""3"", "" Aliphatic Index"": ""105.797"", "" Antimicrobial Activity"": ""Antimicrobial;Fungicide;Plant defense"", "" Aromaticity"": ""0.217391"", "" BRENDA ID"": ""Not found"", "" Basic Amino Acid(s) Count"": ""6"", "" BindingDB ID"": ""Not found"", "" BioCyc ID"": ""Not found"", "" BioGRID ID"": ""Not found"", "" CCDS"": ""Not found"", "" ChEMBL ID"": ""Not found"", "" Charge (at pH 7)"": ""-4.21783"", "" Counts"": ""{'A': 0, 'R': 0, 'N': 0, 'D': 2, 'C': 5, 'Q': 2, 'E': 4, 'G': 1, 'H': 1, 'I': 3, 'L': 12, 'K': 2, 'M': 2, 'F': 9, 'P': 2, 'S': 10, 'T': 3, 'W': 1, 'Y': 5, 'V': 5, 'O': 0, 'U': 0, 'B': 0, 'Z': 0, 'J': 0, 'X': 0}"", "" DIP ID"": ""Not found"", "" DrugBank ID"": ""Not found"", "" EMBL"": ""AC006266;AF160183;AL117321;CP002687;"", "" Ensembl ID"": ""Not found"", "" Enzymatic Activity"": ""Not found"", "" Frequencies"": ""{'A': 0.0, 'R': 0.0, 'N': 0.0, 'D': 0.028985507246376812, 'C': 0.07246376811594203, 'Q': 0.028985507246376812, 'E': 0.057971014492753624, 'G': 0.014492753623188406, 'H': 0.014492753623188406, 'I': 0.043478260869565216, 'L': 0.17391304347826086, 'K': 0.028985507246376812, 'M': 0.028985507246376812, 'F': 0.13043478260869565, 'P': 0.028985507246376812, 'S': 0.14492753623188406, 'T': 0.043478260869565216, 'W': 0.014492753623188406, 'Y': 0.07246376811594203, 'V': 0.07246376811594203, 'O': 0.0, 'U': 0.0, 'B': 0.0, 'Z': 0.0, 'J': 0.0, 'X': 0.0}"", "" Gene names"": ""At4g08039 F17A2 F1K3"", "" GeneTree ID"": ""Not found"", "" Hydrophilic Amino Acid(s) Count"": ""34"", "" Hydrophobic Amino Acid(s) Count"": ""35"", "" Hydrophobic Moment"": ""0.359218"", "" Hydrophobicity (GRAVY)"": ""0.891304"", "" Inhibitory Effect"": ""Not found"", "" Instability Index"": ""99.6522"", "" IntAct ID"": ""Not found"", "" InterPro ID"": ""Not found"", "" Isoelectric Point"": ""4.10256"", "" KEGG ID"": ""ath:AT4G08039;"", "" Length"": ""69"", "" Less Occurring Amino Acid(s)"": ""G; H; W"", "" MINT ID"": ""Not found"", "" Missing Amino Acid(s)"": ""A; N; R"", "" Modified Amino Acid(s) Count"": ""0"", "" Modified Amino Acid(s) Frequencies"": ""0"", "" Molar Extinction Coefficient (cysteine|cystine)"": ""(12950, 13200)"", "" Molecular Mass"": ""8137.6"", "" Most Occurring Amino Acid(s)"": ""L"", "" Other Biological Activity"": ""Non-hemolytic;Non-ribosomal"", "" PANTHER ID"": ""Not found"", "" PDB"": ""Not found"", "" PROSITE ID"": ""Not found"", "" Protein existence"": ""Uncertain"", "" Protein families"": ""DEFL family"", "" Protein names"": ""Putative defensin-like protein 312"", "" PubMed ID"": ""10617198; 27862469; 15955924"", "" RNAct ID"": ""Not found"", "" RefSeq"": ""NP_001031592.1;"", "" STRING ID"": ""Not found"", "" Secondary Structure Fraction"": ""(0.5072463768115942, 0.18840579710144928, 0.2608695652173913)"", "" Sequence"": ""MSCFSFLVYFLLFIVTKMSQSPLSQSSHEFTVVSPYLSCFGIEECLFYLYFKLYDLCVILLCTWFDLSE"", "" Source organism"": ""Arabidopsis thaliana (Mouse-ear cress)"", "" UniProt ID"": ""Q2V3K9"", "" target organism"": ""No Target Organism Found"", ""AMPDB_No_"": ""AMPDB_35407""}"
MRSISFKLLLLVSLLVVVSRYTLAYEDSCSTDEECRRNCLCDVAYCDKSRDKCDYGFMNRVDVRFPKHPYISKNKDGSGR,MRSISFKLLLLVSLLVVVSRYTLAYEDSCSTDEECRRNCLCDVAYCDKSRDKCDYGFMNRVDVRFPKHPYISKNKDGSGR,yes,80,AMPDB,AMPDB\filtered\unclassified\Antimicrobial_dataset.tsv,20,,,unclassified,positive,,,,,positive,unknown,,,,,unknown,No Target Organism Found,Arabidopsis thaliana (Mouse-ear cress),,,"{"" Acidic Amino Acid(s) Count"": ""15"", "" Aliphatic Index"": ""76.625"", "" Antimicrobial Activity"": ""Antimicrobial;Fungicide;Plant defense"", "" Aromaticity"": ""0.1"", "" BRENDA ID"": ""Not found"", "" Basic Amino Acid(s) Count"": ""11"", "" BindingDB ID"": ""Not found"", "" BioCyc ID"": ""Not found"", "" BioGRID ID"": ""Not found"", "" CCDS"": ""Not found"", "" ChEMBL ID"": ""Not found"", "" Charge (at pH 7)"": ""2.71989"", "" Counts"": ""{'A': 2, 'R': 8, 'N': 3, 'D': 8, 'C': 6, 'Q': 0, 'E': 3, 'G': 3, 'H': 1, 'I': 2, 'L': 8, 'K': 6, 'M': 2, 'F': 3, 'P': 2, 'S': 9, 'T': 2, 'W': 0, 'Y': 5, 'V': 7, 'O': 0, 'U': 0, 'B': 0, 'Z': 0, 'J': 0, 'X': 0}"", "" DIP ID"": ""Not found"", "" DrugBank ID"": ""Not found"", "" EMBL"": ""AL138649;AL353992;CP002686;"", "" Ensembl ID"": ""Not found"", "" Enzymatic Activity"": ""Not found"", "" Frequencies"": ""{'A': 0.025, 'R': 0.1, 'N': 0.0375, 'D': 0.1, 'C': 0.075, 'Q': 0.0, 'E': 0.0375, 'G': 0.0375, 'H': 0.0125, 'I': 0.025, 'L': 0.1, 'K': 0.075, 'M': 0.025, 'F': 0.0375, 'P': 0.025, 'S': 0.1125, 'T': 0.025, 'W': 0.0, 'Y': 0.0625, 'V': 0.0875, 'O': 0.0, 'U': 0.0, 'B': 0.0, 'Z': 0.0, 'J': 0.0, 'X': 0.0}"", "" Gene names"": ""At3g45093 F14D17 T14D3"", "" GeneTree ID"": ""Not found"", "" Hydrophilic Amino Acid(s) Count"": ""51"", "" Hydrophobic Amino Acid(s) Count"": ""29"", "" Hydrophobic Moment"": ""0.564846"", "" Hydrophobicity (GRAVY)"": ""-0.39375"", "" Inhibitory Effect"": ""Not found"", "" Instability Index"": ""49.7287"", "" IntAct ID"": ""Not found"", "" InterPro ID"": ""Not found"", "" Isoelectric Point"": ""8.36396"", "" KEGG ID"": ""ath:AT3G45093;"", "" Length"": ""80"", "" Less Occurring Amino Acid(s)"": ""H"", "" MINT ID"": ""Not found"", "" Missing Amino Acid(s)"": ""Q; W"", "" Modified Amino Acid(s) Count"": ""0"", "" Modified Amino Acid(s) Frequencies"": ""0"", "" Molar Extinction Coefficient (cysteine|cystine)"": ""(7450, 7825)"", "" Molecular Mass"": ""9281.68"", "" Most Occurring Amino Acid(s)"": ""S"", "" Other Biological Activity"": ""Non-hemolytic;Non-ribosomal"", "" PANTHER ID"": ""Not found"", "" PDB"": ""Not found"", "" PROSITE ID"": ""Not found"", "" Protein existence"": ""Uncertain"", "" Protein families"": ""DEFL family"", "" Protein names"": ""Defensin-like protein 255"", "" PubMed ID"": ""11130713; 27862469; 15955924"", "" RNAct ID"": ""Not found"", "" RefSeq"": ""NP_001030810.1;"", "" STRING ID"": ""Not found"", "" Secondary Structure Fraction"": ""(0.3125, 0.21250000000000002, 0.1875)"", "" Sequence"": ""MRSISFKLLLLVSLLVVVSRYTLAYEDSCSTDEECRRNCLCDVAYCDKSRDKCDYGFMNRVDVRFPKHPYISKNKDGSGR"", "" Source organism"": ""Arabidopsis thaliana (Mouse-ear cress)"", "" UniProt ID"": ""Q2V3Q8"", "" target organism"": ""No Target Organism Found"", ""AMPDB_No_"": ""AMPDB_35410""}"
MYLSSRTGSRLLFLVKASFNTFEKVATISSTLIYFVSHKLVSSRSCSHNFRNICGYIRHNCRKCIRFCFCTFSIKISLPLVIARRIEY,MYLSSRTGSRLLFLVKASFNTFEKVATISSTLIYFVSHKLVSSRSCSHNFRNICGYIRHNCRKCIRFCFCTFSIKISLPLVIARRIEY,yes,88,AMPDB,AMPDB\filtered\unclassified\Antimicrobial_dataset.tsv,21,,,unclassified,positive,,,,,positive,unknown,,,,,unknown,No Target Organism Found,Arabidopsis thaliana (Mouse-ear cress),,,"{"" Acidic Amino Acid(s) Count"": ""17"", "" Aliphatic Index"": ""95.2273"", "" Antimicrobial Activity"": ""Antimicrobial;Fungicide;Plant defense"", "" Aromaticity"": ""0.136364"", "" BRENDA ID"": ""Not found"", "" Basic Amino Acid(s) Count"": ""2"", "" BindingDB ID"": ""Not found"", "" BioCyc ID"": ""Not found"", "" BioGRID ID"": ""Not found"", "" CCDS"": ""Not found"", "" ChEMBL ID"": ""Not found"", "" Charge (at pH 7)"": ""11.8975"", "" Counts"": ""{'A': 3, 'R': 9, 'N': 4, 'D': 0, 'C': 6, 'Q': 0, 'E': 2, 'G': 2, 'H': 3, 'I': 9, 'L': 8, 'K': 5, 'M': 1, 'F': 8, 'P': 1, 'S': 13, 'T': 5, 'W': 0, 'Y': 4, 'V': 5, 'O': 0, 'U': 0, 'B': 0, 'Z': 0, 'J': 0, 'X': 0}"", "" DIP ID"": ""Not found"", "" DrugBank ID"": ""Not found"", "" EMBL"": ""AC012327;CP002686;"", "" Ensembl ID"": ""Not found"", "" Enzymatic Activity"": ""Not found"", "" Frequencies"": ""{'A': 0.03409090909090909, 'R': 0.10227272727272728, 'N': 0.045454545454545456, 'D': 0.0, 'C': 0.06818181818181818, 'Q': 0.0, 'E': 0.022727272727272728, 'G': 0.022727272727272728, 'H': 0.03409090909090909, 'I': 0.10227272727272728, 'L': 0.09090909090909091, 'K': 0.056818181818181816, 'M': 0.011363636363636364, 'F': 0.09090909090909091, 'P': 0.011363636363636364, 'S': 0.14772727272727273, 'T': 0.056818181818181816, 'W': 0.0, 'Y': 0.045454545454545456, 'V': 0.056818181818181816, 'O': 0.0, 'U': 0.0, 'B': 0.0, 'Z': 0.0, 'J': 0.0, 'X': 0.0}"", "" Gene names"": ""At3g33187 T14A11"", "" GeneTree ID"": ""Not found"", "" Hydrophilic Amino Acid(s) Count"": ""51"", "" Hydrophobic Amino Acid(s) Count"": ""37"", "" Hydrophobic Moment"": ""0.740948"", "" Hydrophobicity (GRAVY)"": ""0.278409"", "" Inhibitory Effect"": ""Not found"", "" Instability Index"": ""62.1477"", "" IntAct ID"": ""Not found"", "" InterPro ID"": ""Not found"", "" Isoelectric Point"": ""10.5942"", "" KEGG ID"": ""ath:AT3G33187;"", "" Length"": ""88"", "" Less Occurring Amino Acid(s)"": ""M; P"", "" MINT ID"": ""Not found"", "" Missing Amino Acid(s)"": ""D; Q; W"", "" Modified Amino Acid(s) Count"": ""0"", "" Modified Amino Acid(s) Frequencies"": ""0"", "" Molar Extinction Coefficient (cysteine|cystine)"": ""(5960, 6335)"", "" Molecular Mass"": ""10252.2"", "" Most Occurring Amino Acid(s)"": ""S"", "" Other Biological Activity"": ""Non-hemolytic;Non-ribosomal"", "" PANTHER ID"": ""Not found"", "" PDB"": ""Not found"", "" PROSITE ID"": ""Not found"", "" Protein existence"": ""Uncertain"", "" Protein families"": ""DEFL family"", "" Protein names"": ""Putative defensin-like protein 315"", "" PubMed ID"": ""11130713; 27862469; 15955924"", "" RNAct ID"": ""Not found"", "" RefSeq"": ""NP_001030797.1;"", "" STRING ID"": ""3702.AT3G33187.1;"", "" Secondary Structure Fraction"": ""(0.38636363636363635, 0.2272727272727273, 0.1590909090909091)"", "" Sequence"": ""MYLSSRTGSRLLFLVKASFNTFEKVATISSTLIYFVSHKLVSSRSCSHNFRNICGYIRHNCRKCIRFCFCTFSIKISLPLVIARRIEY"", "" Source organism"": ""Arabidopsis thaliana (Mouse-ear cress)"", "" UniProt ID"": ""Q2V3R5"", "" target organism"": ""No Target Organism Found"", ""AMPDB_No_"": ""AMPDB_35411""}"
MLRFVLVYIPVSVVSHTLCISLFIICSTRHTCFSKRYTCLLNICFCFFISSRIRNYF,MLRFVLVYIPVSVVSHTLCISLFIICSTRHTCFSKRYTCLLNICFCFFISSRIRNYF,yes,57,AMPDB,AMPDB\filtered\unclassified\Antimicrobial_dataset.tsv,22,,,unclassified,positive,,,,,positive,unknown,,,,,unknown,No Target Organism Found,Arabidopsis thaliana (Mouse-ear cress),,,"{"" Acidic Amino Acid(s) Count"": ""8"", "" Aliphatic Index"": ""114.386"", "" Antimicrobial Activity"": ""Antimicrobial;Fungicide;Plant defense"", "" Aromaticity"": ""0.175439"", "" BRENDA ID"": ""Not found"", "" Basic Amino Acid(s) Count"": ""0"", "" BindingDB ID"": ""Not found"", "" BioCyc ID"": ""Not found"", "" BioGRID ID"": ""Not found"", "" CCDS"": ""Not found"", "" ChEMBL ID"": ""Not found"", "" Charge (at pH 7)"": ""5.80509"", "" Counts"": ""{'A': 0, 'R': 5, 'N': 2, 'D': 0, 'C': 6, 'Q': 0, 'E': 0, 'G': 0, 'H': 2, 'I': 7, 'L': 6, 'K': 1, 'M': 1, 'F': 7, 'P': 1, 'S': 7, 'T': 4, 'W': 0, 'Y': 3, 'V': 5, 'O': 0, 'U': 0, 'B': 0, 'Z': 0, 'J': 0, 'X': 0}"", "" DIP ID"": ""Not found"", "" DrugBank ID"": ""Not found"", "" EMBL"": ""AP000603;CP002686;"", "" Ensembl ID"": ""Not found"", "" Enzymatic Activity"": ""Not found"", "" Frequencies"": ""{'A': 0.0, 'R': 0.08771929824561403, 'N': 0.03508771929824561, 'D': 0.0, 'C': 0.10526315789473684, 'Q': 0.0, 'E': 0.0, 'G': 0.0, 'H': 0.03508771929824561, 'I': 0.12280701754385964, 'L': 0.10526315789473684, 'K': 0.017543859649122806, 'M': 0.017543859649122806, 'F': 0.12280701754385964, 'P': 0.017543859649122806, 'S': 0.12280701754385964, 'T': 0.07017543859649122, 'W': 0.0, 'Y': 0.05263157894736842, 'V': 0.08771929824561403, 'O': 0.0, 'U': 0.0, 'B': 0.0, 'Z': 0.0, 'J': 0.0, 'X': 0.0}"", "" Gene names"": ""At3g13403 MRP15"", "" GeneTree ID"": ""Not found"", "" Hydrophilic Amino Acid(s) Count"": ""30"", "" Hydrophobic Amino Acid(s) Count"": ""27"", "" Hydrophobic Moment"": ""0.398548"", "" Hydrophobicity (GRAVY)"": ""1.0193"", "" Inhibitory Effect"": ""Not found"", "" Instability Index"": ""38.4053"", "" IntAct ID"": ""Not found"", "" InterPro ID"": ""Not found"", "" Isoelectric Point"": ""9.14844"", "" KEGG ID"": ""ath:AT3G13403;"", "" Length"": ""57"", "" Less Occurring Amino Acid(s)"": ""K; M; P"", "" MINT ID"": ""Not found"", "" Missing Amino Acid(s)"": ""A; D; E; G; Q; W"", "" Modified Amino Acid(s) Count"": ""0"", "" Modified Amino Acid(s) Frequencies"": ""0"", "" Molar Extinction Coefficient (cysteine|cystine)"": ""(4470, 4845)"", "" Molecular Mass"": ""6777.23"", "" Most Occurring Amino Acid(s)"": ""F; I; S"", "" Other Biological Activity"": ""Non-hemolytic;Non-ribosomal"", "" PANTHER ID"": ""Not found"", "" PDB"": ""Not found"", "" PROSITE ID"": ""Not found"", "" Protein existence"": ""Uncertain"", "" Protein families"": ""DEFL family"", "" Protein names"": ""Defensin-like protein 302"", "" PubMed ID"": ""10907853; 27862469; 15955924"", "" RNAct ID"": ""Not found"", "" RefSeq"": ""NP_001030686.1;"", "" STRING ID"": ""Not found"", "" Secondary Structure Fraction"": ""(0.49122807017543857, 0.17543859649122806, 0.12280701754385964)"", "" Sequence"": ""MLRFVLVYIPVSVVSHTLCISLFIICSTRHTCFSKRYTCLLNICFCFFISSRIRNYF"", "" Source organism"": ""Arabidopsis thaliana (Mouse-ear cress)"", "" UniProt ID"": ""Q2V3W5"", "" target organism"": ""No Target Organism Found"", ""AMPDB_No_"": ""AMPDB_35417""}"
MTFFLVIILAISSSNYNVLAVSGPPKCIALCRPGYYERFECFHDCITEGYDDGSCVPGPTTAKCGIITKTTNKICYSFAFE,MTFFLVIILAISSSNYNVLAVSGPPKCIALCRPGYYERFECFHDCITEGYDDGSCVPGPTTAKCGIITKTTNKICYSFAFE,yes,81,AMPDB,AMPDB\filtered\unclassified\Antimicrobial_dataset.tsv,23,,,unclassified,positive,,,,,positive,unknown,,,,,unknown,No Target Organism Found,Arabidopsis thaliana (Mouse-ear cress),,,"{"" Acidic Amino Acid(s) Count"": ""7"", "" Aliphatic Index"": ""78.2716"", "" Antimicrobial Activity"": ""Antimicrobial;Fungicide;Plant defense"", "" Aromaticity"": ""0.135802"", "" BRENDA ID"": ""Not found"", "" Basic Amino Acid(s) Count"": ""7"", "" BindingDB ID"": ""Not found"", "" BioCyc ID"": ""Not found"", "" BioGRID ID"": ""Not found"", "" CCDS"": ""Not found"", "" ChEMBL ID"": ""Not found"", "" Charge (at pH 7)"": ""-1.34193"", "" Counts"": ""{'A': 5, 'R': 2, 'N': 3, 'D': 3, 'C': 7, 'Q': 0, 'E': 4, 'G': 6, 'H': 1, 'I': 8, 'L': 4, 'K': 4, 'M': 1, 'F': 6, 'P': 5, 'S': 6, 'T': 7, 'W': 0, 'Y': 5, 'V': 4, 'O': 0, 'U': 0, 'B': 0, 'Z': 0, 'J': 0, 'X': 0}"", "" DIP ID"": ""Not found"", "" DrugBank ID"": ""Not found"", "" EMBL"": ""AC002341;CP002685;"", "" Ensembl ID"": ""Not found"", "" Enzymatic Activity"": ""Not found"", "" Frequencies"": ""{'A': 0.06172839506172839, 'R': 0.024691358024691357, 'N': 0.037037037037037035, 'D': 0.037037037037037035, 'C': 0.08641975308641975, 'Q': 0.0, 'E': 0.04938271604938271, 'G': 0.07407407407407407, 'H': 0.012345679012345678, 'I': 0.09876543209876543, 'L': 0.04938271604938271, 'K': 0.04938271604938271, 'M': 0.012345679012345678, 'F': 0.07407407407407407, 'P': 0.06172839506172839, 'S': 0.07407407407407407, 'T': 0.08641975308641975, 'W': 0.0, 'Y': 0.06172839506172839, 'V': 0.04938271604938271, 'O': 0.0, 'U': 0.0, 'B': 0.0, 'Z': 0.0, 'J': 0.0, 'X': 0.0}"", "" Gene names"": ""At2g34123 T14G11"", "" GeneTree ID"": ""Not found"", "" Hydrophilic Amino Acid(s) Count"": ""42"", "" Hydrophobic Amino Acid(s) Count"": ""39"", "" Hydrophobic Moment"": ""0.50975"", "" Hydrophobicity (GRAVY)"": ""0.293827"", "" Inhibitory Effect"": ""Not found"", "" Instability Index"": ""36.5988"", "" IntAct ID"": ""Not found"", "" InterPro ID"": ""Not found"", "" Isoelectric Point"": ""5.70516"", "" KEGG ID"": ""ath:AT2G34123;"", "" Length"": ""81"", "" Less Occurring Amino Acid(s)"": ""H; M"", "" MINT ID"": ""Not found"", "" Missing Amino Acid(s)"": ""Q; W"", "" Modified Amino Acid(s) Count"": ""0"", "" Modified Amino Acid(s) Frequencies"": ""0"", "" Molar Extinction Coefficient (cysteine|cystine)"": ""(7450, 7825)"", "" Molecular Mass"": ""8904.31"", "" Most Occurring Amino Acid(s)"": ""I"", "" Other Biological Activity"": ""Non-hemolytic;Non-ribosomal"", "" PANTHER ID"": ""Not found"", "" PDB"": ""Not found"", "" PROSITE ID"": ""Not found"", "" Protein existence"": ""Uncertain"", "" Protein families"": ""DEFL family"", "" Protein names"": ""Putative defensin-like protein 52"", "" PubMed ID"": ""10617197; 27862469; 15955924"", "" RNAct ID"": ""Not found"", "" RefSeq"": ""NP_001031473.1;"", "" STRING ID"": ""3702.AT2G34123.1;"", "" Secondary Structure Fraction"": ""(0.3333333333333333, 0.24691358024691357, 0.1728395061728395)"", "" Sequence"": ""MTFFLVIILAISSSNYNVLAVSGPPKCIALCRPGYYERFECFHDCITEGYDDGSCVPGPTTAKCGIITKTTNKICYSFAFE"", "" Source organism"": ""Arabidopsis thaliana (Mouse-ear cress)"", "" UniProt ID"": ""Q2V433"", "" target organism"": ""No Target Organism Found"", ""AMPDB_No_"": ""AMPDB_35423""}"
MWGRQIVLKIFFLVLSCVIVIETERIDICFIPCTRRYGDYECWFDCTYNRYKEGGCVEDVVVKHNRNRPTFRAVELCFFSIKFMYDFSMK,MWGRQIVLKIFFLVLSCVIVIETERIDICFIPCTRRYGDYECWFDCTYNRYKEGGCVEDVVVKHNRNRPTFRAVELCFFSIKFMYDFSMK,yes,90,AMPDB,AMPDB\filtered\unclassified\Antimicrobial_dataset.tsv,24,,,unclassified,positive,,,,,positive,unknown,,,,,unknown,No Target Organism Found,Arabidopsis thaliana (Mouse-ear cress),,,"{"" Acidic Amino Acid(s) Count"": ""14"", "" Aliphatic Index"": ""82.1111"", "" Antimicrobial Activity"": ""Antimicrobial;Fungicide;Plant defense"", "" Aromaticity"": ""0.177778"", "" BRENDA ID"": ""Not found"", "" Basic Amino Acid(s) Count"": ""11"", "" BindingDB ID"": ""Not found"", "" BioCyc ID"": ""Not found"", "" BioGRID ID"": ""Not found"", "" CCDS"": ""Not found"", "" ChEMBL ID"": ""Not found"", "" Charge (at pH 7)"": ""1.6622"", "" Counts"": ""{'A': 1, 'R': 8, 'N': 3, 'D': 5, 'C': 7, 'Q': 1, 'E': 6, 'G': 4, 'H': 1, 'I': 8, 'L': 4, 'K': 5, 'M': 3, 'F': 9, 'P': 2, 'S': 3, 'T': 4, 'W': 2, 'Y': 5, 'V': 9, 'O': 0, 'U': 0, 'B': 0, 'Z': 0, 'J': 0, 'X': 0}"", "" DIP ID"": ""Not found"", "" DrugBank ID"": ""Not found"", "" EMBL"": ""AC007167;CP002685;"", "" Ensembl ID"": ""Not found"", "" Enzymatic Activity"": ""Not found"", "" Frequencies"": ""{'A': 0.011111111111111112, 'R': 0.08888888888888889, 'N': 0.03333333333333333, 'D': 0.05555555555555555, 'C': 0.07777777777777778, 'Q': 0.011111111111111112, 'E': 0.06666666666666667, 'G': 0.044444444444444446, 'H': 0.011111111111111112, 'I': 0.08888888888888889, 'L': 0.044444444444444446, 'K': 0.05555555555555555, 'M': 0.03333333333333333, 'F': 0.1, 'P': 0.022222222222222223, 'S': 0.03333333333333333, 'T': 0.044444444444444446, 'W': 0.022222222222222223, 'Y': 0.05555555555555555, 'V': 0.1, 'O': 0.0, 'U': 0.0, 'B': 0.0, 'Z': 0.0, 'J': 0.0, 'X': 0.0}"", "" Gene names"": ""At2g03932 F3C11"", "" GeneTree ID"": ""Not found"", "" Hydrophilic Amino Acid(s) Count"": ""48"", "" Hydrophobic Amino Acid(s) Count"": ""42"", "" Hydrophobic Moment"": ""0.563182"", "" Hydrophobicity (GRAVY)"": ""0.107778"", "" Inhibitory Effect"": ""Not found"", "" Instability Index"": ""48.1367"", "" IntAct ID"": ""Not found"", "" InterPro ID"": ""Not found"", "" Isoelectric Point"": ""8.02866"", "" KEGG ID"": ""ath:AT2G03932;"", "" Length"": ""90"", "" Less Occurring Amino Acid(s)"": ""A; H; Q"", "" MINT ID"": ""Not found"", "" Modified Amino Acid(s) Count"": ""0"", "" Modified Amino Acid(s) Frequencies"": ""0"", "" Molar Extinction Coefficient (cysteine|cystine)"": ""(18450, 18825)"", "" Molecular Mass"": ""10903.8"", "" Most Occurring Amino Acid(s)"": ""F; V"", "" Other Biological Activity"": ""Non-hemolytic;Non-ribosomal"", "" PANTHER ID"": ""Not found"", "" PDB"": ""Not found"", "" PROSITE ID"": ""Not found"", "" Protein existence"": ""Uncertain"", "" Protein families"": ""DEFL family"", "" Protein names"": ""Putative defensin-like protein 64"", "" PubMed ID"": ""10617197; 27862469; 15955924"", "" RNAct ID"": ""Not found"", "" RefSeq"": ""NP_001031308.1;"", "" STRING ID"": ""3702.AT2G03932.1;"", "" Secondary Structure Fraction"": ""(0.4111111111111111, 0.13333333333333333, 0.15555555555555556)"", "" Sequence"": ""MWGRQIVLKIFFLVLSCVIVIETERIDICFIPCTRRYGDYECWFDCTYNRYKEGGCVEDVVVKHNRNRPTFRAVELCFFSIKFMYDFSMK"", "" Source organism"": ""Arabidopsis thaliana (Mouse-ear cress)"", "" UniProt ID"": ""Q2V4A7"", "" target organism"": ""No Target Organism Found"", ""AMPDB_No_"": ""AMPDB_35442""}"
MASLKVFSFALLIVLTFSVIGMIYNVESGGSLCCNSHPKFGKCNTNNDEQRCNRWCHNGCGNGKGGYYKSMSHGGQCHYYC,MASLKVFSFALLIVLTFSVIGMIYNVESGGSLCCNSHPKFGKCNTNNDEQRCNRWCHNGCGNGKGGYYKSMSHGGQCHYYC,yes,81,AMPDB,AMPDB\filtered\unclassified\Antimicrobial_dataset.tsv,25,,,unclassified,positive,,,,,positive,unknown,,,,,unknown,No Target Organism Found,Arabidopsis thaliana (Mouse-ear cress),,,"{"" Acidic Amino Acid(s) Count"": ""11"", "" Aliphatic Index"": ""55.3086"", "" Antimicrobial Activity"": ""Antimicrobial;Fungicide;Plant defense"", "" Aromaticity"": ""0.123457"", "" BRENDA ID"": ""Not found"", "" Basic Amino Acid(s) Count"": ""3"", "" BindingDB ID"": ""Not found"", "" BioCyc ID"": ""Not found"", "" BioGRID ID"": ""Not found"", "" CCDS"": ""Not found"", "" ChEMBL ID"": ""Not found"", "" Charge (at pH 7)"": ""3.86409"", "" Counts"": ""{'A': 2, 'R': 2, 'N': 8, 'D': 1, 'C': 8, 'Q': 2, 'E': 2, 'G': 11, 'H': 4, 'I': 3, 'L': 5, 'K': 5, 'M': 3, 'F': 4, 'P': 1, 'S': 8, 'T': 2, 'W': 1, 'Y': 5, 'V': 4, 'O': 0, 'U': 0, 'B': 0, 'Z': 0, 'J': 0, 'X': 0}"", "" DIP ID"": ""Not found"", "" DrugBank ID"": ""Not found"", "" EMBL"": ""AC069299;CP002684;"", "" Ensembl ID"": ""Not found"", "" Enzymatic Activity"": ""Not found"", "" Frequencies"": ""{'A': 0.024691358024691357, 'R': 0.024691358024691357, 'N': 0.09876543209876543, 'D': 0.012345679012345678, 'C': 0.09876543209876543, 'Q': 0.024691358024691357, 'E': 0.024691358024691357, 'G': 0.13580246913580246, 'H': 0.04938271604938271, 'I': 0.037037037037037035, 'L': 0.06172839506172839, 'K': 0.06172839506172839, 'M': 0.037037037037037035, 'F': 0.04938271604938271, 'P': 0.012345679012345678, 'S': 0.09876543209876543, 'T': 0.024691358024691357, 'W': 0.012345679012345678, 'Y': 0.06172839506172839, 'V': 0.04938271604938271, 'O': 0.0, 'U': 0.0, 'B': 0.0, 'Z': 0.0, 'J': 0.0, 'X': 0.0}"", "" Gene names"": ""At1g33607 T1E4"", "" GeneTree ID"": ""Not found"", "" Hydrophilic Amino Acid(s) Count"": ""47"", "" Hydrophobic Amino Acid(s) Count"": ""34"", "" Hydrophobic Moment"": ""0.57355"", "" Hydrophobicity (GRAVY)"": ""-0.224691"", "" Inhibitory Effect"": ""Not found"", "" Instability Index"": ""36.6235"", "" IntAct ID"": ""Not found"", "" InterPro ID"": ""IPR022618;"", "" Isoelectric Point"": ""8.40068"", "" KEGG ID"": ""ath:AT1G33607;"", "" Length"": ""81"", "" Less Occurring Amino Acid(s)"": ""D; P; W"", "" MINT ID"": ""Not found"", "" Modified Amino Acid(s) Count"": ""0"", "" Modified Amino Acid(s) Frequencies"": ""0"", "" Molar Extinction Coefficient (cysteine|cystine)"": ""(12950, 13450)"", "" Molecular Mass"": ""8939.21"", "" Most Occurring Amino Acid(s)"": ""G"", "" Other Biological Activity"": ""Non-hemolytic;Non-ribosomal"", "" PANTHER ID"": ""PTHR34453;"", "" PDB"": ""Not found"", "" PROSITE ID"": ""Not found"", "" Protein existence"": ""Uncertain"", "" Protein families"": ""DEFL family"", "" Protein names"": ""Putative defensin-like protein 26"", "" PubMed ID"": ""11130712; 27862469; 15955924"", "" RNAct ID"": ""Not found"", "" RefSeq"": ""NP_001031134.1;"", "" STRING ID"": ""Not found"", "" Secondary Structure Fraction"": ""(0.2716049382716049, 0.345679012345679, 0.14814814814814814)"", "" Sequence"": ""MASLKVFSFALLIVLTFSVIGMIYNVESGGSLCCNSHPKFGKCNTNNDEQRCNRWCHNGCGNGKGGYYKSMSHGGQCHYYC"", "" Source organism"": ""Arabidopsis thaliana (Mouse-ear cress)"", "" UniProt ID"": ""Q2V4J2"", "" target organism"": ""No Target Organism Found"", ""AMPDB_No_"": ""AMPDB_35465""}"
MASHIICYIFCIIKLSCAHVCLMSFGSSYRVGVHITHEKVAACPRQNQRLYSCDSLRILYHYSCLTTRDLLYICDCSDFENIICLIRLLLNLDFVEVKLV,MASHIICYIFCIIKLSCAHVCLMSFGSSYRVGVHITHEKVAACPRQNQRLYSCDSLRILYHYSCLTTRDLLYICDCSDFENIICLIRLLLNLDFVEVKLV,yes,100,AMPDB,AMPDB\filtered\unclassified\Antimicrobial_dataset.tsv,26,,,unclassified,positive,,,,,positive,unknown,,,,,unknown,No Target Organism Found,Arabidopsis thaliana (Mouse-ear cress),,,"{"" Acidic Amino Acid(s) Count"": ""14"", "" Aliphatic Index"": ""121.8"", "" Antimicrobial Activity"": ""Antimicrobial;Fungicide;Plant defense"", "" Aromaticity"": ""0.1"", "" BRENDA ID"": ""Not found"", "" Basic Amino Acid(s) Count"": ""8"", "" BindingDB ID"": ""Not found"", "" BioCyc ID"": ""Not found"", "" BioGRID ID"": ""Not found"", "" CCDS"": ""Not found"", "" ChEMBL ID"": ""Not found"", "" Charge (at pH 7)"": ""0.834333"", "" Counts"": ""{'A': 4, 'R': 6, 'N': 3, 'D': 5, 'C': 10, 'Q': 2, 'E': 3, 'G': 2, 'H': 5, 'I': 11, 'L': 14, 'K': 3, 'M': 2, 'F': 4, 'P': 1, 'S': 9, 'T': 3, 'W': 0, 'Y': 6, 'V': 7, 'O': 0, 'U': 0, 'B': 0, 'Z': 0, 'J': 0, 'X': 0}"", "" DIP ID"": ""Not found"", "" DrugBank ID"": ""Not found"", "" EMBL"": ""AC074360;AC079041;CP002684;"", "" Ensembl ID"": ""Not found"", "" Enzymatic Activity"": ""Not found"", "" Frequencies"": ""{'A': 0.04, 'R': 0.06, 'N': 0.03, 'D': 0.05, 'C': 0.1, 'Q': 0.02, 'E': 0.03, 'G': 0.02, 'H': 0.05, 'I': 0.11, 'L': 0.14, 'K': 0.03, 'M': 0.02, 'F': 0.04, 'P': 0.01, 'S': 0.09, 'T': 0.03, 'W': 0.0, 'Y': 0.06, 'V': 0.07, 'O': 0.0, 'U': 0.0, 'B': 0.0, 'Z': 0.0, 'J': 0.0, 'X': 0.0}"", "" Gene names"": ""At1g31772 F27M3 F5M6"", "" GeneTree ID"": ""Not found"", "" Hydrophilic Amino Acid(s) Count"": ""55"", "" Hydrophobic Amino Acid(s) Count"": ""45"", "" Hydrophobic Moment"": ""0.571488"", "" Hydrophobicity (GRAVY)"": ""0.596"", "" Inhibitory Effect"": ""Not found"", "" Instability Index"": ""59.609"", "" IntAct ID"": ""Not found"", "" InterPro ID"": ""Not found"", "" Isoelectric Point"": ""7.64144"", "" KEGG ID"": ""ath:AT1G31772;"", "" Length"": ""100"", "" Less Occurring Amino Acid(s)"": ""P"", "" MINT ID"": ""Not found"", "" Missing Amino Acid(s)"": ""W"", "" Modified Amino Acid(s) Count"": ""0"", "" Modified Amino Acid(s) Frequencies"": ""0"", "" Molar Extinction Coefficient (cysteine|cystine)"": ""(8940, 9565)"", "" Molecular Mass"": ""11553.7"", "" Most Occurring Amino Acid(s)"": ""L"", "" Other Biological Activity"": ""Non-hemolytic;Non-ribosomal"", "" PANTHER ID"": ""Not found"", "" PDB"": ""Not found"", "" PROSITE ID"": ""Not found"", "" Protein existence"": ""Uncertain"", "" Protein families"": ""DEFL family"", "" Protein names"": ""Defensin-like protein 316"", "" PubMed ID"": ""11130712; 27862469; 15955924"", "" RNAct ID"": ""Not found"", "" RefSeq"": ""NP_001031123.1;"", "" STRING ID"": ""Not found"", "" Secondary Structure Fraction"": ""(0.42, 0.15, 0.23)"", "" Sequence"": ""MASHIICYIFCIIKLSCAHVCLMSFGSSYRVGVHITHEKVAACPRQNQRLYSCDSLRILYHYSCLTTRDLLYICDCSDFENIICLIRLLLNLDFVEVKLV"", "" Source organism"": ""Arabidopsis thaliana (Mouse-ear cress)"", "" UniProt ID"": ""Q2V4J8"", "" target organism"": ""No Target Organism Found"", ""AMPDB_No_"": ""AMPDB_35467""}"
MSNLRLTIAVFLAALFQTLWWKPRGKRPQSNFHAKRIRTVLQTLLVMLCTDYRCDKGLCKCHGFGGEKENPTAAPLTA,MSNLRLTIAVFLAALFQTLWWKPRGKRPQSNFHAKRIRTVLQTLLVMLCTDYRCDKGLCKCHGFGGEKENPTAAPLTA,yes,78,AMPDB,AMPDB\filtered\unclassified\Antimicrobial_dataset.tsv,27,,,unclassified,positive,,,,,positive,unknown,,,,,unknown,No Target Organism Found,Arabidopsis thaliana (Mouse-ear cress),,,"{"" Acidic Amino Acid(s) Count"": ""14"", "" Aliphatic Index"": ""85.1282"", "" Antimicrobial Activity"": ""Antimicrobial;Fungicide;Plant defense"", "" Aromaticity"": ""0.0897436"", "" BRENDA ID"": ""Not found"", "" Basic Amino Acid(s) Count"": ""4"", "" BindingDB ID"": ""Not found"", "" BioCyc ID"": ""Not found"", "" BioGRID ID"": ""Not found"", "" CCDS"": ""Not found"", "" ChEMBL ID"": ""Not found"", "" Charge (at pH 7)"": ""7.93371"", "" Counts"": ""{'A': 7, 'R': 6, 'N': 3, 'D': 2, 'C': 4, 'Q': 3, 'E': 2, 'G': 5, 'H': 2, 'I': 2, 'L': 11, 'K': 6, 'M': 2, 'F': 4, 'P': 4, 'S': 2, 'T': 7, 'W': 2, 'Y': 1, 'V': 3, 'O': 0, 'U': 0, 'B': 0, 'Z': 0, 'J': 0, 'X': 0}"", "" DIP ID"": ""Not found"", "" DrugBank ID"": ""Not found"", "" EMBL"": ""AC027134;AC027656;CP002684;"", "" Ensembl ID"": ""Not found"", "" Enzymatic Activity"": ""Not found"", "" Frequencies"": ""{'A': 0.08974358974358974, 'R': 0.07692307692307693, 'N': 0.038461538461538464, 'D': 0.02564102564102564, 'C': 0.05128205128205128, 'Q': 0.038461538461538464, 'E': 0.02564102564102564, 'G': 0.0641025641025641, 'H': 0.02564102564102564, 'I': 0.02564102564102564, 'L': 0.14102564102564102, 'K': 0.07692307692307693, 'M': 0.02564102564102564, 'F': 0.05128205128205128, 'P': 0.05128205128205128, 'S': 0.02564102564102564, 'T': 0.08974358974358974, 'W': 0.02564102564102564, 'Y': 0.01282051282051282, 'V': 0.038461538461538464, 'O': 0.0, 'U': 0.0, 'B': 0.0, 'Z': 0.0, 'J': 0.0, 'X': 0.0}"", "" Gene names"": ""At1g13608 F13B4 F21F23"", "" GeneTree ID"": ""Not found"", "" Hydrophilic Amino Acid(s) Count"": ""38"", "" Hydrophobic Amino Acid(s) Count"": ""40"", "" Hydrophobic Moment"": ""0.648312"", "" Hydrophobicity (GRAVY)"": ""-0.112821"", "" Inhibitory Effect"": ""Not found"", "" Instability Index"": ""45.9526"", "" IntAct ID"": ""Not found"", "" InterPro ID"": ""Not found"", "" Isoelectric Point"": ""10.5711"", "" KEGG ID"": ""ath:AT1G13608;"", "" Length"": ""78"", "" Less Occurring Amino Acid(s)"": ""Y"", "" MINT ID"": ""Not found"", "" Modified Amino Acid(s) Count"": ""0"", "" Modified Amino Acid(s) Frequencies"": ""0"", "" Molar Extinction Coefficient (cysteine|cystine)"": ""(12490, 12740)"", "" Molecular Mass"": ""8834.47"", "" Most Occurring Amino Acid(s)"": ""L"", "" Other Biological Activity"": ""Non-hemolytic;Non-ribosomal"", "" PANTHER ID"": ""Not found"", "" PDB"": ""Not found"", "" PROSITE ID"": ""Not found"", "" Protein existence"": ""Uncertain"", "" Protein families"": ""DEFL family"", "" Protein names"": ""Putative defensin-like protein 288"", "" PubMed ID"": ""11130712; 27862469; 15955924"", "" RNAct ID"": ""Not found"", "" RefSeq"": ""NP_001031040.1;"", "" STRING ID"": ""Not found"", "" Secondary Structure Fraction"": ""(0.2948717948717948, 0.1794871794871795, 0.28205128205128205)"", "" Sequence"": ""MSNLRLTIAVFLAALFQTLWWKPRGKRPQSNFHAKRIRTVLQTLLVMLCTDYRCDKGLCKCHGFGGEKENPTAAPLTA"", "" Source organism"": ""Arabidopsis thaliana (Mouse-ear cress)"", "" UniProt ID"": ""Q2V4N5"", "" target organism"": ""No Target Organism Found"", ""AMPDB_No_"": ""AMPDB_35472""}"
MTTKKTSSVVLPLLLVFALILMPMVAGQLKSTCRIAEAWKGAKECNAKCAALGTTRGGVCQKFLGDLYCCCWD,MTTKKTSSVVLPLLLVFALILMPMVAGQLKSTCRIAEAWKGAKECNAKCAALGTTRGGVCQKFLGDLYCCCWD,yes,73,AMPDB,AMPDB\filtered\unclassified\Antimicrobial_dataset.tsv,28,,,unclassified,positive,,,,,positive,unknown,,,,,unknown,No Target Organism Found,Arabidopsis thaliana (Mouse-ear cress),,,"{"" Acidic Amino Acid(s) Count"": ""9"", "" Aliphatic Index"": ""94.9315"", "" Antimicrobial Activity"": ""Antimicrobial;Fungicide;Plant defense"", "" Aromaticity"": ""0.0684932"", "" BRENDA ID"": ""Not found"", "" Basic Amino Acid(s) Count"": ""4"", "" BindingDB ID"": ""Not found"", "" BioCyc ID"": ""Not found"", "" BioGRID ID"": ""30165;"", "" CCDS"": ""Not found"", "" ChEMBL ID"": ""Not found"", "" Charge (at pH 7)"": ""4.56568"", "" Counts"": ""{'A': 8, 'R': 2, 'N': 1, 'D': 2, 'C': 7, 'Q': 2, 'E': 2, 'G': 6, 'H': 0, 'I': 2, 'L': 10, 'K': 7, 'M': 3, 'F': 2, 'P': 2, 'S': 3, 'T': 6, 'W': 2, 'Y': 1, 'V': 5, 'O': 0, 'U': 0, 'B': 0, 'Z': 0, 'J': 0, 'X': 0}"", "" DIP ID"": ""Not found"", "" DrugBank ID"": ""Not found"", "" EMBL"": ""AC007266;CP002685;BT026394;"", "" Ensembl ID"": ""Not found"", "" Enzymatic Activity"": ""Not found"", "" Frequencies"": ""{'A': 0.1095890410958904, 'R': 0.0273972602739726, 'N': 0.0136986301369863, 'D': 0.0273972602739726, 'C': 0.0958904109589041, 'Q': 0.0273972602739726, 'E': 0.0273972602739726, 'G': 0.0821917808219178, 'H': 0.0, 'I': 0.0273972602739726, 'L': 0.136986301369863, 'K': 0.0958904109589041, 'M': 0.0410958904109589, 'F': 0.0273972602739726, 'P': 0.0273972602739726, 'S': 0.0410958904109589, 'T': 0.0821917808219178, 'W': 0.0273972602739726, 'Y': 0.0136986301369863, 'V': 0.0684931506849315, 'O': 0.0, 'U': 0.0, 'B': 0.0, 'Z': 0.0, 'J': 0.0, 'X': 0.0}"", "" Gene names"": ""At2g24693 F27A10"", "" GeneTree ID"": ""Not found"", "" Hydrophilic Amino Acid(s) Count"": ""33"", "" Hydrophobic Amino Acid(s) Count"": ""40"", "" Hydrophobic Moment"": ""0.585502"", "" Hydrophobicity (GRAVY)"": ""0.480822"", "" Inhibitory Effect"": ""Not found"", "" Instability Index"": ""26.4753"", "" IntAct ID"": ""Q3E7S1;"", "" InterPro ID"": ""Not found"", "" Isoelectric Point"": ""8.71242"", "" KEGG ID"": ""ath:AT2G24693;"", "" Length"": ""73"", "" Less Occurring Amino Acid(s)"": ""N; Y"", "" MINT ID"": ""Not found"", "" Missing Amino Acid(s)"": ""H"", "" Modified Amino Acid(s) Count"": ""0"", "" Modified Amino Acid(s) Frequencies"": ""0"", "" Molar Extinction Coefficient (cysteine|cystine)"": ""(12490, 12865)"", "" Molecular Mass"": ""7858.5"", "" Most Occurring Amino Acid(s)"": ""L"", "" Other Biological Activity"": ""Non-hemolytic;Non-ribosomal"", "" PANTHER ID"": ""Not found"", "" PDB"": ""Not found"", "" PROSITE ID"": ""Not found"", "" Protein existence"": ""Uncertain"", "" Protein families"": ""DEFL family"", "" Protein names"": ""Defensin-like protein 87"", "" PubMed ID"": ""10617197; 27862469; 15955924"", "" RNAct ID"": ""Not found"", "" RefSeq"": ""NP_973529.1;"", "" STRING ID"": ""Not found"", "" Secondary Structure Fraction"": ""(0.3013698630136986, 0.1643835616438356, 0.3150684931506849)"", "" Sequence"": ""MTTKKTSSVVLPLLLVFALILMPMVAGQLKSTCRIAEAWKGAKECNAKCAALGTTRGGVCQKFLGDLYCCCWD"", "" Source organism"": ""Arabidopsis thaliana (Mouse-ear cress)"", "" UniProt ID"": ""Q3E7S1"", "" target organism"": ""No Target Organism Found"", ""AMPDB_No_"": ""AMPDB_35592""}"
MTQGKRKHPCDLKNPSKRAPPATCNKPNGAILCGDFCLHEGYNIGKCVMRRTGKACICSQCEGW,MTQGKRKHPCDLKNPSKRAPPATCNKPNGAILCGDFCLHEGYNIGKCVMRRTGKACICSQCEGW,yes,64,AMPDB,AMPDB\filtered\unclassified\Antimicrobial_dataset.tsv,29,,,unclassified,positive,,,,,positive,unknown,,,,,unknown,No Target Organism Found,Arabidopsis thaliana (Mouse-ear cress),,,"{"" Acidic Amino Acid(s) Count"": ""13"", "" Aliphatic Index"": ""47.3438"", "" Antimicrobial Activity"": ""Antimicrobial;Fungicide;Plant defense"", "" Aromaticity"": ""0.046875"", "" BRENDA ID"": ""Not found"", "" Basic Amino Acid(s) Count"": ""4"", "" BindingDB ID"": ""Not found"", "" BioCyc ID"": ""Not found"", "" BioGRID ID"": ""Not found"", "" CCDS"": ""Not found"", "" ChEMBL ID"": ""Not found"", "" Charge (at pH 7)"": ""6.68552"", "" Counts"": ""{'A': 4, 'R': 4, 'N': 4, 'D': 2, 'C': 8, 'Q': 2, 'E': 2, 'G': 7, 'H': 2, 'I': 3, 'L': 3, 'K': 7, 'M': 2, 'F': 1, 'P': 5, 'S': 2, 'T': 3, 'W': 1, 'Y': 1, 'V': 1, 'O': 0, 'U': 0, 'B': 0, 'Z': 0, 'J': 0, 'X': 0}"", "" DIP ID"": ""Not found"", "" DrugBank ID"": ""Not found"", "" EMBL"": ""AB009050;CP002688;BT025633;AY089016;"", "" Ensembl ID"": ""Not found"", "" Enzymatic Activity"": ""Not found"", "" Frequencies"": ""{'A': 0.0625, 'R': 0.0625, 'N': 0.0625, 'D': 0.03125, 'C': 0.125, 'Q': 0.03125, 'E': 0.03125, 'G': 0.109375, 'H': 0.03125, 'I': 0.046875, 'L': 0.046875, 'K': 0.109375, 'M': 0.03125, 'F': 0.015625, 'P': 0.078125, 'S': 0.03125, 'T': 0.046875, 'W': 0.015625, 'Y': 0.015625, 'V': 0.015625, 'O': 0.0, 'U': 0.0, 'B': 0.0, 'Z': 0.0, 'J': 0.0, 'X': 0.0}"", "" Gene names"": ""At5g55565 MDF20"", "" GeneTree ID"": ""Not found"", "" Hydrophilic Amino Acid(s) Count"": ""37"", "" Hydrophobic Amino Acid(s) Count"": ""27"", "" Hydrophobic Moment"": ""0.639891"", "" Hydrophobicity (GRAVY)"": ""-0.632812"", "" Inhibitory Effect"": ""Not found"", "" Instability Index"": ""51.1844"", "" IntAct ID"": ""Not found"", "" InterPro ID"": ""Not found"", "" Isoelectric Point"": ""9.00685"", "" KEGG ID"": ""ath:AT5G55565;"", "" Length"": ""64"", "" Less Occurring Amino Acid(s)"": ""F; V; W; Y"", "" MINT ID"": ""Not found"", "" Modified Amino Acid(s) Count"": ""0"", "" Modified Amino Acid(s) Frequencies"": ""0"", "" Molar Extinction Coefficient (cysteine|cystine)"": ""(6990, 7490)"", "" Molecular Mass"": ""7024.23"", "" Most Occurring Amino Acid(s)"": ""C"", "" Other Biological Activity"": ""Non-hemolytic;Non-ribosomal"", "" PANTHER ID"": ""Not found"", "" PDB"": ""Not found"", "" PROSITE ID"": ""Not found"", "" Protein existence"": ""Uncertain"", "" Protein families"": ""DEFL family"", "" Protein names"": ""Defensin-like protein 41"", "" PubMed ID"": ""9628582; 27862469; 15955924"", "" RNAct ID"": ""Not found"", "" RefSeq"": ""NP_974938.1;"", "" STRING ID"": ""Not found"", "" Secondary Structure Fraction"": ""(0.15625, 0.28125, 0.171875)"", "" Sequence"": ""MTQGKRKHPCDLKNPSKRAPPATCNKPNGAILCGDFCLHEGYNIGKCVMRRTGKACICSQCEGW"", "" Source organism"": ""Arabidopsis thaliana (Mouse-ear cress)"", "" UniProt ID"": ""Q3E8B0"", "" target organism"": ""No Target Organism Found"", ""AMPDB_No_"": ""AMPDB_35593""}"
MLRANVVVSLVIFAALMQCMNGKENITPWIYSMKQPVSCNREHSEIGICLSGIDDDIQNDGKCWKFCLMVAKSGGYNADK,MLRANVVVSLVIFAALMQCMNGKENITPWIYSMKQPVSCNREHSEIGICLSGIDDDIQNDGKCWKFCLMVAKSGGYNADK,yes,80,AMPDB,AMPDB\filtered\unclassified\Fungicide_dataset.tsv,2,,,unclassified,positive,,,,,positive,unknown,,,,,unknown,No Target Organism Found,Arabidopsis thaliana (Mouse-ear cress),,,"{"" Acidic Amino Acid(s) Count"": ""9"", "" Aliphatic Index"": ""86.5"", "" Antimicrobial Activity"": ""Antimicrobial;Fungicide;Plant defense"", "" Aromaticity"": ""0.075"", "" BRENDA ID"": ""Not found"", "" Basic Amino Acid(s) Count"": ""8"", "" BindingDB ID"": ""Not found"", "" BioCyc ID"": ""Not found"", "" BioGRID ID"": ""Not found"", "" CCDS"": ""Not found"", "" ChEMBL ID"": ""Not found"", "" Charge (at pH 7)"": ""-0.2169"", "" Counts"": ""{'A': 5, 'R': 2, 'N': 6, 'D': 5, 'C': 5, 'Q': 3, 'E': 3, 'G': 6, 'H': 1, 'I': 7, 'L': 5, 'K': 6, 'M': 5, 'F': 2, 'P': 2, 'S': 6, 'T': 1, 'W': 2, 'Y': 2, 'V': 6, 'O': 0, 'U': 0, 'B': 0, 'Z': 0, 'J': 0, 'X': 0}"", "" DIP ID"": ""Not found"", "" DrugBank ID"": ""Not found"", "" EMBL"": ""Z97335;AL161538;CP002687;"", "" Ensembl ID"": ""Not found"", "" Enzymatic Activity"": ""Not found"", "" Frequencies"": ""{'A': 0.0625, 'R': 0.025, 'N': 0.075, 'D': 0.0625, 'C': 0.0625, 'Q': 0.0375, 'E': 0.0375, 'G': 0.075, 'H': 0.0125, 'I': 0.0875, 'L': 0.0625, 'K': 0.075, 'M': 0.0625, 'F': 0.025, 'P': 0.025, 'S': 0.075, 'T': 0.0125, 'W': 0.025, 'Y': 0.025, 'V': 0.075, 'O': 0.0, 'U': 0.0, 'B': 0.0, 'Z': 0.0, 'J': 0.0, 'X': 0.0}"", "" Gene names"": ""At4g14272 dl3175w"", "" GeneTree ID"": ""Not found"", "" Hydrophilic Amino Acid(s) Count"": ""40"", "" Hydrophobic Amino Acid(s) Count"": ""40"", "" Hydrophobic Moment"": ""0.464854"", "" Hydrophobicity (GRAVY)"": ""0.02125"", "" Inhibitory Effect"": ""Not found"", "" Instability Index"": ""35.3375"", "" IntAct ID"": ""Not found"", "" InterPro ID"": ""Not found"", "" Isoelectric Point"": ""7.07945"", "" KEGG ID"": ""ath:AT4G14272;"", "" Length"": ""80"", "" Less Occurring Amino Acid(s)"": ""H; T"", "" MINT ID"": ""Not found"", "" Modified Amino Acid(s) Count"": ""0"", "" Modified Amino Acid(s) Frequencies"": ""0"", "" Molar Extinction Coefficient (cysteine|cystine)"": ""(13980, 14230)"", "" Molecular Mass"": ""8901.39"", "" Most Occurring Amino Acid(s)"": ""I"", "" Other Biological Activity"": ""Non-hemolytic;Non-ribosomal"", "" PANTHER ID"": ""Not found"", "" PDB"": ""Not found"", "" PROSITE ID"": ""Not found"", "" Protein existence"": ""Uncertain"", "" Protein families"": ""DEFL family"", "" Protein names"": ""Putative defensin-like protein 28"", "" PubMed ID"": ""9461215; 10617198; 27862469; 15955924"", "" RNAct ID"": ""Not found"", "" RefSeq"": ""NP_001031635.5;"", "" STRING ID"": ""Not found"", "" Secondary Structure Fraction"": ""(0.29999999999999993, 0.25, 0.225)"", "" Sequence"": ""MLRANVVVSLVIFAALMQCMNGKENITPWIYSMKQPVSCNREHSEIGICLSGIDDDIQNDGKCWKFCLMVAKSGGYNADK"", "" Source organism"": ""Arabidopsis thaliana (Mouse-ear cress)"", "" UniProt ID"": ""P0CAY0"", "" target organism"": ""No Target Organism Found"", ""AMPDB_No_"": ""AMPDB_34740""}"
MNWELCDDYPSKAPPETCNKVDGARRCRTSCNNEGYGGANCNLKGKVKVCECTILRVCLPHHKRPPHVPKPPK,MNWELCDDYPSKAPPETCNKVDGARRCRTSCNNEGYGGANCNLKGKVKVCECTILRVCLPHHKRPPHVPKPPK,yes,73,AMPDB,AMPDB\filtered\unclassified\Fungicide_dataset.tsv,3,,,unclassified,positive,,,,,positive,unknown,,,,,unknown,No Target Organism Found,Arabidopsis thaliana (Mouse-ear cress),,,"{"" Acidic Amino Acid(s) Count"": ""16"", "" Aliphatic Index"": ""50.6849"", "" Antimicrobial Activity"": ""Antimicrobial;Fungicide;Plant defense"", "" Aromaticity"": ""0.0410959"", "" BRENDA ID"": ""Not found"", "" Basic Amino Acid(s) Count"": ""7"", "" BindingDB ID"": ""Not found"", "" BioCyc ID"": ""Not found"", "" BioGRID ID"": ""Not found"", "" CCDS"": ""Not found"", "" ChEMBL ID"": ""Not found"", "" Charge (at pH 7)"": ""5.77928"", "" Counts"": ""{'A': 3, 'R': 5, 'N': 6, 'D': 3, 'C': 8, 'Q': 0, 'E': 4, 'G': 5, 'H': 3, 'I': 1, 'L': 4, 'K': 8, 'M': 1, 'F': 0, 'P': 9, 'S': 2, 'T': 3, 'W': 1, 'Y': 2, 'V': 5, 'O': 0, 'U': 0, 'B': 0, 'Z': 0, 'J': 0, 'X': 0}"", "" DIP ID"": ""Not found"", "" DrugBank ID"": ""Not found"", "" EMBL"": ""AP000381;CP002686;"", "" Ensembl ID"": ""Not found"", "" Enzymatic Activity"": ""Not found"", "" Frequencies"": ""{'A': 0.0410958904109589, 'R': 0.0684931506849315, 'N': 0.0821917808219178, 'D': 0.0410958904109589, 'C': 0.1095890410958904, 'Q': 0.0, 'E': 0.0547945205479452, 'G': 0.0684931506849315, 'H': 0.0410958904109589, 'I': 0.0136986301369863, 'L': 0.0547945205479452, 'K': 0.1095890410958904, 'M': 0.0136986301369863, 'F': 0.0, 'P': 0.1232876712328767, 'S': 0.0273972602739726, 'T': 0.0410958904109589, 'W': 0.0136986301369863, 'Y': 0.0273972602739726, 'V': 0.0684931506849315, 'O': 0.0, 'U': 0.0, 'B': 0.0, 'Z': 0.0, 'J': 0.0, 'X': 0.0}"", "" Gene names"": ""At3g27283 K17E12"", "" GeneTree ID"": ""Not found"", "" Hydrophilic Amino Acid(s) Count"": ""44"", "" Hydrophobic Amino Acid(s) Count"": ""29"", "" Hydrophobic Moment"": ""0.517585"", "" Hydrophobicity (GRAVY)"": ""-0.882192"", "" Inhibitory Effect"": ""Not found"", "" Instability Index"": ""64.1041"", "" IntAct ID"": ""Not found"", "" InterPro ID"": ""Not found"", "" Isoelectric Point"": ""8.77982"", "" KEGG ID"": ""Not found"", "" Length"": ""73"", "" Less Occurring Amino Acid(s)"": ""I; M; W"", "" MINT ID"": ""Not found"", "" Missing Amino Acid(s)"": ""F; Q"", "" Modified Amino Acid(s) Count"": ""0"", "" Modified Amino Acid(s) Frequencies"": ""0"", "" Molar Extinction Coefficient (cysteine|cystine)"": ""(8480, 8980)"", "" Molecular Mass"": ""8162.47"", "" Most Occurring Amino Acid(s)"": ""P"", "" Other Biological Activity"": ""Non-hemolytic;Non-ribosomal"", "" PANTHER ID"": ""Not found"", "" PDB"": ""Not found"", "" PROSITE ID"": ""Not found"", "" Protein existence"": ""Uncertain"", "" Protein families"": ""DEFL family"", "" Protein names"": ""Putative defensin-like protein 42"", "" PubMed ID"": ""10907853; 27862469; 15955924"", "" RNAct ID"": ""Not found"", "" RefSeq"": ""Not found"", "" STRING ID"": ""Not found"", "" Secondary Structure Fraction"": ""(0.1780821917808219, 0.3013698630136986, 0.1643835616438356)"", "" Sequence"": ""MNWELCDDYPSKAPPETCNKVDGARRCRTSCNNEGYGGANCNLKGKVKVCECTILRVCLPHHKRPPHVPKPPK"", "" Source organism"": ""Arabidopsis thaliana (Mouse-ear cress)"", "" UniProt ID"": ""P0CAY1"", "" target organism"": ""No Target Organism Found"", ""AMPDB_No_"": ""AMPDB_34741""}"
MFSQNICMWRDCFARCSPGYYERFECFHDCITKGYDDGNCVPGPKTGRCCCTR,MFSQNICMWRDCFARCSPGYYERFECFHDCITKGYDDGNCVPGPKTGRCCCTR,yes,53,AMPDB,AMPDB\filtered\unclassified\Fungicide_dataset.tsv,4,,,unclassified,positive,,,,,positive,unknown,,,,,unknown,No Target Organism Found,Arabidopsis thaliana (Mouse-ear cress),,,"{"" Acidic Amino Acid(s) Count"": ""8"", "" Aliphatic Index"": ""22.0755"", "" Antimicrobial Activity"": ""Antimicrobial;Fungicide;Plant defense"", "" Aromaticity"": ""0.150943"", "" BRENDA ID"": ""Not found"", "" Basic Amino Acid(s) Count"": ""6"", "" BindingDB ID"": ""Not found"", "" BioCyc ID"": ""Not found"", "" BioGRID ID"": ""Not found"", "" CCDS"": ""Not found"", "" ChEMBL ID"": ""Not found"", "" Charge (at pH 7)"": ""0.533299"", "" Counts"": ""{'A': 1, 'R': 5, 'N': 2, 'D': 4, 'C': 9, 'Q': 1, 'E': 2, 'G': 5, 'H': 1, 'I': 2, 'L': 0, 'K': 2, 'M': 2, 'F': 4, 'P': 3, 'S': 2, 'T': 3, 'W': 1, 'Y': 3, 'V': 1, 'O': 0, 'U': 0, 'B': 0, 'Z': 0, 'J': 0, 'X': 0}"", "" DIP ID"": ""Not found"", "" DrugBank ID"": ""Not found"", "" EMBL"": ""AC002341;CP002685;"", "" Ensembl ID"": ""Not found"", "" Enzymatic Activity"": ""Not found"", "" Frequencies"": ""{'A': 0.018867924528301886, 'R': 0.09433962264150944, 'N': 0.03773584905660377, 'D': 0.07547169811320754, 'C': 0.16981132075471697, 'Q': 0.018867924528301886, 'E': 0.03773584905660377, 'G': 0.09433962264150944, 'H': 0.018867924528301886, 'I': 0.03773584905660377, 'L': 0.0, 'K': 0.03773584905660377, 'M': 0.03773584905660377, 'F': 0.07547169811320754, 'P': 0.05660377358490566, 'S': 0.03773584905660377, 'T': 0.05660377358490566, 'W': 0.018867924528301886, 'Y': 0.05660377358490566, 'V': 0.018867924528301886, 'O': 0.0, 'U': 0.0, 'B': 0.0, 'Z': 0.0, 'J': 0.0, 'X': 0.0}"", "" Gene names"": ""At2g34135 T14G11"", "" GeneTree ID"": ""Not found"", "" Hydrophilic Amino Acid(s) Count"": ""34"", "" Hydrophobic Amino Acid(s) Count"": ""19"", "" Hydrophobic Moment"": ""0.561022"", "" Hydrophobicity (GRAVY)"": ""-0.524528"", "" Inhibitory Effect"": ""Not found"", "" Instability Index"": ""49.6509"", "" IntAct ID"": ""Not found"", "" InterPro ID"": ""Not found"", "" Isoelectric Point"": ""7.58633"", "" KEGG ID"": ""Not found"", "" Length"": ""53"", "" Less Occurring Amino Acid(s)"": ""A; H; Q; V; W"", "" MINT ID"": ""Not found"", "" Missing Amino Acid(s)"": ""L"", "" Modified Amino Acid(s) Count"": ""0"", "" Modified Amino Acid(s) Frequencies"": ""0"", "" Molar Extinction Coefficient (cysteine|cystine)"": ""(9970, 10470)"", "" Molecular Mass"": ""6173.06"", "" Most Occurring Amino Acid(s)"": ""C"", "" Other Biological Activity"": ""Non-hemolytic;Non-ribosomal"", "" PANTHER ID"": ""Not found"", "" PDB"": ""Not found"", "" PROSITE ID"": ""Not found"", "" Protein existence"": ""Uncertain"", "" Protein families"": ""DEFL family"", "" Protein names"": ""Putative defensin-like protein 53"", "" PubMed ID"": ""10617197; 27862469; 15955924"", "" RNAct ID"": ""Not found"", "" RefSeq"": ""Not found"", "" STRING ID"": ""Not found"", "" Secondary Structure Fraction"": ""(0.20754716981132076, 0.22641509433962265, 0.09433962264150943)"", "" Sequence"": ""MFSQNICMWRDCFARCSPGYYERFECFHDCITKGYDDGNCVPGPKTGRCCCTR"", "" Source organism"": ""Arabidopsis thaliana (Mouse-ear cress)"", "" UniProt ID"": ""P0CAY2"", "" target organism"": ""No Target Organism Found"", ""AMPDB_No_"": ""AMPDB_34742""}"
MLMACYSAGQLGCLVFCNEAEYSYGKCIGRGRCCCYDL,MLMACYSAGQLGCLVFCNEAEYSYGKCIGRGRCCCYDL,yes,38,AMPDB,AMPDB\filtered\unclassified\Fungicide_dataset.tsv,5,,,unclassified,positive,,,,,positive,unknown,,,,,unknown,No Target Organism Found,Arabidopsis thaliana (Mouse-ear cress),,,"{"" Acidic Amino Acid(s) Count"": ""3"", "" Aliphatic Index"": ""66.8421"", "" Antimicrobial Activity"": ""Antimicrobial;Fungicide;Plant defense"", "" Aromaticity"": ""0.131579"", "" BRENDA ID"": ""Not found"", "" Basic Amino Acid(s) Count"": ""3"", "" BindingDB ID"": ""Not found"", "" BioCyc ID"": ""Not found"", "" BioGRID ID"": ""Not found"", "" CCDS"": ""Not found"", "" ChEMBL ID"": ""Not found"", "" Charge (at pH 7)"": ""-0.435545"", "" Counts"": ""{'A': 3, 'R': 2, 'N': 1, 'D': 1, 'C': 7, 'Q': 1, 'E': 2, 'G': 5, 'H': 0, 'I': 1, 'L': 4, 'K': 1, 'M': 2, 'F': 1, 'P': 0, 'S': 2, 'T': 0, 'W': 0, 'Y': 4, 'V': 1, 'O': 0, 'U': 0, 'B': 0, 'Z': 0, 'J': 0, 'X': 0}"", "" DIP ID"": ""Not found"", "" DrugBank ID"": ""Not found"", "" EMBL"": ""AC005882;CP002684;"", "" Ensembl ID"": ""Not found"", "" Enzymatic Activity"": ""Not found"", "" Frequencies"": ""{'A': 0.07894736842105263, 'R': 0.05263157894736842, 'N': 0.02631578947368421, 'D': 0.02631578947368421, 'C': 0.18421052631578946, 'Q': 0.02631578947368421, 'E': 0.05263157894736842, 'G': 0.13157894736842105, 'H': 0.0, 'I': 0.02631578947368421, 'L': 0.10526315789473684, 'K': 0.02631578947368421, 'M': 0.05263157894736842, 'F': 0.02631578947368421, 'P': 0.0, 'S': 0.05263157894736842, 'T': 0.0, 'W': 0.0, 'Y': 0.10526315789473684, 'V': 0.02631578947368421, 'O': 0.0, 'U': 0.0, 'B': 0.0, 'Z': 0.0, 'J': 0.0, 'X': 0.0}"", "" Gene names"": ""At1g61685 T13M11"", "" GeneTree ID"": ""Not found"", "" Hydrophilic Amino Acid(s) Count"": ""21"", "" Hydrophobic Amino Acid(s) Count"": ""17"", "" Hydrophobic Moment"": ""0.458723"", "" Hydrophobicity (GRAVY)"": ""0.373684"", "" Inhibitory Effect"": ""Not found"", "" Instability Index"": ""29.1447"", "" IntAct ID"": ""Not found"", "" InterPro ID"": ""Not found"", "" Isoelectric Point"": ""6.0848"", "" KEGG ID"": ""Not found"", "" Length"": ""38"", "" Less Occurring Amino Acid(s)"": ""D; F; I; K; N; Q; V"", "" MINT ID"": ""Not found"", "" Missing Amino Acid(s)"": ""H; P; T; W"", "" Modified Amino Acid(s) Count"": ""0"", "" Modified Amino Acid(s) Frequencies"": ""0"", "" Molar Extinction Coefficient (cysteine|cystine)"": ""(5960, 6335)"", "" Molecular Mass"": ""4195.94"", "" Most Occurring Amino Acid(s)"": ""C"", "" Other Biological Activity"": ""Non-hemolytic;Non-ribosomal"", "" PANTHER ID"": ""Not found"", "" PDB"": ""Not found"", "" PROSITE ID"": ""Not found"", "" Protein existence"": ""Uncertain"", "" Protein families"": ""DEFL family"", "" Protein names"": ""Putative defensin-like protein 105"", "" PubMed ID"": ""11130712; 27862469; 15955924"", "" RNAct ID"": ""Not found"", "" RefSeq"": ""Not found"", "" STRING ID"": ""Not found"", "" Secondary Structure Fraction"": ""(0.2894736842105263, 0.21052631578947367, 0.2894736842105263)"", "" Sequence"": ""MLMACYSAGQLGCLVFCNEAEYSYGKCIGRGRCCCYDL"", "" Source organism"": ""Arabidopsis thaliana (Mouse-ear cress)"", "" UniProt ID"": ""P0CAY3"", "" target organism"": ""No Target Organism Found"", ""AMPDB_No_"": ""AMPDB_34743""}"
MIIVIIFLVIYFNNQLYMCVSSTCVIQWCAIQCKRKEANGIGTCKPRPNQGKIQYRKLKEECHCVYKCS,MIIVIIFLVIYFNNQLYMCVSSTCVIQWCAIQCKRKEANGIGTCKPRPNQGKIQYRKLKEECHCVYKCS,yes,69,AMPDB,AMPDB\filtered\unclassified\Fungicide_dataset.tsv,6,,,unclassified,positive,,,,,positive,unknown,,,,,unknown,No Target Organism Found,Arabidopsis thaliana (Mouse-ear cress),,,"{"" Acidic Amino Acid(s) Count"": ""11"", "" Aliphatic Index"": ""91.7391"", "" Antimicrobial Activity"": ""Antimicrobial;Fungicide;Plant defense"", "" Aromaticity"": ""0.101449"", "" BRENDA ID"": ""Not found"", "" Basic Amino Acid(s) Count"": ""3"", "" BindingDB ID"": ""Not found"", "" BioCyc ID"": ""Not found"", "" BioGRID ID"": ""Not found"", "" CCDS"": ""Not found"", "" ChEMBL ID"": ""Not found"", "" Charge (at pH 7)"": ""6.59294"", "" Counts"": ""{'A': 2, 'R': 3, 'N': 4, 'D': 0, 'C': 8, 'Q': 5, 'E': 3, 'G': 3, 'H': 1, 'I': 9, 'L': 3, 'K': 7, 'M': 2, 'F': 2, 'P': 2, 'S': 3, 'T': 2, 'W': 1, 'Y': 4, 'V': 5, 'O': 0, 'U': 0, 'B': 0, 'Z': 0, 'J': 0, 'X': 0}"", "" DIP ID"": ""Not found"", "" DrugBank ID"": ""Not found"", "" EMBL"": ""AC025294;CP002684;EF182842;"", "" Ensembl ID"": ""Not found"", "" Enzymatic Activity"": ""Not found"", "" Frequencies"": ""{'A': 0.028985507246376812, 'R': 0.043478260869565216, 'N': 0.057971014492753624, 'D': 0.0, 'C': 0.11594202898550725, 'Q': 0.07246376811594203, 'E': 0.043478260869565216, 'G': 0.043478260869565216, 'H': 0.014492753623188406, 'I': 0.13043478260869565, 'L': 0.043478260869565216, 'K': 0.10144927536231885, 'M': 0.028985507246376812, 'F': 0.028985507246376812, 'P': 0.028985507246376812, 'S': 0.043478260869565216, 'T': 0.028985507246376812, 'W': 0.014492753623188406, 'Y': 0.057971014492753624, 'V': 0.07246376811594203, 'O': 0.0, 'U': 0.0, 'B': 0.0, 'Z': 0.0, 'J': 0.0, 'X': 0.0}"", "" Gene names"": ""At1g51802 F19C24"", "" GeneTree ID"": ""Not found"", "" Hydrophilic Amino Acid(s) Count"": ""40"", "" Hydrophobic Amino Acid(s) Count"": ""29"", "" Hydrophobic Moment"": ""0.529874"", "" Hydrophobicity (GRAVY)"": ""0.0811594"", "" Inhibitory Effect"": ""Not found"", "" Instability Index"": ""18.1783"", "" IntAct ID"": ""Not found"", "" InterPro ID"": ""Not found"", "" Isoelectric Point"": ""8.95923"", "" KEGG ID"": ""Not found"", "" Length"": ""69"", "" Less Occurring Amino Acid(s)"": ""H; W"", "" MINT ID"": ""Not found"", "" Missing Amino Acid(s)"": ""D"", "" Modified Amino Acid(s) Count"": ""0"", "" Modified Amino Acid(s) Frequencies"": ""0"", "" Molar Extinction Coefficient (cysteine|cystine)"": ""(11460, 11960)"", "" Molecular Mass"": ""8050.69"", "" Most Occurring Amino Acid(s)"": ""I"", "" Other Biological Activity"": ""Non-hemolytic;Non-ribosomal"", "" PANTHER ID"": ""Not found"", "" PDB"": ""Not found"", "" PROSITE ID"": ""Not found"", "" Protein existence"": ""Uncertain"", "" Protein families"": ""DEFL family"", "" Protein names"": ""Defensin-like protein 166"", "" PubMed ID"": ""11130712; 27862469; 17565583; 15955924"", "" RNAct ID"": ""Not found"", "" RefSeq"": ""Not found"", "" STRING ID"": ""Not found"", "" Secondary Structure Fraction"": ""(0.34782608695652173, 0.17391304347826086, 0.14492753623188406)"", "" Sequence"": ""MIIVIIFLVIYFNNQLYMCVSSTCVIQWCAIQCKRKEANGIGTCKPRPNQGKIQYRKLKEECHCVYKCS"", "" Source organism"": ""Arabidopsis thaliana (Mouse-ear cress)"", "" UniProt ID"": ""P0CAY5"", "" target organism"": ""No Target Organism Found"", ""AMPDB_No_"": ""AMPDB_34745""}"
MLLETDASRNKPSSYIPLCGSDNSCGGLWCPRKGGKYSCISMTCDIQEDCPKLVRCKDSPGPYCMEGFCTC,MLLETDASRNKPSSYIPLCGSDNSCGGLWCPRKGGKYSCISMTCDIQEDCPKLVRCKDSPGPYCMEGFCTC,yes,71,AMPDB,AMPDB\filtered\unclassified\Fungicide_dataset.tsv,7,,,unclassified,positive,,,,,positive,unknown,,,,,unknown,No Target Organism Found,Arabidopsis thaliana (Mouse-ear cress),,,"{"" Acidic Amino Acid(s) Count"": ""8"", "" Aliphatic Index"": ""49.4366"", "" Antimicrobial Activity"": ""Antimicrobial;Fungicide;Plant defense"", "" Aromaticity"": ""0.0704225"", "" BRENDA ID"": ""Not found"", "" Basic Amino Acid(s) Count"": ""8"", "" BindingDB ID"": ""Not found"", "" BioCyc ID"": ""Not found"", "" BioGRID ID"": ""Not found"", "" CCDS"": ""Not found"", "" ChEMBL ID"": ""Not found"", "" Charge (at pH 7)"": ""-0.618241"", "" Counts"": ""{'A': 1, 'R': 3, 'N': 2, 'D': 5, 'C': 10, 'Q': 1, 'E': 3, 'G': 7, 'H': 0, 'I': 3, 'L': 5, 'K': 5, 'M': 3, 'F': 1, 'P': 6, 'S': 8, 'T': 3, 'W': 1, 'Y': 3, 'V': 1, 'O': 0, 'U': 0, 'B': 0, 'Z': 0, 'J': 0, 'X': 0}"", "" DIP ID"": ""Not found"", "" DrugBank ID"": ""Not found"", "" EMBL"": ""AC007167;AC007178;CP002685;EF182803;"", "" Ensembl ID"": ""Not found"", "" Enzymatic Activity"": ""Not found"", "" Frequencies"": ""{'A': 0.014084507042253521, 'R': 0.04225352112676056, 'N': 0.028169014084507043, 'D': 0.07042253521126761, 'C': 0.14084507042253522, 'Q': 0.014084507042253521, 'E': 0.04225352112676056, 'G': 0.09859154929577464, 'H': 0.0, 'I': 0.04225352112676056, 'L': 0.07042253521126761, 'K': 0.07042253521126761, 'M': 0.04225352112676056, 'F': 0.014084507042253521, 'P': 0.08450704225352113, 'S': 0.11267605633802817, 'T': 0.04225352112676056, 'W': 0.014084507042253521, 'Y': 0.04225352112676056, 'V': 0.014084507042253521, 'O': 0.0, 'U': 0.0, 'B': 0.0, 'Z': 0.0, 'J': 0.0, 'X': 0.0}"", "" Gene names"": ""At2g04033 F3C11 F3L12"", "" GeneTree ID"": ""Not found"", "" Hydrophilic Amino Acid(s) Count"": ""43"", "" Hydrophobic Amino Acid(s) Count"": ""28"", "" Hydrophobic Moment"": ""0.666448"", "" Hydrophobicity (GRAVY)"": ""-0.35493"", "" Inhibitory Effect"": ""Not found"", "" Instability Index"": ""64.1901"", "" IntAct ID"": ""Not found"", "" InterPro ID"": ""Not found"", "" Isoelectric Point"": ""6.1865"", "" KEGG ID"": ""Not found"", "" Length"": ""71"", "" Less Occurring Amino Acid(s)"": ""A; F; Q; V; W"", "" MINT ID"": ""Not found"", "" Missing Amino Acid(s)"": ""H"", "" Modified Amino Acid(s) Count"": ""0"", "" Modified Amino Acid(s) Frequencies"": ""0"", "" Molar Extinction Coefficient (cysteine|cystine)"": ""(9970, 10595)"", "" Molecular Mass"": ""7751.95"", "" Most Occurring Amino Acid(s)"": ""C"", "" Other Biological Activity"": ""Non-hemolytic;Non-ribosomal"", "" PANTHER ID"": ""Not found"", "" PDB"": ""Not found"", "" PROSITE ID"": ""Not found"", "" Protein existence"": ""Uncertain"", "" Protein families"": ""DEFL family"", "" Protein names"": ""Defensin-like protein 292"", "" PubMed ID"": ""10617197; 27862469; 17565583; 15955924"", "" RNAct ID"": ""Not found"", "" RefSeq"": ""Not found"", "" STRING ID"": ""Not found"", "" Secondary Structure Fraction"": ""(0.1971830985915493, 0.323943661971831, 0.16901408450704225)"", "" Sequence"": ""MLLETDASRNKPSSYIPLCGSDNSCGGLWCPRKGGKYSCISMTCDIQEDCPKLVRCKDSPGPYCMEGFCTC"", "" Source organism"": ""Arabidopsis thaliana (Mouse-ear cress)"", "" UniProt ID"": ""P0CAY8"", "" target organism"": ""No Target Organism Found"", ""AMPDB_No_"": ""AMPDB_34747""}"
MKYGVLFMVSCGVMFLILSHVEEVEAMKKFGCNTTHPFPGKCGNNGKSSWVSDMKKLPSAPKNRDIRCECSDRPSLARGMPGERVCRCDYDC,MKYGVLFMVSCGVMFLILSHVEEVEAMKKFGCNTTHPFPGKCGNNGKSSWVSDMKKLPSAPKNRDIRCECSDRPSLARGMPGERVCRCDYDC,yes,92,AMPDB,AMPDB\filtered\unclassified\Fungicide_dataset.tsv,8,,,unclassified,positive,,,,,positive,unknown,,,,,unknown,No Target Organism Found,Arabidopsis thaliana (Mouse-ear cress),,,"{"" Acidic Amino Acid(s) Count"": ""16"", "" Aliphatic Index"": ""55"", "" Antimicrobial Activity"": ""Antimicrobial;Fungicide;Plant defense"", "" Aromaticity"": ""0.076087"", "" BRENDA ID"": ""Not found"", "" Basic Amino Acid(s) Count"": ""10"", "" BindingDB ID"": ""Not found"", "" BioCyc ID"": ""Not found"", "" BioGRID ID"": ""Not found"", "" CCDS"": ""Not found"", "" ChEMBL ID"": ""Not found"", "" Charge (at pH 7)"": ""3.69103"", "" Counts"": ""{'A': 3, 'R': 6, 'N': 4, 'D': 5, 'C': 8, 'Q': 0, 'E': 5, 'G': 8, 'H': 2, 'I': 2, 'L': 5, 'K': 8, 'M': 6, 'F': 4, 'P': 6, 'S': 8, 'T': 2, 'W': 1, 'Y': 2, 'V': 7, 'O': 0, 'U': 0, 'B': 0, 'Z': 0, 'J': 0, 'X': 0}"", "" DIP ID"": ""Not found"", "" DrugBank ID"": ""Not found"", "" EMBL"": ""AL049524;AL161517;CP002687;"", "" Ensembl ID"": ""Not found"", "" Enzymatic Activity"": ""Not found"", "" Frequencies"": ""{'A': 0.03260869565217391, 'R': 0.06521739130434782, 'N': 0.043478260869565216, 'D': 0.05434782608695652, 'C': 0.08695652173913043, 'Q': 0.0, 'E': 0.05434782608695652, 'G': 0.08695652173913043, 'H': 0.021739130434782608, 'I': 0.021739130434782608, 'L': 0.05434782608695652, 'K': 0.08695652173913043, 'M': 0.06521739130434782, 'F': 0.043478260869565216, 'P': 0.06521739130434782, 'S': 0.08695652173913043, 'T': 0.021739130434782608, 'W': 0.010869565217391304, 'Y': 0.021739130434782608, 'V': 0.07608695652173914, 'O': 0.0, 'U': 0.0, 'B': 0.0, 'Z': 0.0, 'J': 0.0, 'X': 0.0}"", "" Gene names"": ""SCRL1 At4g10457 F7L13"", "" GeneTree ID"": ""Not found"", "" Hydrophilic Amino Acid(s) Count"": ""50"", "" Hydrophobic Amino Acid(s) Count"": ""42"", "" Hydrophobic Moment"": ""0.555048"", "" Hydrophobicity (GRAVY)"": ""-0.351087"", "" Inhibitory Effect"": ""Not found"", "" Instability Index"": ""39.0707"", "" IntAct ID"": ""Not found"", "" InterPro ID"": ""IPR010682;"", "" Isoelectric Point"": ""8.40482"", "" KEGG ID"": ""ath:AT4G10457;"", "" Length"": ""92"", "" Less Occurring Amino Acid(s)"": ""W"", "" MINT ID"": ""Not found"", "" Missing Amino Acid(s)"": ""Q"", "" Modified Amino Acid(s) Count"": ""0"", "" Modified Amino Acid(s) Frequencies"": ""0"", "" Molar Extinction Coefficient (cysteine|cystine)"": ""(8480, 8980)"", "" Molecular Mass"": ""10283"", "" Most Occurring Amino Acid(s)"": ""C; G; K; S"", "" Other Biological Activity"": ""Non-hemolytic;Non-ribosomal"", "" PANTHER ID"": ""PTHR34450;"", "" PDB"": ""Not found"", "" PROSITE ID"": ""Not found"", "" Protein existence"": ""Uncertain"", "" Protein families"": ""DEFL family"", "" Protein names"": ""Putative defensin-like protein 225 (Putative S locus cysteine-rich-like protein 1) (Protein SCRL1) (SCR-like protein 1)"", "" PubMed ID"": ""10617198; 27862469; 11437247; 15955924"", "" RNAct ID"": ""Not found"", "" RefSeq"": ""NP_001031611.1;"", "" STRING ID"": ""3702.AT4G10457.1;"", "" Secondary Structure Fraction"": ""(0.22826086956521738, 0.2826086956521739, 0.20652173913043478)"", "" Sequence"": ""MKYGVLFMVSCGVMFLILSHVEEVEAMKKFGCNTTHPFPGKCGNNGKSSWVSDMKKLPSAPKNRDIRCECSDRPSLARGMPGERVCRCDYDC"", "" Source organism"": ""Arabidopsis thaliana (Mouse-ear cress)"", "" UniProt ID"": ""P82620"", "" target organism"": ""No Target Organism Found"", ""AMPDB_No_"": ""AMPDB_34992""}"
MKNSSIMFVLIVVFLISSSENQKMVGEAKQCKTGWACFGEDACKEKCMAKYKGVGTVTYFPFPPETIIIYCECLYDC,MKNSSIMFVLIVVFLISSSENQKMVGEAKQCKTGWACFGEDACKEKCMAKYKGVGTVTYFPFPPETIIIYCECLYDC,yes,77,AMPDB,AMPDB\filtered\unclassified\Fungicide_dataset.tsv,9,,,unclassified,positive,,,,,positive,unknown,,,,,unknown,No Target Organism Found,Arabidopsis thaliana (Mouse-ear cress),,,"{"" Acidic Amino Acid(s) Count"": ""8"", "" Aliphatic Index"": ""73.3766"", "" Antimicrobial Activity"": ""Antimicrobial;Fungicide;Plant defense"", "" Aromaticity"": ""0.12987"", "" BRENDA ID"": ""Not found"", "" Basic Amino Acid(s) Count"": ""8"", "" BindingDB ID"": ""Not found"", "" BioCyc ID"": ""Not found"", "" BioGRID ID"": ""Not found"", "" CCDS"": ""Not found"", "" ChEMBL ID"": ""Not found"", "" Charge (at pH 7)"": ""-0.430057"", "" Counts"": ""{'A': 4, 'R': 0, 'N': 2, 'D': 2, 'C': 7, 'Q': 2, 'E': 6, 'G': 5, 'H': 0, 'I': 6, 'L': 3, 'K': 8, 'M': 4, 'F': 5, 'P': 3, 'S': 5, 'T': 4, 'W': 1, 'Y': 4, 'V': 6, 'O': 0, 'U': 0, 'B': 0, 'Z': 0, 'J': 0, 'X': 0}"", "" DIP ID"": ""Not found"", "" DrugBank ID"": ""Not found"", "" EMBL"": ""AB025608;CP002686;"", "" Ensembl ID"": ""Not found"", "" Enzymatic Activity"": ""Not found"", "" Frequencies"": ""{'A': 0.05194805194805195, 'R': 0.0, 'N': 0.025974025974025976, 'D': 0.025974025974025976, 'C': 0.09090909090909091, 'Q': 0.025974025974025976, 'E': 0.07792207792207792, 'G': 0.06493506493506493, 'H': 0.0, 'I': 0.07792207792207792, 'L': 0.03896103896103896, 'K': 0.1038961038961039, 'M': 0.05194805194805195, 'F': 0.06493506493506493, 'P': 0.03896103896103896, 'S': 0.06493506493506493, 'T': 0.05194805194805195, 'W': 0.012987012987012988, 'Y': 0.05194805194805195, 'V': 0.07792207792207792, 'O': 0.0, 'U': 0.0, 'B': 0.0, 'Z': 0.0, 'J': 0.0, 'X': 0.0}"", "" Gene names"": ""LCR42 At3g23165 K14B15"", "" GeneTree ID"": ""Not found"", "" Hydrophilic Amino Acid(s) Count"": ""40"", "" Hydrophobic Amino Acid(s) Count"": ""37"", "" Hydrophobic Moment"": ""0.409434"", "" Hydrophobicity (GRAVY)"": ""0.220779"", "" Inhibitory Effect"": ""Not found"", "" Instability Index"": ""58.4961"", "" IntAct ID"": ""Not found"", "" InterPro ID"": ""Not found"", "" Isoelectric Point"": ""6.29002"", "" KEGG ID"": ""ath:AT3G23165;"", "" Length"": ""77"", "" Less Occurring Amino Acid(s)"": ""W"", "" MINT ID"": ""Not found"", "" Missing Amino Acid(s)"": ""H; R"", "" Modified Amino Acid(s) Count"": ""0"", "" Modified Amino Acid(s) Frequencies"": ""0"", "" Molar Extinction Coefficient (cysteine|cystine)"": ""(11460, 11835)"", "" Molecular Mass"": ""8668.26"", "" Most Occurring Amino Acid(s)"": ""K"", "" Other Biological Activity"": ""Non-hemolytic;Non-ribosomal"", "" PANTHER ID"": ""Not found"", "" PDB"": ""Not found"", "" PROSITE ID"": ""Not found"", "" Protein existence"": ""Uncertain"", "" Protein families"": ""DEFL family"", "" Protein names"": ""Putative defensin-like protein 187 (Putative low-molecular-weight cysteine-rich protein 42) (Protein LCR42)"", "" PubMed ID"": ""10819329; 27862469; 11437247; 15955924"", "" RNAct ID"": ""Not found"", "" RefSeq"": ""NP_001030745.1;"", "" STRING ID"": ""3702.AT3G23165.1;"", "" Secondary Structure Fraction"": ""(0.3246753246753247, 0.1948051948051948, 0.2207792207792208)"", "" Sequence"": ""MKNSSIMFVLIVVFLISSSENQKMVGEAKQCKTGWACFGEDACKEKCMAKYKGVGTVTYFPFPPETIIIYCECLYDC"", "" Source organism"": ""Arabidopsis thaliana (Mouse-ear cress)"", "" UniProt ID"": ""P82757"", "" target organism"": ""No Target Organism Found"", ""AMPDB_No_"": ""AMPDB_35056""}"
MRPRSRAGDKFMSQGQELCHEYFQLTAPCEKQPCIDMCSSKYKTGKGVCGPAVHQCFCTFSCTV,MRPRSRAGDKFMSQGQELCHEYFQLTAPCEKQPCIDMCSSKYKTGKGVCGPAVHQCFCTFSCTV,yes,64,AMPDB,AMPDB\filtered\unclassified\Fungicide_dataset.tsv,10,,,unclassified,positive,,,,,positive,unknown,,,,,unknown,No Target Organism Found,Arabidopsis thaliana (Mouse-ear cress),,,"{"" Acidic Amino Acid(s) Count"": ""10"", "" Aliphatic Index"": ""36.5625"", "" Antimicrobial Activity"": ""Antimicrobial;Fungicide;Plant defense"", "" Aromaticity"": ""0.09375"", "" BRENDA ID"": ""Not found"", "" Basic Amino Acid(s) Count"": ""5"", "" BindingDB ID"": ""Not found"", "" BioCyc ID"": ""Not found"", "" BioGRID ID"": ""Not found"", "" CCDS"": ""Not found"", "" ChEMBL ID"": ""Not found"", "" Charge (at pH 7)"": ""2.68704"", "" Counts"": ""{'A': 3, 'R': 3, 'N': 0, 'D': 2, 'C': 8, 'Q': 5, 'E': 3, 'G': 5, 'H': 2, 'I': 1, 'L': 2, 'K': 5, 'M': 3, 'F': 4, 'P': 4, 'S': 5, 'T': 4, 'W': 0, 'Y': 2, 'V': 3, 'O': 0, 'U': 0, 'B': 0, 'Z': 0, 'J': 0, 'X': 0}"", "" DIP ID"": ""Not found"", "" DrugBank ID"": ""Not found"", "" EMBL"": ""AC008075;AC011914;CP002684;AK229579;EF182848;"", "" Ensembl ID"": ""Not found"", "" Enzymatic Activity"": ""Not found"", "" Frequencies"": ""{'A': 0.046875, 'R': 0.046875, 'N': 0.0, 'D': 0.03125, 'C': 0.125, 'Q': 0.078125, 'E': 0.046875, 'G': 0.078125, 'H': 0.03125, 'I': 0.015625, 'L': 0.03125, 'K': 0.078125, 'M': 0.046875, 'F': 0.0625, 'P': 0.0625, 'S': 0.078125, 'T': 0.0625, 'W': 0.0, 'Y': 0.03125, 'V': 0.046875, 'O': 0.0, 'U': 0.0, 'B': 0.0, 'Z': 0.0, 'J': 0.0, 'X': 0.0}"", "" Gene names"": ""At1g68735 F14K14 F24J5"", "" GeneTree ID"": ""Not found"", "" Hydrophilic Amino Acid(s) Count"": ""39"", "" Hydrophobic Amino Acid(s) Count"": ""25"", "" Hydrophobic Moment"": ""0.625859"", "" Hydrophobicity (GRAVY)"": ""-0.39375"", "" Inhibitory Effect"": ""Not found"", "" Instability Index"": ""62.4562"", "" IntAct ID"": ""Not found"", "" InterPro ID"": ""IPR010851;"", "" Isoelectric Point"": ""8.20973"", "" KEGG ID"": ""Not found"", "" Length"": ""64"", "" Less Occurring Amino Acid(s)"": ""I"", "" MINT ID"": ""Not found"", "" Missing Amino Acid(s)"": ""N; W"", "" Modified Amino Acid(s) Count"": ""0"", "" Modified Amino Acid(s) Frequencies"": ""0"", "" Molar Extinction Coefficient (cysteine|cystine)"": ""(2980, 3480)"", "" Molecular Mass"": ""7157.3"", "" Most Occurring Amino Acid(s)"": ""C"", "" Other Biological Activity"": ""Non-hemolytic;Non-ribosomal"", "" PANTHER ID"": ""Not found"", "" PDB"": ""Not found"", "" PROSITE ID"": ""Not found"", "" Protein existence"": ""Uncertain"", "" Protein families"": ""DEFL family"", "" Protein names"": ""Defensin-like protein 123"", "" PubMed ID"": ""11130712; 27862469; 17565583; 15955924"", "" RNAct ID"": ""Not found"", "" RefSeq"": ""Not found"", "" STRING ID"": ""Not found"", "" Secondary Structure Fraction"": ""(0.1875, 0.21875, 0.171875)"", "" Sequence"": ""MRPRSRAGDKFMSQGQELCHEYFQLTAPCEKQPCIDMCSSKYKTGKGVCGPAVHQCFCTFSCTV"", "" Source organism"": ""Arabidopsis thaliana (Mouse-ear cress)"", "" UniProt ID"": ""Q0WN71"", "" target organism"": ""No Target Organism Found"", ""AMPDB_No_"": ""AMPDB_35243""}"
MKLSILVKAMKRNNGFRYDYCIAECSEHFLDDVCKPVCIDKGYSDGGCIGLAPNFKCCCKK,MKLSILVKAMKRNNGFRYDYCIAECSEHFLDDVCKPVCIDKGYSDGGCIGLAPNFKCCCKK,yes,61,AMPDB,AMPDB\filtered\unclassified\Fungicide_dataset.tsv,11,,,unclassified,positive,,,,,positive,unknown,,,,,unknown,No Target Organism Found,Arabidopsis thaliana (Mouse-ear cress),,,"{"" Acidic Amino Acid(s) Count"": ""11"", "" Aliphatic Index"": ""70.3279"", "" Antimicrobial Activity"": ""Antimicrobial;Fungicide;Plant defense"", "" Aromaticity"": ""0.0983607"", "" BRENDA ID"": ""Not found"", "" Basic Amino Acid(s) Count"": ""7"", "" BindingDB ID"": ""Not found"", "" BioCyc ID"": ""Not found"", "" BioGRID ID"": ""Not found"", "" CCDS"": ""Not found"", "" ChEMBL ID"": ""Not found"", "" Charge (at pH 7)"": ""2.59396"", "" Counts"": ""{'A': 3, 'R': 2, 'N': 3, 'D': 5, 'C': 8, 'Q': 0, 'E': 2, 'G': 5, 'H': 1, 'I': 4, 'L': 4, 'K': 8, 'M': 2, 'F': 3, 'P': 2, 'S': 3, 'T': 0, 'W': 0, 'Y': 3, 'V': 3, 'O': 0, 'U': 0, 'B': 0, 'Z': 0, 'J': 0, 'X': 0}"", "" DIP ID"": ""Not found"", "" DrugBank ID"": ""Not found"", "" EMBL"": ""AC006592;CP002685;"", "" Ensembl ID"": ""Not found"", "" Enzymatic Activity"": ""Not found"", "" Frequencies"": ""{'A': 0.04918032786885246, 'R': 0.03278688524590164, 'N': 0.04918032786885246, 'D': 0.08196721311475409, 'C': 0.13114754098360656, 'Q': 0.0, 'E': 0.03278688524590164, 'G': 0.08196721311475409, 'H': 0.01639344262295082, 'I': 0.06557377049180328, 'L': 0.06557377049180328, 'K': 0.13114754098360656, 'M': 0.03278688524590164, 'F': 0.04918032786885246, 'P': 0.03278688524590164, 'S': 0.04918032786885246, 'T': 0.0, 'W': 0.0, 'Y': 0.04918032786885246, 'V': 0.04918032786885246, 'O': 0.0, 'U': 0.0, 'B': 0.0, 'Z': 0.0, 'J': 0.0, 'X': 0.0}"", "" Gene names"": ""At2g22345 F14M13"", "" GeneTree ID"": ""Not found"", "" Hydrophilic Amino Acid(s) Count"": ""35"", "" Hydrophobic Amino Acid(s) Count"": ""26"", "" Hydrophobic Moment"": ""0.606943"", "" Hydrophobicity (GRAVY)"": ""-0.106557"", "" Inhibitory Effect"": ""Not found"", "" Instability Index"": ""24.1016"", "" IntAct ID"": ""Not found"", "" InterPro ID"": ""Not found"", "" Isoelectric Point"": ""8.20146"", "" KEGG ID"": ""ath:AT2G22345;"", "" Length"": ""61"", "" Less Occurring Amino Acid(s)"": ""H"", "" MINT ID"": ""Not found"", "" Missing Amino Acid(s)"": ""Q; T; W"", "" Modified Amino Acid(s) Count"": ""0"", "" Modified Amino Acid(s) Frequencies"": ""0"", "" Molar Extinction Coefficient (cysteine|cystine)"": ""(4470, 4970)"", "" Molecular Mass"": ""6844.1"", "" Most Occurring Amino Acid(s)"": ""C; K"", "" Other Biological Activity"": ""Non-hemolytic;Non-ribosomal"", "" PANTHER ID"": ""Not found"", "" PDB"": ""Not found"", "" PROSITE ID"": ""Not found"", "" Protein existence"": ""Uncertain"", "" Protein families"": ""DEFL family"", "" Protein names"": ""Putative defensin-like protein 72"", "" PubMed ID"": ""10617197; 27862469; 15955924"", "" RNAct ID"": ""Not found"", "" RefSeq"": ""NP_001031395.1;"", "" STRING ID"": ""3702.AT2G22345.1;"", "" Secondary Structure Fraction"": ""(0.27868852459016397, 0.21311475409836067, 0.18032786885245902)"", "" Sequence"": ""MKLSILVKAMKRNNGFRYDYCIAECSEHFLDDVCKPVCIDKGYSDGGCIGLAPNFKCCCKK"", "" Source organism"": ""Arabidopsis thaliana (Mouse-ear cress)"", "" UniProt ID"": ""Q2V2S9"", "" target organism"": ""No Target Organism Found"", ""AMPDB_No_"": ""AMPDB_35358""}"
MHNISFKLLLLCDLFLSSSSVRHNLAVGDVCATNEECRINCQCDAAYCDLSCNMCVYMLHVMDTIDANIPNQPCISEYQNCGKKTSSLQ,MHNISFKLLLLCDLFLSSSSVRHNLAVGDVCATNEECRINCQCDAAYCDLSCNMCVYMLHVMDTIDANIPNQPCISEYQNCGKKTSSLQ,yes,89,AMPDB,AMPDB\filtered\unclassified\Fungicide_dataset.tsv,12,,,unclassified,positive,,,,,positive,unknown,,,,,unknown,No Target Organism Found,Arabidopsis thaliana (Mouse-ear cress),,,"{"" Acidic Amino Acid(s) Count"": ""8"", "" Aliphatic Index"": ""87.6404"", "" Antimicrobial Activity"": ""Antimicrobial;Fungicide;Plant defense"", "" Aromaticity"": ""0.0561798"", "" BRENDA ID"": ""Not found"", "" Basic Amino Acid(s) Count"": ""9"", "" BindingDB ID"": ""Not found"", "" BioCyc ID"": ""Not found"", "" BioGRID ID"": ""Not found"", "" CCDS"": ""Not found"", "" ChEMBL ID"": ""Not found"", "" Charge (at pH 7)"": ""-4.34447"", "" Counts"": ""{'A': 5, 'R': 2, 'N': 8, 'D': 6, 'C': 10, 'Q': 4, 'E': 3, 'G': 2, 'H': 3, 'I': 5, 'L': 10, 'K': 3, 'M': 4, 'F': 2, 'P': 2, 'S': 9, 'T': 3, 'W': 0, 'Y': 3, 'V': 5, 'O': 0, 'U': 0, 'B': 0, 'Z': 0, 'J': 0, 'X': 0}"", "" DIP ID"": ""Not found"", "" DrugBank ID"": ""Not found"", "" EMBL"": ""AB025638;CP002688;"", "" Ensembl ID"": ""Not found"", "" Enzymatic Activity"": ""Not found"", "" Frequencies"": ""{'A': 0.056179775280898875, 'R': 0.02247191011235955, 'N': 0.0898876404494382, 'D': 0.06741573033707865, 'C': 0.11235955056179775, 'Q': 0.0449438202247191, 'E': 0.033707865168539325, 'G': 0.02247191011235955, 'H': 0.033707865168539325, 'I': 0.056179775280898875, 'L': 0.11235955056179775, 'K': 0.033707865168539325, 'M': 0.0449438202247191, 'F': 0.02247191011235955, 'P': 0.02247191011235955, 'S': 0.10112359550561797, 'T': 0.033707865168539325, 'W': 0.0, 'Y': 0.033707865168539325, 'V': 0.056179775280898875, 'O': 0.0, 'U': 0.0, 'B': 0.0, 'Z': 0.0, 'J': 0.0, 'X': 0.0}"", "" Gene names"": ""At5g43401 MWF20"", "" GeneTree ID"": ""Not found"", "" Hydrophilic Amino Acid(s) Count"": ""54"", "" Hydrophobic Amino Acid(s) Count"": ""35"", "" Hydrophobic Moment"": ""0.45383"", "" Hydrophobicity (GRAVY)"": ""0.0865169"", "" Inhibitory Effect"": ""Not found"", "" Instability Index"": ""60.0405"", "" IntAct ID"": ""Not found"", "" InterPro ID"": ""Not found"", "" Isoelectric Point"": ""4.86825"", "" KEGG ID"": ""ath:AT5G43401;"", "" Length"": ""89"", "" Less Occurring Amino Acid(s)"": ""F; G; P; R"", "" MINT ID"": ""Not found"", "" Missing Amino Acid(s)"": ""W"", "" Modified Amino Acid(s) Count"": ""0"", "" Modified Amino Acid(s) Frequencies"": ""0"", "" Molar Extinction Coefficient (cysteine|cystine)"": ""(4470, 5095)"", "" Molecular Mass"": ""9913.41"", "" Most Occurring Amino Acid(s)"": ""C; L"", "" Other Biological Activity"": ""Non-hemolytic;Non-ribosomal"", "" PANTHER ID"": ""Not found"", "" PDB"": ""Not found"", "" PROSITE ID"": ""Not found"", "" Protein existence"": ""Uncertain"", "" Protein families"": ""DEFL family"", "" Protein names"": ""Putative defensin-like protein 254"", "" PubMed ID"": ""10718197; 27862469; 15955924"", "" RNAct ID"": ""Not found"", "" RefSeq"": ""NP_001032001.1;"", "" STRING ID"": ""Not found"", "" Secondary Structure Fraction"": ""(0.2808988764044944, 0.23595505617977527, 0.24719101123595505)"", "" Sequence"": ""MHNISFKLLLLCDLFLSSSSVRHNLAVGDVCATNEECRINCQCDAAYCDLSCNMCVYMLHVMDTIDANIPNQPCISEYQNCGKKTSSLQ"", "" Source organism"": ""Arabidopsis thaliana (Mouse-ear cress)"", "" UniProt ID"": ""Q2V318"", "" target organism"": ""No Target Organism Found"", ""AMPDB_No_"": ""AMPDB_35376""}"
MTISKKMLIVFVLTIFVVSFGHCSDSFPGLGLKKQAHKQCYSPDLCTGGDSKCDICCVLISGVYYGKCIQSKCHCLNKTK,MTISKKMLIVFVLTIFVVSFGHCSDSFPGLGLKKQAHKQCYSPDLCTGGDSKCDICCVLISGVYYGKCIQSKCHCLNKTK,yes,80,AMPDB,AMPDB\filtered\unclassified\Fungicide_dataset.tsv,13,,,unclassified,positive,,,,,positive,unknown,,,,,unknown,No Target Organism Found,Arabidopsis thaliana (Mouse-ear cress),,,"{"" Acidic Amino Acid(s) Count"": ""13"", "" Aliphatic Index"": ""86.375"", "" Antimicrobial Activity"": ""Antimicrobial;Fungicide;Plant defense"", "" Aromaticity"": ""0.0875"", "" BRENDA ID"": ""Not found"", "" Basic Amino Acid(s) Count"": ""4"", "" BindingDB ID"": ""Not found"", "" BioCyc ID"": ""Not found"", "" BioGRID ID"": ""Not found"", "" CCDS"": ""Not found"", "" ChEMBL ID"": ""Not found"", "" Charge (at pH 7)"": ""5.70922"", "" Counts"": ""{'A': 1, 'R': 0, 'N': 1, 'D': 4, 'C': 9, 'Q': 3, 'E': 0, 'G': 7, 'H': 3, 'I': 6, 'L': 7, 'K': 10, 'M': 2, 'F': 4, 'P': 2, 'S': 8, 'T': 4, 'W': 0, 'Y': 3, 'V': 6, 'O': 0, 'U': 0, 'B': 0, 'Z': 0, 'J': 0, 'X': 0}"", "" DIP ID"": ""Not found"", "" DrugBank ID"": ""Not found"", "" EMBL"": ""AC007123;AC007478;CP002688;"", "" Ensembl ID"": ""Not found"", "" Enzymatic Activity"": ""Not found"", "" Frequencies"": ""{'A': 0.0125, 'R': 0.0, 'N': 0.0125, 'D': 0.05, 'C': 0.1125, 'Q': 0.0375, 'E': 0.0, 'G': 0.0875, 'H': 0.0375, 'I': 0.075, 'L': 0.0875, 'K': 0.125, 'M': 0.025, 'F': 0.05, 'P': 0.025, 'S': 0.1, 'T': 0.05, 'W': 0.0, 'Y': 0.0375, 'V': 0.075, 'O': 0.0, 'U': 0.0, 'B': 0.0, 'Z': 0.0, 'J': 0.0, 'X': 0.0}"", "" Gene names"": ""At5g27495 F15A18 F21A20"", "" GeneTree ID"": ""Not found"", "" Hydrophilic Amino Acid(s) Count"": ""45"", "" Hydrophobic Amino Acid(s) Count"": ""35"", "" Hydrophobic Moment"": ""0.360278"", "" Hydrophobicity (GRAVY)"": ""0.28"", "" Inhibitory Effect"": ""Not found"", "" Instability Index"": ""49.55"", "" IntAct ID"": ""Not found"", "" InterPro ID"": ""Not found"", "" Isoelectric Point"": ""8.65826"", "" KEGG ID"": ""ath:AT5G27495;"", "" Length"": ""80"", "" Less Occurring Amino Acid(s)"": ""A; N"", "" MINT ID"": ""Not found"", "" Missing Amino Acid(s)"": ""E; R; W"", "" Modified Amino Acid(s) Count"": ""0"", "" Modified Amino Acid(s) Frequencies"": ""0"", "" Molar Extinction Coefficient (cysteine|cystine)"": ""(4470, 4970)"", "" Molecular Mass"": ""8770.49"", "" Most Occurring Amino Acid(s)"": ""K"", "" Other Biological Activity"": ""Non-hemolytic;Non-ribosomal"", "" PANTHER ID"": ""Not found"", "" PDB"": ""Not found"", "" PROSITE ID"": ""PS01138;"", "" Protein existence"": ""Uncertain"", "" Protein families"": ""DEFL family"", "" Protein names"": ""Defensin-like protein 113"", "" PubMed ID"": ""11130714; 27862469; 15955924"", "" RNAct ID"": ""Not found"", "" RefSeq"": ""NP_001031952.1;"", "" STRING ID"": ""Not found"", "" Secondary Structure Fraction"": ""(0.32499999999999996, 0.225, 0.125)"", "" Sequence"": ""MTISKKMLIVFVLTIFVVSFGHCSDSFPGLGLKKQAHKQCYSPDLCTGGDSKCDICCVLISGVYYGKCIQSKCHCLNKTK"", "" Source organism"": ""Arabidopsis thaliana (Mouse-ear cress)"", "" UniProt ID"": ""Q2V342"", "" target organism"": ""No Target Organism Found"", ""AMPDB_No_"": ""AMPDB_35384""}"
MATQKFSYFLLVLLMVFALILPSIISVEVIPCIAGSKCTNDMTYNELCRFKGFSKGGFCQKYVHQTIGRCCCHPTGLESQESSISGDTNVVITN,MATQKFSYFLLVLLMVFALILPSIISVEVIPCIAGSKCTNDMTYNELCRFKGFSKGGFCQKYVHQTIGRCCCHPTGLESQESSISGDTNVVITN,yes,94,AMPDB,AMPDB\filtered\unclassified\Fungicide_dataset.tsv,14,,,unclassified,positive,,,,,positive,unknown,,,,,unknown,No Target Organism Found,Arabidopsis thaliana (Mouse-ear cress),,,"{"" Acidic Amino Acid(s) Count"": ""9"", "" Aliphatic Index"": ""91.1702"", "" Antimicrobial Activity"": ""Antimicrobial;Fungicide;Plant defense"", "" Aromaticity"": ""0.0957447"", "" BRENDA ID"": ""Not found"", "" Basic Amino Acid(s) Count"": ""6"", "" BindingDB ID"": ""Not found"", "" BioCyc ID"": ""Not found"", "" BioGRID ID"": ""Not found"", "" CCDS"": ""Not found"", "" ChEMBL ID"": ""Not found"", "" Charge (at pH 7)"": ""0.74994"", "" Counts"": ""{'A': 3, 'R': 2, 'N': 4, 'D': 2, 'C': 7, 'Q': 4, 'E': 4, 'G': 7, 'H': 2, 'I': 8, 'L': 8, 'K': 5, 'M': 3, 'F': 6, 'P': 3, 'S': 9, 'T': 7, 'W': 0, 'Y': 3, 'V': 7, 'O': 0, 'U': 0, 'B': 0, 'Z': 0, 'J': 0, 'X': 0}"", "" DIP ID"": ""Not found"", "" DrugBank ID"": ""Not found"", "" EMBL"": ""Z97335;AL161537;CP002687;"", "" Ensembl ID"": ""Not found"", "" Enzymatic Activity"": ""Not found"", "" Frequencies"": ""{'A': 0.031914893617021274, 'R': 0.02127659574468085, 'N': 0.0425531914893617, 'D': 0.02127659574468085, 'C': 0.07446808510638298, 'Q': 0.0425531914893617, 'E': 0.0425531914893617, 'G': 0.07446808510638298, 'H': 0.02127659574468085, 'I': 0.0851063829787234, 'L': 0.0851063829787234, 'K': 0.05319148936170213, 'M': 0.031914893617021274, 'F': 0.06382978723404255, 'P': 0.031914893617021274, 'S': 0.09574468085106383, 'T': 0.07446808510638298, 'W': 0.0, 'Y': 0.031914893617021274, 'V': 0.07446808510638298, 'O': 0.0, 'U': 0.0, 'B': 0.0, 'Z': 0.0, 'J': 0.0, 'X': 0.0}"", "" Gene names"": ""At4g13955 FCAALL"", "" GeneTree ID"": ""Not found"", "" Hydrophilic Amino Acid(s) Count"": ""49"", "" Hydrophobic Amino Acid(s) Count"": ""45"", "" Hydrophobic Moment"": ""0.564061"", "" Hydrophobicity (GRAVY)"": ""0.358511"", "" Inhibitory Effect"": ""Not found"", "" Instability Index"": ""21.817"", "" IntAct ID"": ""Not found"", "" InterPro ID"": ""Not found"", "" Isoelectric Point"": ""7.71417"", "" KEGG ID"": ""ath:AT4G13955;"", "" Length"": ""94"", "" Less Occurring Amino Acid(s)"": ""D; H; R"", "" MINT ID"": ""Not found"", "" Missing Amino Acid(s)"": ""W"", "" Modified Amino Acid(s) Count"": ""0"", "" Modified Amino Acid(s) Frequencies"": ""0"", "" Molar Extinction Coefficient (cysteine|cystine)"": ""(4470, 4845)"", "" Molecular Mass"": ""10349.1"", "" Most Occurring Amino Acid(s)"": ""S"", "" Other Biological Activity"": ""Non-hemolytic;Non-ribosomal"", "" PANTHER ID"": ""Not found"", "" PDB"": ""Not found"", "" PROSITE ID"": ""Not found"", "" Protein existence"": ""Uncertain"", "" Protein families"": ""DEFL family"", "" Protein names"": ""Putative defensin-like protein 88"", "" PubMed ID"": ""9461215; 10617198; 27862469; 15955924"", "" RNAct ID"": ""Not found"", "" RefSeq"": ""NP_001319926.1;"", "" STRING ID"": ""3702.AT4G13955.1;"", "" Secondary Structure Fraction"": ""(0.3404255319148936, 0.24468085106382978, 0.19148936170212766)"", "" Sequence"": ""MATQKFSYFLLVLLMVFALILPSIISVEVIPCIAGSKCTNDMTYNELCRFKGFSKGGFCQKYVHQTIGRCCCHPTGLESQESSISGDTNVVITN"", "" Source organism"": ""Arabidopsis thaliana (Mouse-ear cress)"", "" UniProt ID"": ""Q2V3J1"", "" target organism"": ""No Target Organism Found"", ""AMPDB_No_"": ""AMPDB_35400""}"
MSCFSFLVYFLLFIVTKMSQSPLSQSSHEFTVVSPYLSCFGIEECLFYLYFKLYDLCVILLCTWFDLSE,MSCFSFLVYFLLFIVTKMSQSPLSQSSHEFTVVSPYLSCFGIEECLFYLYFKLYDLCVILLCTWFDLSE,yes,69,AMPDB,AMPDB\filtered\unclassified\Fungicide_dataset.tsv,15,,,unclassified,positive,,,,,positive,unknown,,,,,unknown,No Target Organism Found,Arabidopsis thaliana (Mouse-ear cress),,,"{"" Acidic Amino Acid(s) Count"": ""3"", "" Aliphatic Index"": ""105.797"", "" Antimicrobial Activity"": ""Antimicrobial;Fungicide;Plant defense"", "" Aromaticity"": ""0.217391"", "" BRENDA ID"": ""Not found"", "" Basic Amino Acid(s) Count"": ""6"", "" BindingDB ID"": ""Not found"", "" BioCyc ID"": ""Not found"", "" BioGRID ID"": ""Not found"", "" CCDS"": ""Not found"", "" ChEMBL ID"": ""Not found"", "" Charge (at pH 7)"": ""-4.21783"", "" Counts"": ""{'A': 0, 'R': 0, 'N': 0, 'D': 2, 'C': 5, 'Q': 2, 'E': 4, 'G': 1, 'H': 1, 'I': 3, 'L': 12, 'K': 2, 'M': 2, 'F': 9, 'P': 2, 'S': 10, 'T': 3, 'W': 1, 'Y': 5, 'V': 5, 'O': 0, 'U': 0, 'B': 0, 'Z': 0, 'J': 0, 'X': 0}"", "" DIP ID"": ""Not found"", "" DrugBank ID"": ""Not found"", "" EMBL"": ""AC006266;AF160183;AL117321;CP002687;"", "" Ensembl ID"": ""Not found"", "" Enzymatic Activity"": ""Not found"", "" Frequencies"": ""{'A': 0.0, 'R': 0.0, 'N': 0.0, 'D': 0.028985507246376812, 'C': 0.07246376811594203, 'Q': 0.028985507246376812, 'E': 0.057971014492753624, 'G': 0.014492753623188406, 'H': 0.014492753623188406, 'I': 0.043478260869565216, 'L': 0.17391304347826086, 'K': 0.028985507246376812, 'M': 0.028985507246376812, 'F': 0.13043478260869565, 'P': 0.028985507246376812, 'S': 0.14492753623188406, 'T': 0.043478260869565216, 'W': 0.014492753623188406, 'Y': 0.07246376811594203, 'V': 0.07246376811594203, 'O': 0.0, 'U': 0.0, 'B': 0.0, 'Z': 0.0, 'J': 0.0, 'X': 0.0}"", "" Gene names"": ""At4g08039 F17A2 F1K3"", "" GeneTree ID"": ""Not found"", "" Hydrophilic Amino Acid(s) Count"": ""34"", "" Hydrophobic Amino Acid(s) Count"": ""35"", "" Hydrophobic Moment"": ""0.359218"", "" Hydrophobicity (GRAVY)"": ""0.891304"", "" Inhibitory Effect"": ""Not found"", "" Instability Index"": ""99.6522"", "" IntAct ID"": ""Not found"", "" InterPro ID"": ""Not found"", "" Isoelectric Point"": ""4.10256"", "" KEGG ID"": ""ath:AT4G08039;"", "" Length"": ""69"", "" Less Occurring Amino Acid(s)"": ""G; H; W"", "" MINT ID"": ""Not found"", "" Missing Amino Acid(s)"": ""A; N; R"", "" Modified Amino Acid(s) Count"": ""0"", "" Modified Amino Acid(s) Frequencies"": ""0"", "" Molar Extinction Coefficient (cysteine|cystine)"": ""(12950, 13200)"", "" Molecular Mass"": ""8137.6"", "" Most Occurring Amino Acid(s)"": ""L"", "" Other Biological Activity"": ""Non-hemolytic;Non-ribosomal"", "" PANTHER ID"": ""Not found"", "" PDB"": ""Not found"", "" PROSITE ID"": ""Not found"", "" Protein existence"": ""Uncertain"", "" Protein families"": ""DEFL family"", "" Protein names"": ""Putative defensin-like protein 312"", "" PubMed ID"": ""10617198; 27862469; 15955924"", "" RNAct ID"": ""Not found"", "" RefSeq"": ""NP_001031592.1;"", "" STRING ID"": ""Not found"", "" Secondary Structure Fraction"": ""(0.5072463768115942, 0.18840579710144928, 0.2608695652173913)"", "" Sequence"": ""MSCFSFLVYFLLFIVTKMSQSPLSQSSHEFTVVSPYLSCFGIEECLFYLYFKLYDLCVILLCTWFDLSE"", "" Source organism"": ""Arabidopsis thaliana (Mouse-ear cress)"", "" UniProt ID"": ""Q2V3K9"", "" target organism"": ""No Target Organism Found"", ""AMPDB_No_"": ""AMPDB_35407""}"
MRSISFKLLLLVSLLVVVSRYTLAYEDSCSTDEECRRNCLCDVAYCDKSRDKCDYGFMNRVDVRFPKHPYISKNKDGSGR,MRSISFKLLLLVSLLVVVSRYTLAYEDSCSTDEECRRNCLCDVAYCDKSRDKCDYGFMNRVDVRFPKHPYISKNKDGSGR,yes,80,AMPDB,AMPDB\filtered\unclassified\Fungicide_dataset.tsv,16,,,unclassified,positive,,,,,positive,unknown,,,,,unknown,No Target Organism Found,Arabidopsis thaliana (Mouse-ear cress),,,"{"" Acidic Amino Acid(s) Count"": ""15"", "" Aliphatic Index"": ""76.625"", "" Antimicrobial Activity"": ""Antimicrobial;Fungicide;Plant defense"", "" Aromaticity"": ""0.1"", "" BRENDA ID"": ""Not found"", "" Basic Amino Acid(s) Count"": ""11"", "" BindingDB ID"": ""Not found"", "" BioCyc ID"": ""Not found"", "" BioGRID ID"": ""Not found"", "" CCDS"": ""Not found"", "" ChEMBL ID"": ""Not found"", "" Charge (at pH 7)"": ""2.71989"", "" Counts"": ""{'A': 2, 'R': 8, 'N': 3, 'D': 8, 'C': 6, 'Q': 0, 'E': 3, 'G': 3, 'H': 1, 'I': 2, 'L': 8, 'K': 6, 'M': 2, 'F': 3, 'P': 2, 'S': 9, 'T': 2, 'W': 0, 'Y': 5, 'V': 7, 'O': 0, 'U': 0, 'B': 0, 'Z': 0, 'J': 0, 'X': 0}"", "" DIP ID"": ""Not found"", "" DrugBank ID"": ""Not found"", "" EMBL"": ""AL138649;AL353992;CP002686;"", "" Ensembl ID"": ""Not found"", "" Enzymatic Activity"": ""Not found"", "" Frequencies"": ""{'A': 0.025, 'R': 0.1, 'N': 0.0375, 'D': 0.1, 'C': 0.075, 'Q': 0.0, 'E': 0.0375, 'G': 0.0375, 'H': 0.0125, 'I': 0.025, 'L': 0.1, 'K': 0.075, 'M': 0.025, 'F': 0.0375, 'P': 0.025, 'S': 0.1125, 'T': 0.025, 'W': 0.0, 'Y': 0.0625, 'V': 0.0875, 'O': 0.0, 'U': 0.0, 'B': 0.0, 'Z': 0.0, 'J': 0.0, 'X': 0.0}"", "" Gene names"": ""At3g45093 F14D17 T14D3"", "" GeneTree ID"": ""Not found"", "" Hydrophilic Amino Acid(s) Count"": ""51"", "" Hydrophobic Amino Acid(s) Count"": ""29"", "" Hydrophobic Moment"": ""0.564846"", "" Hydrophobicity (GRAVY)"": ""-0.39375"", "" Inhibitory Effect"": ""Not found"", "" Instability Index"": ""49.7287"", "" IntAct ID"": ""Not found"", "" InterPro ID"": ""Not found"", "" Isoelectric Point"": ""8.36396"", "" KEGG ID"": ""ath:AT3G45093;"", "" Length"": ""80"", "" Less Occurring Amino Acid(s)"": ""H"", "" MINT ID"": ""Not found"", "" Missing Amino Acid(s)"": ""Q; W"", "" Modified Amino Acid(s) Count"": ""0"", "" Modified Amino Acid(s) Frequencies"": ""0"", "" Molar Extinction Coefficient (cysteine|cystine)"": ""(7450, 7825)"", "" Molecular Mass"": ""9281.68"", "" Most Occurring Amino Acid(s)"": ""S"", "" Other Biological Activity"": ""Non-hemolytic;Non-ribosomal"", "" PANTHER ID"": ""Not found"", "" PDB"": ""Not found"", "" PROSITE ID"": ""Not found"", "" Protein existence"": ""Uncertain"", "" Protein families"": ""DEFL family"", "" Protein names"": ""Defensin-like protein 255"", "" PubMed ID"": ""11130713; 27862469; 15955924"", "" RNAct ID"": ""Not found"", "" RefSeq"": ""NP_001030810.1;"", "" STRING ID"": ""Not found"", "" Secondary Structure Fraction"": ""(0.3125, 0.21250000000000002, 0.1875)"", "" Sequence"": ""MRSISFKLLLLVSLLVVVSRYTLAYEDSCSTDEECRRNCLCDVAYCDKSRDKCDYGFMNRVDVRFPKHPYISKNKDGSGR"", "" Source organism"": ""Arabidopsis thaliana (Mouse-ear cress)"", "" UniProt ID"": ""Q2V3Q8"", "" target organism"": ""No Target Organism Found"", ""AMPDB_No_"": ""AMPDB_35410""}"
MYLSSRTGSRLLFLVKASFNTFEKVATISSTLIYFVSHKLVSSRSCSHNFRNICGYIRHNCRKCIRFCFCTFSIKISLPLVIARRIEY,MYLSSRTGSRLLFLVKASFNTFEKVATISSTLIYFVSHKLVSSRSCSHNFRNICGYIRHNCRKCIRFCFCTFSIKISLPLVIARRIEY,yes,88,AMPDB,AMPDB\filtered\unclassified\Fungicide_dataset.tsv,17,,,unclassified,positive,,,,,positive,unknown,,,,,unknown,No Target Organism Found,Arabidopsis thaliana (Mouse-ear cress),,,"{"" Acidic Amino Acid(s) Count"": ""17"", "" Aliphatic Index"": ""95.2273"", "" Antimicrobial Activity"": ""Antimicrobial;Fungicide;Plant defense"", "" Aromaticity"": ""0.136364"", "" BRENDA ID"": ""Not found"", "" Basic Amino Acid(s) Count"": ""2"", "" BindingDB ID"": ""Not found"", "" BioCyc ID"": ""Not found"", "" BioGRID ID"": ""Not found"", "" CCDS"": ""Not found"", "" ChEMBL ID"": ""Not found"", "" Charge (at pH 7)"": ""11.8975"", "" Counts"": ""{'A': 3, 'R': 9, 'N': 4, 'D': 0, 'C': 6, 'Q': 0, 'E': 2, 'G': 2, 'H': 3, 'I': 9, 'L': 8, 'K': 5, 'M': 1, 'F': 8, 'P': 1, 'S': 13, 'T': 5, 'W': 0, 'Y': 4, 'V': 5, 'O': 0, 'U': 0, 'B': 0, 'Z': 0, 'J': 0, 'X': 0}"", "" DIP ID"": ""Not found"", "" DrugBank ID"": ""Not found"", "" EMBL"": ""AC012327;CP002686;"", "" Ensembl ID"": ""Not found"", "" Enzymatic Activity"": ""Not found"", "" Frequencies"": ""{'A': 0.03409090909090909, 'R': 0.10227272727272728, 'N': 0.045454545454545456, 'D': 0.0, 'C': 0.06818181818181818, 'Q': 0.0, 'E': 0.022727272727272728, 'G': 0.022727272727272728, 'H': 0.03409090909090909, 'I': 0.10227272727272728, 'L': 0.09090909090909091, 'K': 0.056818181818181816, 'M': 0.011363636363636364, 'F': 0.09090909090909091, 'P': 0.011363636363636364, 'S': 0.14772727272727273, 'T': 0.056818181818181816, 'W': 0.0, 'Y': 0.045454545454545456, 'V': 0.056818181818181816, 'O': 0.0, 'U': 0.0, 'B': 0.0, 'Z': 0.0, 'J': 0.0, 'X': 0.0}"", "" Gene names"": ""At3g33187 T14A11"", "" GeneTree ID"": ""Not found"", "" Hydrophilic Amino Acid(s) Count"": ""51"", "" Hydrophobic Amino Acid(s) Count"": ""37"", "" Hydrophobic Moment"": ""0.740948"", "" Hydrophobicity (GRAVY)"": ""0.278409"", "" Inhibitory Effect"": ""Not found"", "" Instability Index"": ""62.1477"", "" IntAct ID"": ""Not found"", "" InterPro ID"": ""Not found"", "" Isoelectric Point"": ""10.5942"", "" KEGG ID"": ""ath:AT3G33187;"", "" Length"": ""88"", "" Less Occurring Amino Acid(s)"": ""M; P"", "" MINT ID"": ""Not found"", "" Missing Amino Acid(s)"": ""D; Q; W"", "" Modified Amino Acid(s) Count"": ""0"", "" Modified Amino Acid(s) Frequencies"": ""0"", "" Molar Extinction Coefficient (cysteine|cystine)"": ""(5960, 6335)"", "" Molecular Mass"": ""10252.2"", "" Most Occurring Amino Acid(s)"": ""S"", "" Other Biological Activity"": ""Non-hemolytic;Non-ribosomal"", "" PANTHER ID"": ""Not found"", "" PDB"": ""Not found"", "" PROSITE ID"": ""Not found"", "" Protein existence"": ""Uncertain"", "" Protein families"": ""DEFL family"", "" Protein names"": ""Putative defensin-like protein 315"", "" PubMed ID"": ""11130713; 27862469; 15955924"", "" RNAct ID"": ""Not found"", "" RefSeq"": ""NP_001030797.1;"", "" STRING ID"": ""3702.AT3G33187.1;"", "" Secondary Structure Fraction"": ""(0.38636363636363635, 0.2272727272727273, 0.1590909090909091)"", "" Sequence"": ""MYLSSRTGSRLLFLVKASFNTFEKVATISSTLIYFVSHKLVSSRSCSHNFRNICGYIRHNCRKCIRFCFCTFSIKISLPLVIARRIEY"", "" Source organism"": ""Arabidopsis thaliana (Mouse-ear cress)"", "" UniProt ID"": ""Q2V3R5"", "" target organism"": ""No Target Organism Found"", ""AMPDB_No_"": ""AMPDB_35411""}"
MLRFVLVYIPVSVVSHTLCISLFIICSTRHTCFSKRYTCLLNICFCFFISSRIRNYF,MLRFVLVYIPVSVVSHTLCISLFIICSTRHTCFSKRYTCLLNICFCFFISSRIRNYF,yes,57,AMPDB,AMPDB\filtered\unclassified\Fungicide_dataset.tsv,18,,,unclassified,positive,,,,,positive,unknown,,,,,unknown,No Target Organism Found,Arabidopsis thaliana (Mouse-ear cress),,,"{"" Acidic Amino Acid(s) Count"": ""8"", "" Aliphatic Index"": ""114.386"", "" Antimicrobial Activity"": ""Antimicrobial;Fungicide;Plant defense"", "" Aromaticity"": ""0.175439"", "" BRENDA ID"": ""Not found"", "" Basic Amino Acid(s) Count"": ""0"", "" BindingDB ID"": ""Not found"", "" BioCyc ID"": ""Not found"", "" BioGRID ID"": ""Not found"", "" CCDS"": ""Not found"", "" ChEMBL ID"": ""Not found"", "" Charge (at pH 7)"": ""5.80509"", "" Counts"": ""{'A': 0, 'R': 5, 'N': 2, 'D': 0, 'C': 6, 'Q': 0, 'E': 0, 'G': 0, 'H': 2, 'I': 7, 'L': 6, 'K': 1, 'M': 1, 'F': 7, 'P': 1, 'S': 7, 'T': 4, 'W': 0, 'Y': 3, 'V': 5, 'O': 0, 'U': 0, 'B': 0, 'Z': 0, 'J': 0, 'X': 0}"", "" DIP ID"": ""Not found"", "" DrugBank ID"": ""Not found"", "" EMBL"": ""AP000603;CP002686;"", "" Ensembl ID"": ""Not found"", "" Enzymatic Activity"": ""Not found"", "" Frequencies"": ""{'A': 0.0, 'R': 0.08771929824561403, 'N': 0.03508771929824561, 'D': 0.0, 'C': 0.10526315789473684, 'Q': 0.0, 'E': 0.0, 'G': 0.0, 'H': 0.03508771929824561, 'I': 0.12280701754385964, 'L': 0.10526315789473684, 'K': 0.017543859649122806, 'M': 0.017543859649122806, 'F': 0.12280701754385964, 'P': 0.017543859649122806, 'S': 0.12280701754385964, 'T': 0.07017543859649122, 'W': 0.0, 'Y': 0.05263157894736842, 'V': 0.08771929824561403, 'O': 0.0, 'U': 0.0, 'B': 0.0, 'Z': 0.0, 'J': 0.0, 'X': 0.0}"", "" Gene names"": ""At3g13403 MRP15"", "" GeneTree ID"": ""Not found"", "" Hydrophilic Amino Acid(s) Count"": ""30"", "" Hydrophobic Amino Acid(s) Count"": ""27"", "" Hydrophobic Moment"": ""0.398548"", "" Hydrophobicity (GRAVY)"": ""1.0193"", "" Inhibitory Effect"": ""Not found"", "" Instability Index"": ""38.4053"", "" IntAct ID"": ""Not found"", "" InterPro ID"": ""Not found"", "" Isoelectric Point"": ""9.14844"", "" KEGG ID"": ""ath:AT3G13403;"", "" Length"": ""57"", "" Less Occurring Amino Acid(s)"": ""K; M; P"", "" MINT ID"": ""Not found"", "" Missing Amino Acid(s)"": ""A; D; E; G; Q; W"", "" Modified Amino Acid(s) Count"": ""0"", "" Modified Amino Acid(s) Frequencies"": ""0"", "" Molar Extinction Coefficient (cysteine|cystine)"": ""(4470, 4845)"", "" Molecular Mass"": ""6777.23"", "" Most Occurring Amino Acid(s)"": ""F; I; S"", "" Other Biological Activity"": ""Non-hemolytic;Non-ribosomal"", "" PANTHER ID"": ""Not found"", "" PDB"": ""Not found"", "" PROSITE ID"": ""Not found"", "" Protein existence"": ""Uncertain"", "" Protein families"": ""DEFL family"", "" Protein names"": ""Defensin-like protein 302"", "" PubMed ID"": ""10907853; 27862469; 15955924"", "" RNAct ID"": ""Not found"", "" RefSeq"": ""NP_001030686.1;"", "" STRING ID"": ""Not found"", "" Secondary Structure Fraction"": ""(0.49122807017543857, 0.17543859649122806, 0.12280701754385964)"", "" Sequence"": ""MLRFVLVYIPVSVVSHTLCISLFIICSTRHTCFSKRYTCLLNICFCFFISSRIRNYF"", "" Source organism"": ""Arabidopsis thaliana (Mouse-ear cress)"", "" UniProt ID"": ""Q2V3W5"", "" target organism"": ""No Target Organism Found"", ""AMPDB_No_"": ""AMPDB_35417""}"
MTFFLVIILAISSSNYNVLAVSGPPKCIALCRPGYYERFECFHDCITEGYDDGSCVPGPTTAKCGIITKTTNKICYSFAFE,MTFFLVIILAISSSNYNVLAVSGPPKCIALCRPGYYERFECFHDCITEGYDDGSCVPGPTTAKCGIITKTTNKICYSFAFE,yes,81,AMPDB,AMPDB\filtered\unclassified\Fungicide_dataset.tsv,19,,,unclassified,positive,,,,,positive,unknown,,,,,unknown,No Target Organism Found,Arabidopsis thaliana (Mouse-ear cress),,,"{"" Acidic Amino Acid(s) Count"": ""7"", "" Aliphatic Index"": ""78.2716"", "" Antimicrobial Activity"": ""Antimicrobial;Fungicide;Plant defense"", "" Aromaticity"": ""0.135802"", "" BRENDA ID"": ""Not found"", "" Basic Amino Acid(s) Count"": ""7"", "" BindingDB ID"": ""Not found"", "" BioCyc ID"": ""Not found"", "" BioGRID ID"": ""Not found"", "" CCDS"": ""Not found"", "" ChEMBL ID"": ""Not found"", "" Charge (at pH 7)"": ""-1.34193"", "" Counts"": ""{'A': 5, 'R': 2, 'N': 3, 'D': 3, 'C': 7, 'Q': 0, 'E': 4, 'G': 6, 'H': 1, 'I': 8, 'L': 4, 'K': 4, 'M': 1, 'F': 6, 'P': 5, 'S': 6, 'T': 7, 'W': 0, 'Y': 5, 'V': 4, 'O': 0, 'U': 0, 'B': 0, 'Z': 0, 'J': 0, 'X': 0}"", "" DIP ID"": ""Not found"", "" DrugBank ID"": ""Not found"", "" EMBL"": ""AC002341;CP002685;"", "" Ensembl ID"": ""Not found"", "" Enzymatic Activity"": ""Not found"", "" Frequencies"": ""{'A': 0.06172839506172839, 'R': 0.024691358024691357, 'N': 0.037037037037037035, 'D': 0.037037037037037035, 'C': 0.08641975308641975, 'Q': 0.0, 'E': 0.04938271604938271, 'G': 0.07407407407407407, 'H': 0.012345679012345678, 'I': 0.09876543209876543, 'L': 0.04938271604938271, 'K': 0.04938271604938271, 'M': 0.012345679012345678, 'F': 0.07407407407407407, 'P': 0.06172839506172839, 'S': 0.07407407407407407, 'T': 0.08641975308641975, 'W': 0.0, 'Y': 0.06172839506172839, 'V': 0.04938271604938271, 'O': 0.0, 'U': 0.0, 'B': 0.0, 'Z': 0.0, 'J': 0.0, 'X': 0.0}"", "" Gene names"": ""At2g34123 T14G11"", "" GeneTree ID"": ""Not found"", "" Hydrophilic Amino Acid(s) Count"": ""42"", "" Hydrophobic Amino Acid(s) Count"": ""39"", "" Hydrophobic Moment"": ""0.50975"", "" Hydrophobicity (GRAVY)"": ""0.293827"", "" Inhibitory Effect"": ""Not found"", "" Instability Index"": ""36.5988"", "" IntAct ID"": ""Not found"", "" InterPro ID"": ""Not found"", "" Isoelectric Point"": ""5.70516"", "" KEGG ID"": ""ath:AT2G34123;"", "" Length"": ""81"", "" Less Occurring Amino Acid(s)"": ""H; M"", "" MINT ID"": ""Not found"", "" Missing Amino Acid(s)"": ""Q; W"", "" Modified Amino Acid(s) Count"": ""0"", "" Modified Amino Acid(s) Frequencies"": ""0"", "" Molar Extinction Coefficient (cysteine|cystine)"": ""(7450, 7825)"", "" Molecular Mass"": ""8904.31"", "" Most Occurring Amino Acid(s)"": ""I"", "" Other Biological Activity"": ""Non-hemolytic;Non-ribosomal"", "" PANTHER ID"": ""Not found"", "" PDB"": ""Not found"", "" PROSITE ID"": ""Not found"", "" Protein existence"": ""Uncertain"", "" Protein families"": ""DEFL family"", "" Protein names"": ""Putative defensin-like protein 52"", "" PubMed ID"": ""10617197; 27862469; 15955924"", "" RNAct ID"": ""Not found"", "" RefSeq"": ""NP_001031473.1;"", "" STRING ID"": ""3702.AT2G34123.1;"", "" Secondary Structure Fraction"": ""(0.3333333333333333, 0.24691358024691357, 0.1728395061728395)"", "" Sequence"": ""MTFFLVIILAISSSNYNVLAVSGPPKCIALCRPGYYERFECFHDCITEGYDDGSCVPGPTTAKCGIITKTTNKICYSFAFE"", "" Source organism"": ""Arabidopsis thaliana (Mouse-ear cress)"", "" UniProt ID"": ""Q2V433"", "" target organism"": ""No Target Organism Found"", ""AMPDB_No_"": ""AMPDB_35423""}"
MWGRQIVLKIFFLVLSCVIVIETERIDICFIPCTRRYGDYECWFDCTYNRYKEGGCVEDVVVKHNRNRPTFRAVELCFFSIKFMYDFSMK,MWGRQIVLKIFFLVLSCVIVIETERIDICFIPCTRRYGDYECWFDCTYNRYKEGGCVEDVVVKHNRNRPTFRAVELCFFSIKFMYDFSMK,yes,90,AMPDB,AMPDB\filtered\unclassified\Fungicide_dataset.tsv,20,,,unclassified,positive,,,,,positive,unknown,,,,,unknown,No Target Organism Found,Arabidopsis thaliana (Mouse-ear cress),,,"{"" Acidic Amino Acid(s) Count"": ""14"", "" Aliphatic Index"": ""82.1111"", "" Antimicrobial Activity"": ""Antimicrobial;Fungicide;Plant defense"", "" Aromaticity"": ""0.177778"", "" BRENDA ID"": ""Not found"", "" Basic Amino Acid(s) Count"": ""11"", "" BindingDB ID"": ""Not found"", "" BioCyc ID"": ""Not found"", "" BioGRID ID"": ""Not found"", "" CCDS"": ""Not found"", "" ChEMBL ID"": ""Not found"", "" Charge (at pH 7)"": ""1.6622"", "" Counts"": ""{'A': 1, 'R': 8, 'N': 3, 'D': 5, 'C': 7, 'Q': 1, 'E': 6, 'G': 4, 'H': 1, 'I': 8, 'L': 4, 'K': 5, 'M': 3, 'F': 9, 'P': 2, 'S': 3, 'T': 4, 'W': 2, 'Y': 5, 'V': 9, 'O': 0, 'U': 0, 'B': 0, 'Z': 0, 'J': 0, 'X': 0}"", "" DIP ID"": ""Not found"", "" DrugBank ID"": ""Not found"", "" EMBL"": ""AC007167;CP002685;"", "" Ensembl ID"": ""Not found"", "" Enzymatic Activity"": ""Not found"", "" Frequencies"": ""{'A': 0.011111111111111112, 'R': 0.08888888888888889, 'N': 0.03333333333333333, 'D': 0.05555555555555555, 'C': 0.07777777777777778, 'Q': 0.011111111111111112, 'E': 0.06666666666666667, 'G': 0.044444444444444446, 'H': 0.011111111111111112, 'I': 0.08888888888888889, 'L': 0.044444444444444446, 'K': 0.05555555555555555, 'M': 0.03333333333333333, 'F': 0.1, 'P': 0.022222222222222223, 'S': 0.03333333333333333, 'T': 0.044444444444444446, 'W': 0.022222222222222223, 'Y': 0.05555555555555555, 'V': 0.1, 'O': 0.0, 'U': 0.0, 'B': 0.0, 'Z': 0.0, 'J': 0.0, 'X': 0.0}"", "" Gene names"": ""At2g03932 F3C11"", "" GeneTree ID"": ""Not found"", "" Hydrophilic Amino Acid(s) Count"": ""48"", "" Hydrophobic Amino Acid(s) Count"": ""42"", "" Hydrophobic Moment"": ""0.563182"", "" Hydrophobicity (GRAVY)"": ""0.107778"", "" Inhibitory Effect"": ""Not found"", "" Instability Index"": ""48.1367"", "" IntAct ID"": ""Not found"", "" InterPro ID"": ""Not found"", "" Isoelectric Point"": ""8.02866"", "" KEGG ID"": ""ath:AT2G03932;"", "" Length"": ""90"", "" Less Occurring Amino Acid(s)"": ""A; H; Q"", "" MINT ID"": ""Not found"", "" Modified Amino Acid(s) Count"": ""0"", "" Modified Amino Acid(s) Frequencies"": ""0"", "" Molar Extinction Coefficient (cysteine|cystine)"": ""(18450, 18825)"", "" Molecular Mass"": ""10903.8"", "" Most Occurring Amino Acid(s)"": ""F; V"", "" Other Biological Activity"": ""Non-hemolytic;Non-ribosomal"", "" PANTHER ID"": ""Not found"", "" PDB"": ""Not found"", "" PROSITE ID"": ""Not found"", "" Protein existence"": ""Uncertain"", "" Protein families"": ""DEFL family"", "" Protein names"": ""Putative defensin-like protein 64"", "" PubMed ID"": ""10617197; 27862469; 15955924"", "" RNAct ID"": ""Not found"", "" RefSeq"": ""NP_001031308.1;"", "" STRING ID"": ""3702.AT2G03932.1;"", "" Secondary Structure Fraction"": ""(0.4111111111111111, 0.13333333333333333, 0.15555555555555556)"", "" Sequence"": ""MWGRQIVLKIFFLVLSCVIVIETERIDICFIPCTRRYGDYECWFDCTYNRYKEGGCVEDVVVKHNRNRPTFRAVELCFFSIKFMYDFSMK"", "" Source organism"": ""Arabidopsis thaliana (Mouse-ear cress)"", "" UniProt ID"": ""Q2V4A7"", "" target organism"": ""No Target Organism Found"", ""AMPDB_No_"": ""AMPDB_35442""}"
MASLKVFSFALLIVLTFSVIGMIYNVESGGSLCCNSHPKFGKCNTNNDEQRCNRWCHNGCGNGKGGYYKSMSHGGQCHYYC,MASLKVFSFALLIVLTFSVIGMIYNVESGGSLCCNSHPKFGKCNTNNDEQRCNRWCHNGCGNGKGGYYKSMSHGGQCHYYC,yes,81,AMPDB,AMPDB\filtered\unclassified\Fungicide_dataset.tsv,21,,,unclassified,positive,,,,,positive,unknown,,,,,unknown,No Target Organism Found,Arabidopsis thaliana (Mouse-ear cress),,,"{"" Acidic Amino Acid(s) Count"": ""11"", "" Aliphatic Index"": ""55.3086"", "" Antimicrobial Activity"": ""Antimicrobial;Fungicide;Plant defense"", "" Aromaticity"": ""0.123457"", "" BRENDA ID"": ""Not found"", "" Basic Amino Acid(s) Count"": ""3"", "" BindingDB ID"": ""Not found"", "" BioCyc ID"": ""Not found"", "" BioGRID ID"": ""Not found"", "" CCDS"": ""Not found"", "" ChEMBL ID"": ""Not found"", "" Charge (at pH 7)"": ""3.86409"", "" Counts"": ""{'A': 2, 'R': 2, 'N': 8, 'D': 1, 'C': 8, 'Q': 2, 'E': 2, 'G': 11, 'H': 4, 'I': 3, 'L': 5, 'K': 5, 'M': 3, 'F': 4, 'P': 1, 'S': 8, 'T': 2, 'W': 1, 'Y': 5, 'V': 4, 'O': 0, 'U': 0, 'B': 0, 'Z': 0, 'J': 0, 'X': 0}"", "" DIP ID"": ""Not found"", "" DrugBank ID"": ""Not found"", "" EMBL"": ""AC069299;CP002684;"", "" Ensembl ID"": ""Not found"", "" Enzymatic Activity"": ""Not found"", "" Frequencies"": ""{'A': 0.024691358024691357, 'R': 0.024691358024691357, 'N': 0.09876543209876543, 'D': 0.012345679012345678, 'C': 0.09876543209876543, 'Q': 0.024691358024691357, 'E': 0.024691358024691357, 'G': 0.13580246913580246, 'H': 0.04938271604938271, 'I': 0.037037037037037035, 'L': 0.06172839506172839, 'K': 0.06172839506172839, 'M': 0.037037037037037035, 'F': 0.04938271604938271, 'P': 0.012345679012345678, 'S': 0.09876543209876543, 'T': 0.024691358024691357, 'W': 0.012345679012345678, 'Y': 0.06172839506172839, 'V': 0.04938271604938271, 'O': 0.0, 'U': 0.0, 'B': 0.0, 'Z': 0.0, 'J': 0.0, 'X': 0.0}"", "" Gene names"": ""At1g33607 T1E4"", "" GeneTree ID"": ""Not found"", "" Hydrophilic Amino Acid(s) Count"": ""47"", "" Hydrophobic Amino Acid(s) Count"": ""34"", "" Hydrophobic Moment"": ""0.57355"", "" Hydrophobicity (GRAVY)"": ""-0.224691"", "" Inhibitory Effect"": ""Not found"", "" Instability Index"": ""36.6235"", "" IntAct ID"": ""Not found"", "" InterPro ID"": ""IPR022618;"", "" Isoelectric Point"": ""8.40068"", "" KEGG ID"": ""ath:AT1G33607;"", "" Length"": ""81"", "" Less Occurring Amino Acid(s)"": ""D; P; W"", "" MINT ID"": ""Not found"", "" Modified Amino Acid(s) Count"": ""0"", "" Modified Amino Acid(s) Frequencies"": ""0"", "" Molar Extinction Coefficient (cysteine|cystine)"": ""(12950, 13450)"", "" Molecular Mass"": ""8939.21"", "" Most Occurring Amino Acid(s)"": ""G"", "" Other Biological Activity"": ""Non-hemolytic;Non-ribosomal"", "" PANTHER ID"": ""PTHR34453;"", "" PDB"": ""Not found"", "" PROSITE ID"": ""Not found"", "" Protein existence"": ""Uncertain"", "" Protein families"": ""DEFL family"", "" Protein names"": ""Putative defensin-like protein 26"", "" PubMed ID"": ""11130712; 27862469; 15955924"", "" RNAct ID"": ""Not found"", "" RefSeq"": ""NP_001031134.1;"", "" STRING ID"": ""Not found"", "" Secondary Structure Fraction"": ""(0.2716049382716049, 0.345679012345679, 0.14814814814814814)"", "" Sequence"": ""MASLKVFSFALLIVLTFSVIGMIYNVESGGSLCCNSHPKFGKCNTNNDEQRCNRWCHNGCGNGKGGYYKSMSHGGQCHYYC"", "" Source organism"": ""Arabidopsis thaliana (Mouse-ear cress)"", "" UniProt ID"": ""Q2V4J2"", "" target organism"": ""No Target Organism Found"", ""AMPDB_No_"": ""AMPDB_35465""}"
MASHIICYIFCIIKLSCAHVCLMSFGSSYRVGVHITHEKVAACPRQNQRLYSCDSLRILYHYSCLTTRDLLYICDCSDFENIICLIRLLLNLDFVEVKLV,MASHIICYIFCIIKLSCAHVCLMSFGSSYRVGVHITHEKVAACPRQNQRLYSCDSLRILYHYSCLTTRDLLYICDCSDFENIICLIRLLLNLDFVEVKLV,yes,100,AMPDB,AMPDB\filtered\unclassified\Fungicide_dataset.tsv,22,,,unclassified,positive,,,,,positive,unknown,,,,,unknown,No Target Organism Found,Arabidopsis thaliana (Mouse-ear cress),,,"{"" Acidic Amino Acid(s) Count"": ""14"", "" Aliphatic Index"": ""121.8"", "" Antimicrobial Activity"": ""Antimicrobial;Fungicide;Plant defense"", "" Aromaticity"": ""0.1"", "" BRENDA ID"": ""Not found"", "" Basic Amino Acid(s) Count"": ""8"", "" BindingDB ID"": ""Not found"", "" BioCyc ID"": ""Not found"", "" BioGRID ID"": ""Not found"", "" CCDS"": ""Not found"", "" ChEMBL ID"": ""Not found"", "" Charge (at pH 7)"": ""0.834333"", "" Counts"": ""{'A': 4, 'R': 6, 'N': 3, 'D': 5, 'C': 10, 'Q': 2, 'E': 3, 'G': 2, 'H': 5, 'I': 11, 'L': 14, 'K': 3, 'M': 2, 'F': 4, 'P': 1, 'S': 9, 'T': 3, 'W': 0, 'Y': 6, 'V': 7, 'O': 0, 'U': 0, 'B': 0, 'Z': 0, 'J': 0, 'X': 0}"", "" DIP ID"": ""Not found"", "" DrugBank ID"": ""Not found"", "" EMBL"": ""AC074360;AC079041;CP002684;"", "" Ensembl ID"": ""Not found"", "" Enzymatic Activity"": ""Not found"", "" Frequencies"": ""{'A': 0.04, 'R': 0.06, 'N': 0.03, 'D': 0.05, 'C': 0.1, 'Q': 0.02, 'E': 0.03, 'G': 0.02, 'H': 0.05, 'I': 0.11, 'L': 0.14, 'K': 0.03, 'M': 0.02, 'F': 0.04, 'P': 0.01, 'S': 0.09, 'T': 0.03, 'W': 0.0, 'Y': 0.06, 'V': 0.07, 'O': 0.0, 'U': 0.0, 'B': 0.0, 'Z': 0.0, 'J': 0.0, 'X': 0.0}"", "" Gene names"": ""At1g31772 F27M3 F5M6"", "" GeneTree ID"": ""Not found"", "" Hydrophilic Amino Acid(s) Count"": ""55"", "" Hydrophobic Amino Acid(s) Count"": ""45"", "" Hydrophobic Moment"": ""0.571488"", "" Hydrophobicity (GRAVY)"": ""0.596"", "" Inhibitory Effect"": ""Not found"", "" Instability Index"": ""59.609"", "" IntAct ID"": ""Not found"", "" InterPro ID"": ""Not found"", "" Isoelectric Point"": ""7.64144"", "" KEGG ID"": ""ath:AT1G31772;"", "" Length"": ""100"", "" Less Occurring Amino Acid(s)"": ""P"", "" MINT ID"": ""Not found"", "" Missing Amino Acid(s)"": ""W"", "" Modified Amino Acid(s) Count"": ""0"", "" Modified Amino Acid(s) Frequencies"": ""0"", "" Molar Extinction Coefficient (cysteine|cystine)"": ""(8940, 9565)"", "" Molecular Mass"": ""11553.7"", "" Most Occurring Amino Acid(s)"": ""L"", "" Other Biological Activity"": ""Non-hemolytic;Non-ribosomal"", "" PANTHER ID"": ""Not found"", "" PDB"": ""Not found"", "" PROSITE ID"": ""Not found"", "" Protein existence"": ""Uncertain"", "" Protein families"": ""DEFL family"", "" Protein names"": ""Defensin-like protein 316"", "" PubMed ID"": ""11130712; 27862469; 15955924"", "" RNAct ID"": ""Not found"", "" RefSeq"": ""NP_001031123.1;"", "" STRING ID"": ""Not found"", "" Secondary Structure Fraction"": ""(0.42, 0.15, 0.23)"", "" Sequence"": ""MASHIICYIFCIIKLSCAHVCLMSFGSSYRVGVHITHEKVAACPRQNQRLYSCDSLRILYHYSCLTTRDLLYICDCSDFENIICLIRLLLNLDFVEVKLV"", "" Source organism"": ""Arabidopsis thaliana (Mouse-ear cress)"", "" UniProt ID"": ""Q2V4J8"", "" target organism"": ""No Target Organism Found"", ""AMPDB_No_"": ""AMPDB_35467""}"
MSNLRLTIAVFLAALFQTLWWKPRGKRPQSNFHAKRIRTVLQTLLVMLCTDYRCDKGLCKCHGFGGEKENPTAAPLTA,MSNLRLTIAVFLAALFQTLWWKPRGKRPQSNFHAKRIRTVLQTLLVMLCTDYRCDKGLCKCHGFGGEKENPTAAPLTA,yes,78,AMPDB,AMPDB\filtered\unclassified\Fungicide_dataset.tsv,23,,,unclassified,positive,,,,,positive,unknown,,,,,unknown,No Target Organism Found,Arabidopsis thaliana (Mouse-ear cress),,,"{"" Acidic Amino Acid(s) Count"": ""14"", "" Aliphatic Index"": ""85.1282"", "" Antimicrobial Activity"": ""Antimicrobial;Fungicide;Plant defense"", "" Aromaticity"": ""0.0897436"", "" BRENDA ID"": ""Not found"", "" Basic Amino Acid(s) Count"": ""4"", "" BindingDB ID"": ""Not found"", "" BioCyc ID"": ""Not found"", "" BioGRID ID"": ""Not found"", "" CCDS"": ""Not found"", "" ChEMBL ID"": ""Not found"", "" Charge (at pH 7)"": ""7.93371"", "" Counts"": ""{'A': 7, 'R': 6, 'N': 3, 'D': 2, 'C': 4, 'Q': 3, 'E': 2, 'G': 5, 'H': 2, 'I': 2, 'L': 11, 'K': 6, 'M': 2, 'F': 4, 'P': 4, 'S': 2, 'T': 7, 'W': 2, 'Y': 1, 'V': 3, 'O': 0, 'U': 0, 'B': 0, 'Z': 0, 'J': 0, 'X': 0}"", "" DIP ID"": ""Not found"", "" DrugBank ID"": ""Not found"", "" EMBL"": ""AC027134;AC027656;CP002684;"", "" Ensembl ID"": ""Not found"", "" Enzymatic Activity"": ""Not found"", "" Frequencies"": ""{'A': 0.08974358974358974, 'R': 0.07692307692307693, 'N': 0.038461538461538464, 'D': 0.02564102564102564, 'C': 0.05128205128205128, 'Q': 0.038461538461538464, 'E': 0.02564102564102564, 'G': 0.0641025641025641, 'H': 0.02564102564102564, 'I': 0.02564102564102564, 'L': 0.14102564102564102, 'K': 0.07692307692307693, 'M': 0.02564102564102564, 'F': 0.05128205128205128, 'P': 0.05128205128205128, 'S': 0.02564102564102564, 'T': 0.08974358974358974, 'W': 0.02564102564102564, 'Y': 0.01282051282051282, 'V': 0.038461538461538464, 'O': 0.0, 'U': 0.0, 'B': 0.0, 'Z': 0.0, 'J': 0.0, 'X': 0.0}"", "" Gene names"": ""At1g13608 F13B4 F21F23"", "" GeneTree ID"": ""Not found"", "" Hydrophilic Amino Acid(s) Count"": ""38"", "" Hydrophobic Amino Acid(s) Count"": ""40"", "" Hydrophobic Moment"": ""0.648312"", "" Hydrophobicity (GRAVY)"": ""-0.112821"", "" Inhibitory Effect"": ""Not found"", "" Instability Index"": ""45.9526"", "" IntAct ID"": ""Not found"", "" InterPro ID"": ""Not found"", "" Isoelectric Point"": ""10.5711"", "" KEGG ID"": ""ath:AT1G13608;"", "" Length"": ""78"", "" Less Occurring Amino Acid(s)"": ""Y"", "" MINT ID"": ""Not found"", "" Modified Amino Acid(s) Count"": ""0"", "" Modified Amino Acid(s) Frequencies"": ""0"", "" Molar Extinction Coefficient (cysteine|cystine)"": ""(12490, 12740)"", "" Molecular Mass"": ""8834.47"", "" Most Occurring Amino Acid(s)"": ""L"", "" Other Biological Activity"": ""Non-hemolytic;Non-ribosomal"", "" PANTHER ID"": ""Not found"", "" PDB"": ""Not found"", "" PROSITE ID"": ""Not found"", "" Protein existence"": ""Uncertain"", "" Protein families"": ""DEFL family"", "" Protein names"": ""Putative defensin-like protein 288"", "" PubMed ID"": ""11130712; 27862469; 15955924"", "" RNAct ID"": ""Not found"", "" RefSeq"": ""NP_001031040.1;"", "" STRING ID"": ""Not found"", "" Secondary Structure Fraction"": ""(0.2948717948717948, 0.1794871794871795, 0.28205128205128205)"", "" Sequence"": ""MSNLRLTIAVFLAALFQTLWWKPRGKRPQSNFHAKRIRTVLQTLLVMLCTDYRCDKGLCKCHGFGGEKENPTAAPLTA"", "" Source organism"": ""Arabidopsis thaliana (Mouse-ear cress)"", "" UniProt ID"": ""Q2V4N5"", "" target organism"": ""No Target Organism Found"", ""AMPDB_No_"": ""AMPDB_35472""}"
MTTKKTSSVVLPLLLVFALILMPMVAGQLKSTCRIAEAWKGAKECNAKCAALGTTRGGVCQKFLGDLYCCCWD,MTTKKTSSVVLPLLLVFALILMPMVAGQLKSTCRIAEAWKGAKECNAKCAALGTTRGGVCQKFLGDLYCCCWD,yes,73,AMPDB,AMPDB\filtered\unclassified\Fungicide_dataset.tsv,24,,,unclassified,positive,,,,,positive,unknown,,,,,unknown,No Target Organism Found,Arabidopsis thaliana (Mouse-ear cress),,,"{"" Acidic Amino Acid(s) Count"": ""9"", "" Aliphatic Index"": ""94.9315"", "" Antimicrobial Activity"": ""Antimicrobial;Fungicide;Plant defense"", "" Aromaticity"": ""0.0684932"", "" BRENDA ID"": ""Not found"", "" Basic Amino Acid(s) Count"": ""4"", "" BindingDB ID"": ""Not found"", "" BioCyc ID"": ""Not found"", "" BioGRID ID"": ""30165;"", "" CCDS"": ""Not found"", "" ChEMBL ID"": ""Not found"", "" Charge (at pH 7)"": ""4.56568"", "" Counts"": ""{'A': 8, 'R': 2, 'N': 1, 'D': 2, 'C': 7, 'Q': 2, 'E': 2, 'G': 6, 'H': 0, 'I': 2, 'L': 10, 'K': 7, 'M': 3, 'F': 2, 'P': 2, 'S': 3, 'T': 6, 'W': 2, 'Y': 1, 'V': 5, 'O': 0, 'U': 0, 'B': 0, 'Z': 0, 'J': 0, 'X': 0}"", "" DIP ID"": ""Not found"", "" DrugBank ID"": ""Not found"", "" EMBL"": ""AC007266;CP002685;BT026394;"", "" Ensembl ID"": ""Not found"", "" Enzymatic Activity"": ""Not found"", "" Frequencies"": ""{'A': 0.1095890410958904, 'R': 0.0273972602739726, 'N': 0.0136986301369863, 'D': 0.0273972602739726, 'C': 0.0958904109589041, 'Q': 0.0273972602739726, 'E': 0.0273972602739726, 'G': 0.0821917808219178, 'H': 0.0, 'I': 0.0273972602739726, 'L': 0.136986301369863, 'K': 0.0958904109589041, 'M': 0.0410958904109589, 'F': 0.0273972602739726, 'P': 0.0273972602739726, 'S': 0.0410958904109589, 'T': 0.0821917808219178, 'W': 0.0273972602739726, 'Y': 0.0136986301369863, 'V': 0.0684931506849315, 'O': 0.0, 'U': 0.0, 'B': 0.0, 'Z': 0.0, 'J': 0.0, 'X': 0.0}"", "" Gene names"": ""At2g24693 F27A10"", "" GeneTree ID"": ""Not found"", "" Hydrophilic Amino Acid(s) Count"": ""33"", "" Hydrophobic Amino Acid(s) Count"": ""40"", "" Hydrophobic Moment"": ""0.585502"", "" Hydrophobicity (GRAVY)"": ""0.480822"", "" Inhibitory Effect"": ""Not found"", "" Instability Index"": ""26.4753"", "" IntAct ID"": ""Q3E7S1;"", "" InterPro ID"": ""Not found"", "" Isoelectric Point"": ""8.71242"", "" KEGG ID"": ""ath:AT2G24693;"", "" Length"": ""73"", "" Less Occurring Amino Acid(s)"": ""N; Y"", "" MINT ID"": ""Not found"", "" Missing Amino Acid(s)"": ""H"", "" Modified Amino Acid(s) Count"": ""0"", "" Modified Amino Acid(s) Frequencies"": ""0"", "" Molar Extinction Coefficient (cysteine|cystine)"": ""(12490, 12865)"", "" Molecular Mass"": ""7858.5"", "" Most Occurring Amino Acid(s)"": ""L"", "" Other Biological Activity"": ""Non-hemolytic;Non-ribosomal"", "" PANTHER ID"": ""Not found"", "" PDB"": ""Not found"", "" PROSITE ID"": ""Not found"", "" Protein existence"": ""Uncertain"", "" Protein families"": ""DEFL family"", "" Protein names"": ""Defensin-like protein 87"", "" PubMed ID"": ""10617197; 27862469; 15955924"", "" RNAct ID"": ""Not found"", "" RefSeq"": ""NP_973529.1;"", "" STRING ID"": ""Not found"", "" Secondary Structure Fraction"": ""(0.3013698630136986, 0.1643835616438356, 0.3150684931506849)"", "" Sequence"": ""MTTKKTSSVVLPLLLVFALILMPMVAGQLKSTCRIAEAWKGAKECNAKCAALGTTRGGVCQKFLGDLYCCCWD"", "" Source organism"": ""Arabidopsis thaliana (Mouse-ear cress)"", "" UniProt ID"": ""Q3E7S1"", "" target organism"": ""No Target Organism Found"", ""AMPDB_No_"": ""AMPDB_35592""}"
MTQGKRKHPCDLKNPSKRAPPATCNKPNGAILCGDFCLHEGYNIGKCVMRRTGKACICSQCEGW,MTQGKRKHPCDLKNPSKRAPPATCNKPNGAILCGDFCLHEGYNIGKCVMRRTGKACICSQCEGW,yes,64,AMPDB,AMPDB\filtered\unclassified\Fungicide_dataset.tsv,25,,,unclassified,positive,,,,,positive,unknown,,,,,unknown,No Target Organism Found,Arabidopsis thaliana (Mouse-ear cress),,,"{"" Acidic Amino Acid(s) Count"": ""13"", "" Aliphatic Index"": ""47.3438"", "" Antimicrobial Activity"": ""Antimicrobial;Fungicide;Plant defense"", "" Aromaticity"": ""0.046875"", "" BRENDA ID"": ""Not found"", "" Basic Amino Acid(s) Count"": ""4"", "" BindingDB ID"": ""Not found"", "" BioCyc ID"": ""Not found"", "" BioGRID ID"": ""Not found"", "" CCDS"": ""Not found"", "" ChEMBL ID"": ""Not found"", "" Charge (at pH 7)"": ""6.68552"", "" Counts"": ""{'A': 4, 'R': 4, 'N': 4, 'D': 2, 'C': 8, 'Q': 2, 'E': 2, 'G': 7, 'H': 2, 'I': 3, 'L': 3, 'K': 7, 'M': 2, 'F': 1, 'P': 5, 'S': 2, 'T': 3, 'W': 1, 'Y': 1, 'V': 1, 'O': 0, 'U': 0, 'B': 0, 'Z': 0, 'J': 0, 'X': 0}"", "" DIP ID"": ""Not found"", "" DrugBank ID"": ""Not found"", "" EMBL"": ""AB009050;CP002688;BT025633;AY089016;"", "" Ensembl ID"": ""Not found"", "" Enzymatic Activity"": ""Not found"", "" Frequencies"": ""{'A': 0.0625, 'R': 0.0625, 'N': 0.0625, 'D': 0.03125, 'C': 0.125, 'Q': 0.03125, 'E': 0.03125, 'G': 0.109375, 'H': 0.03125, 'I': 0.046875, 'L': 0.046875, 'K': 0.109375, 'M': 0.03125, 'F': 0.015625, 'P': 0.078125, 'S': 0.03125, 'T': 0.046875, 'W': 0.015625, 'Y': 0.015625, 'V': 0.015625, 'O': 0.0, 'U': 0.0, 'B': 0.0, 'Z': 0.0, 'J': 0.0, 'X': 0.0}"", "" Gene names"": ""At5g55565 MDF20"", "" GeneTree ID"": ""Not found"", "" Hydrophilic Amino Acid(s) Count"": ""37"", "" Hydrophobic Amino Acid(s) Count"": ""27"", "" Hydrophobic Moment"": ""0.639891"", "" Hydrophobicity (GRAVY)"": ""-0.632812"", "" Inhibitory Effect"": ""Not found"", "" Instability Index"": ""51.1844"", "" IntAct ID"": ""Not found"", "" InterPro ID"": ""Not found"", "" Isoelectric Point"": ""9.00685"", "" KEGG ID"": ""ath:AT5G55565;"", "" Length"": ""64"", "" Less Occurring Amino Acid(s)"": ""F; V; W; Y"", "" MINT ID"": ""Not found"", "" Modified Amino Acid(s) Count"": ""0"", "" Modified Amino Acid(s) Frequencies"": ""0"", "" Molar Extinction Coefficient (cysteine|cystine)"": ""(6990, 7490)"", "" Molecular Mass"": ""7024.23"", "" Most Occurring Amino Acid(s)"": ""C"", "" Other Biological Activity"": ""Non-hemolytic;Non-ribosomal"", "" PANTHER ID"": ""Not found"", "" PDB"": ""Not found"", "" PROSITE ID"": ""Not found"", "" Protein existence"": ""Uncertain"", "" Protein families"": ""DEFL family"", "" Protein names"": ""Defensin-like protein 41"", "" PubMed ID"": ""9628582; 27862469; 15955924"", "" RNAct ID"": ""Not found"", "" RefSeq"": ""NP_974938.1;"", "" STRING ID"": ""Not found"", "" Secondary Structure Fraction"": ""(0.15625, 0.28125, 0.171875)"", "" Sequence"": ""MTQGKRKHPCDLKNPSKRAPPATCNKPNGAILCGDFCLHEGYNIGKCVMRRTGKACICSQCEGW"", "" Source organism"": ""Arabidopsis thaliana (Mouse-ear cress)"", "" UniProt ID"": ""Q3E8B0"", "" target organism"": ""No Target Organism Found"", ""AMPDB_No_"": ""AMPDB_35593""}"
